complex_id	complex_name	gene
0	TNF-alpha Signaling via NF-kB	ABCA1
0	TNF-alpha Signaling via NF-kB	ACKR3
0	TNF-alpha Signaling via NF-kB	AREG
0	TNF-alpha Signaling via NF-kB	ATF3
0	TNF-alpha Signaling via NF-kB	ATP2B1
0	TNF-alpha Signaling via NF-kB	B4GALT1
0	TNF-alpha Signaling via NF-kB	B4GALT5
0	TNF-alpha Signaling via NF-kB	BCL2A1
0	TNF-alpha Signaling via NF-kB	BCL3
0	TNF-alpha Signaling via NF-kB	BCL6
0	TNF-alpha Signaling via NF-kB	BHLHE40
0	TNF-alpha Signaling via NF-kB	BIRC2
0	TNF-alpha Signaling via NF-kB	BIRC3
0	TNF-alpha Signaling via NF-kB	BMP2
0	TNF-alpha Signaling via NF-kB	BTG1
0	TNF-alpha Signaling via NF-kB	BTG2
0	TNF-alpha Signaling via NF-kB	BTG3
0	TNF-alpha Signaling via NF-kB	CCL2
0	TNF-alpha Signaling via NF-kB	CCL20
0	TNF-alpha Signaling via NF-kB	CCL4
0	TNF-alpha Signaling via NF-kB	CCL5
0	TNF-alpha Signaling via NF-kB	CCN1
0	TNF-alpha Signaling via NF-kB	CCND1
0	TNF-alpha Signaling via NF-kB	CCNL1
0	TNF-alpha Signaling via NF-kB	CCRL2
0	TNF-alpha Signaling via NF-kB	CD44
0	TNF-alpha Signaling via NF-kB	CD69
0	TNF-alpha Signaling via NF-kB	CD80
0	TNF-alpha Signaling via NF-kB	CD83
0	TNF-alpha Signaling via NF-kB	CDKN1A
0	TNF-alpha Signaling via NF-kB	CEBPB
0	TNF-alpha Signaling via NF-kB	CEBPD
0	TNF-alpha Signaling via NF-kB	CFLAR
0	TNF-alpha Signaling via NF-kB	CLCF1
0	TNF-alpha Signaling via NF-kB	CSF1
0	TNF-alpha Signaling via NF-kB	CSF2
0	TNF-alpha Signaling via NF-kB	CXCL1
0	TNF-alpha Signaling via NF-kB	CXCL10
0	TNF-alpha Signaling via NF-kB	CXCL11
0	TNF-alpha Signaling via NF-kB	CXCL2
0	TNF-alpha Signaling via NF-kB	CXCL3
0	TNF-alpha Signaling via NF-kB	CXCL6
0	TNF-alpha Signaling via NF-kB	DDX58
0	TNF-alpha Signaling via NF-kB	DENND5A
0	TNF-alpha Signaling via NF-kB	DNAJB4
0	TNF-alpha Signaling via NF-kB	DRAM1
0	TNF-alpha Signaling via NF-kB	DUSP1
0	TNF-alpha Signaling via NF-kB	DUSP2
0	TNF-alpha Signaling via NF-kB	DUSP4
0	TNF-alpha Signaling via NF-kB	DUSP5
0	TNF-alpha Signaling via NF-kB	EDN1
0	TNF-alpha Signaling via NF-kB	EFNA1
0	TNF-alpha Signaling via NF-kB	EGR1
0	TNF-alpha Signaling via NF-kB	EGR2
0	TNF-alpha Signaling via NF-kB	EGR3
0	TNF-alpha Signaling via NF-kB	EHD1
0	TNF-alpha Signaling via NF-kB	EIF1
0	TNF-alpha Signaling via NF-kB	ETS2
0	TNF-alpha Signaling via NF-kB	F2RL1
0	TNF-alpha Signaling via NF-kB	F3
0	TNF-alpha Signaling via NF-kB	FJX1
0	TNF-alpha Signaling via NF-kB	FOS
0	TNF-alpha Signaling via NF-kB	FOSB
0	TNF-alpha Signaling via NF-kB	FOSL1
0	TNF-alpha Signaling via NF-kB	FOSL2
0	TNF-alpha Signaling via NF-kB	FUT4
0	TNF-alpha Signaling via NF-kB	G0S2
0	TNF-alpha Signaling via NF-kB	GADD45A
0	TNF-alpha Signaling via NF-kB	GADD45B
0	TNF-alpha Signaling via NF-kB	GCH1
0	TNF-alpha Signaling via NF-kB	GEM
0	TNF-alpha Signaling via NF-kB	GFPT2
0	TNF-alpha Signaling via NF-kB	GPR183
0	TNF-alpha Signaling via NF-kB	HBEGF
0	TNF-alpha Signaling via NF-kB	HES1
0	TNF-alpha Signaling via NF-kB	ICAM1
0	TNF-alpha Signaling via NF-kB	ICOSLG
0	TNF-alpha Signaling via NF-kB	ID2
0	TNF-alpha Signaling via NF-kB	IER2
0	TNF-alpha Signaling via NF-kB	IER3
0	TNF-alpha Signaling via NF-kB	IER5
0	TNF-alpha Signaling via NF-kB	IFIH1
0	TNF-alpha Signaling via NF-kB	IFIT2
0	TNF-alpha Signaling via NF-kB	IFNGR2
0	TNF-alpha Signaling via NF-kB	IL12B
0	TNF-alpha Signaling via NF-kB	IL15RA
0	TNF-alpha Signaling via NF-kB	IL18
0	TNF-alpha Signaling via NF-kB	IL1A
0	TNF-alpha Signaling via NF-kB	IL1B
0	TNF-alpha Signaling via NF-kB	IL23A
0	TNF-alpha Signaling via NF-kB	IL6
0	TNF-alpha Signaling via NF-kB	IL6ST
0	TNF-alpha Signaling via NF-kB	IL7R
0	TNF-alpha Signaling via NF-kB	INHBA
0	TNF-alpha Signaling via NF-kB	IRF1
0	TNF-alpha Signaling via NF-kB	IRS2
0	TNF-alpha Signaling via NF-kB	JAG1
0	TNF-alpha Signaling via NF-kB	JUN
0	TNF-alpha Signaling via NF-kB	JUNB
0	TNF-alpha Signaling via NF-kB	KDM6B
0	TNF-alpha Signaling via NF-kB	KLF10
0	TNF-alpha Signaling via NF-kB	KLF2
0	TNF-alpha Signaling via NF-kB	KLF4
0	TNF-alpha Signaling via NF-kB	KLF6
0	TNF-alpha Signaling via NF-kB	KLF9
0	TNF-alpha Signaling via NF-kB	KYNU
0	TNF-alpha Signaling via NF-kB	LAMB3
0	TNF-alpha Signaling via NF-kB	LDLR
0	TNF-alpha Signaling via NF-kB	LIF
0	TNF-alpha Signaling via NF-kB	LITAF
0	TNF-alpha Signaling via NF-kB	MAFF
0	TNF-alpha Signaling via NF-kB	MAP2K3
0	TNF-alpha Signaling via NF-kB	MAP3K8
0	TNF-alpha Signaling via NF-kB	MARCKS
0	TNF-alpha Signaling via NF-kB	MCL1
0	TNF-alpha Signaling via NF-kB	MSC
0	TNF-alpha Signaling via NF-kB	MXD1
0	TNF-alpha Signaling via NF-kB	MYC
0	TNF-alpha Signaling via NF-kB	NAMPT
0	TNF-alpha Signaling via NF-kB	NFAT5
0	TNF-alpha Signaling via NF-kB	NFE2L2
0	TNF-alpha Signaling via NF-kB	NFIL3
0	TNF-alpha Signaling via NF-kB	NFKB1
0	TNF-alpha Signaling via NF-kB	NFKB2
0	TNF-alpha Signaling via NF-kB	NFKBIA
0	TNF-alpha Signaling via NF-kB	NFKBIE
0	TNF-alpha Signaling via NF-kB	NINJ1
0	TNF-alpha Signaling via NF-kB	NR4A1
0	TNF-alpha Signaling via NF-kB	NR4A2
0	TNF-alpha Signaling via NF-kB	NR4A3
0	TNF-alpha Signaling via NF-kB	OLR1
0	TNF-alpha Signaling via NF-kB	PANX1
0	TNF-alpha Signaling via NF-kB	PDE4B
0	TNF-alpha Signaling via NF-kB	PDLIM5
0	TNF-alpha Signaling via NF-kB	PER1
0	TNF-alpha Signaling via NF-kB	PFKFB3
0	TNF-alpha Signaling via NF-kB	PHLDA1
0	TNF-alpha Signaling via NF-kB	PHLDA2
0	TNF-alpha Signaling via NF-kB	PLAU
0	TNF-alpha Signaling via NF-kB	PLAUR
0	TNF-alpha Signaling via NF-kB	PLEK
0	TNF-alpha Signaling via NF-kB	PLK2
0	TNF-alpha Signaling via NF-kB	PLPP3
0	TNF-alpha Signaling via NF-kB	PMEPA1
0	TNF-alpha Signaling via NF-kB	PNRC1
0	TNF-alpha Signaling via NF-kB	PPP1R15A
0	TNF-alpha Signaling via NF-kB	PTGER4
0	TNF-alpha Signaling via NF-kB	PTGS2
0	TNF-alpha Signaling via NF-kB	PTPRE
0	TNF-alpha Signaling via NF-kB	PTX3
0	TNF-alpha Signaling via NF-kB	RCAN1
0	TNF-alpha Signaling via NF-kB	REL
0	TNF-alpha Signaling via NF-kB	RELA
0	TNF-alpha Signaling via NF-kB	RELB
0	TNF-alpha Signaling via NF-kB	RHOB
0	TNF-alpha Signaling via NF-kB	RIPK2
0	TNF-alpha Signaling via NF-kB	RNF19B
0	TNF-alpha Signaling via NF-kB	SAT1
0	TNF-alpha Signaling via NF-kB	SDC4
0	TNF-alpha Signaling via NF-kB	SERPINB2
0	TNF-alpha Signaling via NF-kB	SERPINB8
0	TNF-alpha Signaling via NF-kB	SERPINE1
0	TNF-alpha Signaling via NF-kB	SGK1
0	TNF-alpha Signaling via NF-kB	SIK1
0	TNF-alpha Signaling via NF-kB	SLC16A6
0	TNF-alpha Signaling via NF-kB	SLC2A3
0	TNF-alpha Signaling via NF-kB	SLC2A6
0	TNF-alpha Signaling via NF-kB	SMAD3
0	TNF-alpha Signaling via NF-kB	SNN
0	TNF-alpha Signaling via NF-kB	SOCS3
0	TNF-alpha Signaling via NF-kB	SOD2
0	TNF-alpha Signaling via NF-kB	SPHK1
0	TNF-alpha Signaling via NF-kB	SPSB1
0	TNF-alpha Signaling via NF-kB	SQSTM1
0	TNF-alpha Signaling via NF-kB	STAT5A
0	TNF-alpha Signaling via NF-kB	TANK
0	TNF-alpha Signaling via NF-kB	TAP1
0	TNF-alpha Signaling via NF-kB	TGIF1
0	TNF-alpha Signaling via NF-kB	TIPARP
0	TNF-alpha Signaling via NF-kB	TLR2
0	TNF-alpha Signaling via NF-kB	TNC
0	TNF-alpha Signaling via NF-kB	TNF
0	TNF-alpha Signaling via NF-kB	TNFAIP2
0	TNF-alpha Signaling via NF-kB	TNFAIP3
0	TNF-alpha Signaling via NF-kB	TNFAIP6
0	TNF-alpha Signaling via NF-kB	TNFAIP8
0	TNF-alpha Signaling via NF-kB	TNFRSF9
0	TNF-alpha Signaling via NF-kB	TNFSF9
0	TNF-alpha Signaling via NF-kB	TNIP1
0	TNF-alpha Signaling via NF-kB	TNIP2
0	TNF-alpha Signaling via NF-kB	TRAF1
0	TNF-alpha Signaling via NF-kB	TRIB1
0	TNF-alpha Signaling via NF-kB	TRIP10
0	TNF-alpha Signaling via NF-kB	TSC22D1
0	TNF-alpha Signaling via NF-kB	TUBB2A
0	TNF-alpha Signaling via NF-kB	VEGFA
0	TNF-alpha Signaling via NF-kB	YRDC
0	TNF-alpha Signaling via NF-kB	ZBTB10
0	TNF-alpha Signaling via NF-kB	ZC3H12A
0	TNF-alpha Signaling via NF-kB	ZFP36
1	Hypoxia	ACKR3
1	Hypoxia	ADM
1	Hypoxia	ADORA2B
1	Hypoxia	AK4
1	Hypoxia	AKAP12
1	Hypoxia	ALDOA
1	Hypoxia	ALDOB
1	Hypoxia	ALDOC
1	Hypoxia	AMPD3
1	Hypoxia	ANGPTL4
1	Hypoxia	ANKZF1
1	Hypoxia	ANXA2
1	Hypoxia	ATF3
1	Hypoxia	ATP7A
1	Hypoxia	B3GALT6
1	Hypoxia	B4GALNT2
1	Hypoxia	BCAN
1	Hypoxia	BCL2
1	Hypoxia	BGN
1	Hypoxia	BHLHE40
1	Hypoxia	BNIP3L
1	Hypoxia	BRS3
1	Hypoxia	BTG1
1	Hypoxia	CA12
1	Hypoxia	CASP6
1	Hypoxia	CAV1
1	Hypoxia	CAVIN1
1	Hypoxia	CAVIN3
1	Hypoxia	CCN1
1	Hypoxia	CCN2
1	Hypoxia	CCN5
1	Hypoxia	CCNG2
1	Hypoxia	CDKN1A
1	Hypoxia	CDKN1B
1	Hypoxia	CDKN1C
1	Hypoxia	CHST2
1	Hypoxia	CHST3
1	Hypoxia	CITED2
1	Hypoxia	COL5A1
1	Hypoxia	CP
1	Hypoxia	CSRP2
1	Hypoxia	CXCR4
1	Hypoxia	DCN
1	Hypoxia	DDIT3
1	Hypoxia	DDIT4
1	Hypoxia	DPYSL4
1	Hypoxia	DTNA
1	Hypoxia	DUSP1
1	Hypoxia	EDN2
1	Hypoxia	EFNA1
1	Hypoxia	EFNA3
1	Hypoxia	EGFR
1	Hypoxia	ENO1
1	Hypoxia	ENO2
1	Hypoxia	ENO3
1	Hypoxia	ERO1A
1	Hypoxia	ERRFI1
1	Hypoxia	ETS1
1	Hypoxia	EXT1
1	Hypoxia	F3
1	Hypoxia	FAM162A
1	Hypoxia	FBP1
1	Hypoxia	FOS
1	Hypoxia	FOSL2
1	Hypoxia	FOXO3
1	Hypoxia	GAA
1	Hypoxia	GALK1
1	Hypoxia	GAPDH
1	Hypoxia	GAPDHS
1	Hypoxia	GBE1
1	Hypoxia	GCK
1	Hypoxia	GCNT2
1	Hypoxia	GLRX
1	Hypoxia	GPC1
1	Hypoxia	GPC3
1	Hypoxia	GPC4
1	Hypoxia	GPI
1	Hypoxia	GRHPR
1	Hypoxia	GYS1
1	Hypoxia	HAS1
1	Hypoxia	HDLBP
1	Hypoxia	HEXA
1	Hypoxia	HK1
1	Hypoxia	HK2
1	Hypoxia	HMOX1
1	Hypoxia	HOXB9
1	Hypoxia	HS3ST1
1	Hypoxia	HSPA5
1	Hypoxia	IDS
1	Hypoxia	IER3
1	Hypoxia	IGFBP1
1	Hypoxia	IGFBP3
1	Hypoxia	IL6
1	Hypoxia	ILVBL
1	Hypoxia	INHA
1	Hypoxia	IRS2
1	Hypoxia	ISG20
1	Hypoxia	JMJD6
1	Hypoxia	JUN
1	Hypoxia	KDELR3
1	Hypoxia	KDM3A
1	Hypoxia	KIF5A
1	Hypoxia	KLF6
1	Hypoxia	KLF7
1	Hypoxia	KLHL24
1	Hypoxia	LALBA
1	Hypoxia	LARGE1
1	Hypoxia	LDHA
1	Hypoxia	LDHC
1	Hypoxia	LOX
1	Hypoxia	LXN
1	Hypoxia	MAFF
1	Hypoxia	MAP3K1
1	Hypoxia	MIF
1	Hypoxia	MT1E
1	Hypoxia	MT2A
1	Hypoxia	MXI1
1	Hypoxia	MYH9
1	Hypoxia	NAGK
1	Hypoxia	NCAN
1	Hypoxia	NDRG1
1	Hypoxia	NDST1
1	Hypoxia	NDST2
1	Hypoxia	NEDD4L
1	Hypoxia	NFIL3
1	Hypoxia	NOCT
1	Hypoxia	NR3C1
1	Hypoxia	P4HA1
1	Hypoxia	P4HA2
1	Hypoxia	PAM
1	Hypoxia	PCK1
1	Hypoxia	PDGFB
1	Hypoxia	PDK1
1	Hypoxia	PDK3
1	Hypoxia	PFKFB3
1	Hypoxia	PFKL
1	Hypoxia	PFKP
1	Hypoxia	PGAM2
1	Hypoxia	PGF
1	Hypoxia	PGK1
1	Hypoxia	PGM1
1	Hypoxia	PGM2
1	Hypoxia	PHKG1
1	Hypoxia	PIM1
1	Hypoxia	PKLR
1	Hypoxia	PKP1
1	Hypoxia	PLAC8
1	Hypoxia	PLAUR
1	Hypoxia	PLIN2
1	Hypoxia	PNRC1
1	Hypoxia	PPARGC1A
1	Hypoxia	PPFIA4
1	Hypoxia	PPP1R15A
1	Hypoxia	PPP1R3C
1	Hypoxia	PRDX5
1	Hypoxia	PRKCA
1	Hypoxia	PYGM
1	Hypoxia	RBPJ
1	Hypoxia	RORA
1	Hypoxia	RRAGD
1	Hypoxia	S100A4
1	Hypoxia	SAP30
1	Hypoxia	SCARB1
1	Hypoxia	SDC2
1	Hypoxia	SDC3
1	Hypoxia	SDC4
1	Hypoxia	SELENBP1
1	Hypoxia	SERPINE1
1	Hypoxia	SIAH2
1	Hypoxia	SLC25A1
1	Hypoxia	SLC2A1
1	Hypoxia	SLC2A3
1	Hypoxia	SLC2A5
1	Hypoxia	SLC37A4
1	Hypoxia	SLC6A6
1	Hypoxia	SRPX
1	Hypoxia	STBD1
1	Hypoxia	STC1
1	Hypoxia	STC2
1	Hypoxia	SULT2B1
1	Hypoxia	TES
1	Hypoxia	TGFB3
1	Hypoxia	TGFBI
1	Hypoxia	TGM2
1	Hypoxia	TIPARP
1	Hypoxia	TKTL1
1	Hypoxia	TMEM45A
1	Hypoxia	TNFAIP3
1	Hypoxia	TPBG
1	Hypoxia	TPD52
1	Hypoxia	TPI1
1	Hypoxia	TPST2
1	Hypoxia	UGP2
1	Hypoxia	VEGFA
1	Hypoxia	VHL
1	Hypoxia	VLDLR
1	Hypoxia	WSB1
1	Hypoxia	XPNPEP1
1	Hypoxia	ZFP36
1	Hypoxia	ZNF292
2	Cholesterol Homeostasis	ABCA2
2	Cholesterol Homeostasis	ACAT2
2	Cholesterol Homeostasis	ACSS2
2	Cholesterol Homeostasis	ACTG1
2	Cholesterol Homeostasis	ADH4
2	Cholesterol Homeostasis	ALCAM
2	Cholesterol Homeostasis	ALDOC
2	Cholesterol Homeostasis	ANTXR2
2	Cholesterol Homeostasis	ANXA13
2	Cholesterol Homeostasis	ANXA5
2	Cholesterol Homeostasis	ATF3
2	Cholesterol Homeostasis	ATF5
2	Cholesterol Homeostasis	ATXN2
2	Cholesterol Homeostasis	AVPR1A
2	Cholesterol Homeostasis	CBS
2	Cholesterol Homeostasis	CD9
2	Cholesterol Homeostasis	CHKA
2	Cholesterol Homeostasis	CLU
2	Cholesterol Homeostasis	CPEB2
2	Cholesterol Homeostasis	CTNNB1
2	Cholesterol Homeostasis	CXCL16
2	Cholesterol Homeostasis	CYP51A1
2	Cholesterol Homeostasis	DHCR7
2	Cholesterol Homeostasis	EBP
2	Cholesterol Homeostasis	ECH1
2	Cholesterol Homeostasis	ERRFI1
2	Cholesterol Homeostasis	ETHE1
2	Cholesterol Homeostasis	FABP5
2	Cholesterol Homeostasis	FADS2
2	Cholesterol Homeostasis	FASN
2	Cholesterol Homeostasis	FBXO6
2	Cholesterol Homeostasis	FDFT1
2	Cholesterol Homeostasis	FDPS
2	Cholesterol Homeostasis	GLDC
2	Cholesterol Homeostasis	GNAI1
2	Cholesterol Homeostasis	GPX8
2	Cholesterol Homeostasis	GSTM2
2	Cholesterol Homeostasis	GUSB
2	Cholesterol Homeostasis	HMGCR
2	Cholesterol Homeostasis	HMGCS1
2	Cholesterol Homeostasis	HSD17B7
2	Cholesterol Homeostasis	IDI1
2	Cholesterol Homeostasis	JAG1
2	Cholesterol Homeostasis	LDLR
2	Cholesterol Homeostasis	LGALS3
2	Cholesterol Homeostasis	LGMN
2	Cholesterol Homeostasis	LPL
2	Cholesterol Homeostasis	LSS
2	Cholesterol Homeostasis	MAL2
2	Cholesterol Homeostasis	MVD
2	Cholesterol Homeostasis	MVK
2	Cholesterol Homeostasis	NFIL3
2	Cholesterol Homeostasis	NIBAN1
2	Cholesterol Homeostasis	NSDHL
2	Cholesterol Homeostasis	PCYT2
2	Cholesterol Homeostasis	PDK3
2	Cholesterol Homeostasis	PLAUR
2	Cholesterol Homeostasis	PLSCR1
2	Cholesterol Homeostasis	PMVK
2	Cholesterol Homeostasis	PNRC1
2	Cholesterol Homeostasis	PPARG
2	Cholesterol Homeostasis	S100A11
2	Cholesterol Homeostasis	SC5D
2	Cholesterol Homeostasis	SCD
2	Cholesterol Homeostasis	SEMA3B
2	Cholesterol Homeostasis	SQLE
2	Cholesterol Homeostasis	SREBF2
2	Cholesterol Homeostasis	STARD4
2	Cholesterol Homeostasis	STX5
2	Cholesterol Homeostasis	TM7SF2
2	Cholesterol Homeostasis	TMEM97
2	Cholesterol Homeostasis	TNFRSF12A
2	Cholesterol Homeostasis	TP53INP1
2	Cholesterol Homeostasis	TRIB3
3	Mitotic Spindle	ABI1
3	Mitotic Spindle	ABL1
3	Mitotic Spindle	ABR
3	Mitotic Spindle	ACTN4
3	Mitotic Spindle	AKAP13
3	Mitotic Spindle	ALMS1
3	Mitotic Spindle	ALS2
3	Mitotic Spindle	ANLN
3	Mitotic Spindle	APC
3	Mitotic Spindle	ARAP3
3	Mitotic Spindle	ARF6
3	Mitotic Spindle	ARFGEF1
3	Mitotic Spindle	ARFIP2
3	Mitotic Spindle	ARHGAP10
3	Mitotic Spindle	ARHGAP27
3	Mitotic Spindle	ARHGAP29
3	Mitotic Spindle	ARHGAP4
3	Mitotic Spindle	ARHGAP5
3	Mitotic Spindle	ARHGDIA
3	Mitotic Spindle	ARHGEF11
3	Mitotic Spindle	ARHGEF12
3	Mitotic Spindle	ARHGEF2
3	Mitotic Spindle	ARHGEF3
3	Mitotic Spindle	ARHGEF7
3	Mitotic Spindle	ARL8A
3	Mitotic Spindle	ATG4B
3	Mitotic Spindle	AURKA
3	Mitotic Spindle	BCAR1
3	Mitotic Spindle	BCL2L11
3	Mitotic Spindle	BCR
3	Mitotic Spindle	BIN1
3	Mitotic Spindle	BIRC5
3	Mitotic Spindle	BRCA2
3	Mitotic Spindle	BUB1
3	Mitotic Spindle	CAPZB
3	Mitotic Spindle	CCDC88A
3	Mitotic Spindle	CCNB2
3	Mitotic Spindle	CD2AP
3	Mitotic Spindle	CDC27
3	Mitotic Spindle	CDC42
3	Mitotic Spindle	CDC42BPA
3	Mitotic Spindle	CDC42EP1
3	Mitotic Spindle	CDC42EP2
3	Mitotic Spindle	CDC42EP4
3	Mitotic Spindle	CDK1
3	Mitotic Spindle	CDK5RAP2
3	Mitotic Spindle	CENPE
3	Mitotic Spindle	CENPF
3	Mitotic Spindle	CENPJ
3	Mitotic Spindle	CEP131
3	Mitotic Spindle	CEP192
3	Mitotic Spindle	CEP250
3	Mitotic Spindle	CEP57
3	Mitotic Spindle	CEP72
3	Mitotic Spindle	CKAP5
3	Mitotic Spindle	CLASP1
3	Mitotic Spindle	CLIP1
3	Mitotic Spindle	CLIP2
3	Mitotic Spindle	CNTRL
3	Mitotic Spindle	CNTROB
3	Mitotic Spindle	CSNK1D
3	Mitotic Spindle	CTTN
3	Mitotic Spindle	CYTH2
3	Mitotic Spindle	DLG1
3	Mitotic Spindle	DLGAP5
3	Mitotic Spindle	DOCK2
3	Mitotic Spindle	DOCK4
3	Mitotic Spindle	DST
3	Mitotic Spindle	DYNC1H1
3	Mitotic Spindle	DYNLL2
3	Mitotic Spindle	ECT2
3	Mitotic Spindle	EPB41
3	Mitotic Spindle	EPB41L2
3	Mitotic Spindle	ESPL1
3	Mitotic Spindle	EZR
3	Mitotic Spindle	FARP1
3	Mitotic Spindle	FBXO5
3	Mitotic Spindle	FGD4
3	Mitotic Spindle	FGD6
3	Mitotic Spindle	FLNA
3	Mitotic Spindle	FLNB
3	Mitotic Spindle	FSCN1
3	Mitotic Spindle	GEMIN4
3	Mitotic Spindle	GSN
3	Mitotic Spindle	HDAC6
3	Mitotic Spindle	HOOK3
3	Mitotic Spindle	INCENP
3	Mitotic Spindle	ITSN1
3	Mitotic Spindle	KATNA1
3	Mitotic Spindle	KATNB1
3	Mitotic Spindle	KIF11
3	Mitotic Spindle	KIF15
3	Mitotic Spindle	KIF1B
3	Mitotic Spindle	KIF20B
3	Mitotic Spindle	KIF22
3	Mitotic Spindle	KIF23
3	Mitotic Spindle	KIF2C
3	Mitotic Spindle	KIF3B
3	Mitotic Spindle	KIF3C
3	Mitotic Spindle	KIF4A
3	Mitotic Spindle	KIF5B
3	Mitotic Spindle	KIFAP3
3	Mitotic Spindle	KLC1
3	Mitotic Spindle	KNTC1
3	Mitotic Spindle	KPTN
3	Mitotic Spindle	LATS1
3	Mitotic Spindle	LLGL1
3	Mitotic Spindle	LMNB1
3	Mitotic Spindle	LRPPRC
3	Mitotic Spindle	MAP1S
3	Mitotic Spindle	MAP3K11
3	Mitotic Spindle	MAPRE1
3	Mitotic Spindle	MARCKS
3	Mitotic Spindle	MARK4
3	Mitotic Spindle	MID1
3	Mitotic Spindle	MID1IP1
3	Mitotic Spindle	MYH10
3	Mitotic Spindle	MYH9
3	Mitotic Spindle	MYO1E
3	Mitotic Spindle	MYO9B
3	Mitotic Spindle	NCK1
3	Mitotic Spindle	NCK2
3	Mitotic Spindle	NDC80
3	Mitotic Spindle	NEDD9
3	Mitotic Spindle	NEK2
3	Mitotic Spindle	NET1
3	Mitotic Spindle	NF1
3	Mitotic Spindle	NIN
3	Mitotic Spindle	NOTCH2
3	Mitotic Spindle	NUMA1
3	Mitotic Spindle	NUSAP1
3	Mitotic Spindle	OPHN1
3	Mitotic Spindle	PAFAH1B1
3	Mitotic Spindle	PALLD
3	Mitotic Spindle	PCGF5
3	Mitotic Spindle	PCM1
3	Mitotic Spindle	PCNT
3	Mitotic Spindle	PDLIM5
3	Mitotic Spindle	PIF1
3	Mitotic Spindle	PKD2
3	Mitotic Spindle	PLEKHG2
3	Mitotic Spindle	PLK1
3	Mitotic Spindle	PPP4R2
3	Mitotic Spindle	PRC1
3	Mitotic Spindle	PREX1
3	Mitotic Spindle	PXN
3	Mitotic Spindle	RAB3GAP1
3	Mitotic Spindle	RABGAP1
3	Mitotic Spindle	RACGAP1
3	Mitotic Spindle	RALBP1
3	Mitotic Spindle	RANBP9
3	Mitotic Spindle	RAPGEF5
3	Mitotic Spindle	RAPGEF6
3	Mitotic Spindle	RASA1
3	Mitotic Spindle	RASA2
3	Mitotic Spindle	RASAL2
3	Mitotic Spindle	RFC1
3	Mitotic Spindle	RHOF
3	Mitotic Spindle	RHOT2
3	Mitotic Spindle	RICTOR
3	Mitotic Spindle	ROCK1
3	Mitotic Spindle	SAC3D1
3	Mitotic Spindle	SASS6
3	Mitotic Spindle	SEPTIN9
3	Mitotic Spindle	SHROOM1
3	Mitotic Spindle	SHROOM2
3	Mitotic Spindle	SMC1A
3	Mitotic Spindle	SMC3
3	Mitotic Spindle	SMC4
3	Mitotic Spindle	SORBS2
3	Mitotic Spindle	SOS1
3	Mitotic Spindle	SPTAN1
3	Mitotic Spindle	SPTBN1
3	Mitotic Spindle	SSH2
3	Mitotic Spindle	STAU1
3	Mitotic Spindle	STK38L
3	Mitotic Spindle	SUN2
3	Mitotic Spindle	SYNPO
3	Mitotic Spindle	TAOK2
3	Mitotic Spindle	TBCD
3	Mitotic Spindle	TIAM1
3	Mitotic Spindle	TLK1
3	Mitotic Spindle	TOP2A
3	Mitotic Spindle	TPX2
3	Mitotic Spindle	TRIO
3	Mitotic Spindle	TSC1
3	Mitotic Spindle	TTK
3	Mitotic Spindle	TUBA4A
3	Mitotic Spindle	TUBD1
3	Mitotic Spindle	TUBGCP2
3	Mitotic Spindle	TUBGCP3
3	Mitotic Spindle	TUBGCP5
3	Mitotic Spindle	TUBGCP6
3	Mitotic Spindle	UXT
3	Mitotic Spindle	VCL
3	Mitotic Spindle	WASF1
3	Mitotic Spindle	WASF2
3	Mitotic Spindle	WASL
3	Mitotic Spindle	YWHAE
4	Wnt-beta Catenin Signaling	ADAM17
4	Wnt-beta Catenin Signaling	AXIN1
4	Wnt-beta Catenin Signaling	AXIN2
4	Wnt-beta Catenin Signaling	CCND2
4	Wnt-beta Catenin Signaling	CSNK1E
4	Wnt-beta Catenin Signaling	CTNNB1
4	Wnt-beta Catenin Signaling	CUL1
4	Wnt-beta Catenin Signaling	DKK1
4	Wnt-beta Catenin Signaling	DKK4
4	Wnt-beta Catenin Signaling	DLL1
4	Wnt-beta Catenin Signaling	DVL2
4	Wnt-beta Catenin Signaling	FRAT1
4	Wnt-beta Catenin Signaling	FZD1
4	Wnt-beta Catenin Signaling	FZD8
4	Wnt-beta Catenin Signaling	GNAI1
4	Wnt-beta Catenin Signaling	HDAC11
4	Wnt-beta Catenin Signaling	HDAC2
4	Wnt-beta Catenin Signaling	HDAC5
4	Wnt-beta Catenin Signaling	HEY1
4	Wnt-beta Catenin Signaling	HEY2
4	Wnt-beta Catenin Signaling	JAG1
4	Wnt-beta Catenin Signaling	JAG2
4	Wnt-beta Catenin Signaling	KAT2A
4	Wnt-beta Catenin Signaling	LEF1
4	Wnt-beta Catenin Signaling	MAML1
4	Wnt-beta Catenin Signaling	MYC
4	Wnt-beta Catenin Signaling	NCOR2
4	Wnt-beta Catenin Signaling	NCSTN
4	Wnt-beta Catenin Signaling	NKD1
4	Wnt-beta Catenin Signaling	NOTCH1
4	Wnt-beta Catenin Signaling	NOTCH4
4	Wnt-beta Catenin Signaling	NUMB
4	Wnt-beta Catenin Signaling	PPARD
4	Wnt-beta Catenin Signaling	PSEN2
4	Wnt-beta Catenin Signaling	PTCH1
4	Wnt-beta Catenin Signaling	RBPJ
4	Wnt-beta Catenin Signaling	SKP2
4	Wnt-beta Catenin Signaling	TCF7
4	Wnt-beta Catenin Signaling	TP53
4	Wnt-beta Catenin Signaling	WNT1
4	Wnt-beta Catenin Signaling	WNT5B
4	Wnt-beta Catenin Signaling	WNT6
5	TGF-beta Signaling	ACVR1
5	TGF-beta Signaling	APC
5	TGF-beta Signaling	ARID4B
5	TGF-beta Signaling	BCAR3
5	TGF-beta Signaling	BMP2
5	TGF-beta Signaling	BMPR1A
5	TGF-beta Signaling	BMPR2
5	TGF-beta Signaling	CDH1
5	TGF-beta Signaling	CDK9
5	TGF-beta Signaling	CDKN1C
5	TGF-beta Signaling	CTNNB1
5	TGF-beta Signaling	ENG
5	TGF-beta Signaling	FKBP1A
5	TGF-beta Signaling	FNTA
5	TGF-beta Signaling	FURIN
5	TGF-beta Signaling	HDAC1
5	TGF-beta Signaling	HIPK2
5	TGF-beta Signaling	ID1
5	TGF-beta Signaling	ID2
5	TGF-beta Signaling	ID3
5	TGF-beta Signaling	IFNGR2
5	TGF-beta Signaling	JUNB
5	TGF-beta Signaling	KLF10
5	TGF-beta Signaling	LEFTY2
5	TGF-beta Signaling	LTBP2
5	TGF-beta Signaling	MAP3K7
5	TGF-beta Signaling	NCOR2
5	TGF-beta Signaling	NOG
5	TGF-beta Signaling	PMEPA1
5	TGF-beta Signaling	PPM1A
5	TGF-beta Signaling	PPP1CA
5	TGF-beta Signaling	PPP1R15A
5	TGF-beta Signaling	RAB31
5	TGF-beta Signaling	RHOA
5	TGF-beta Signaling	SERPINE1
5	TGF-beta Signaling	SKI
5	TGF-beta Signaling	SKIL
5	TGF-beta Signaling	SLC20A1
5	TGF-beta Signaling	SMAD1
5	TGF-beta Signaling	SMAD3
5	TGF-beta Signaling	SMAD6
5	TGF-beta Signaling	SMAD7
5	TGF-beta Signaling	SMURF1
5	TGF-beta Signaling	SMURF2
5	TGF-beta Signaling	SPTBN1
5	TGF-beta Signaling	TGFB1
5	TGF-beta Signaling	TGFBR1
5	TGF-beta Signaling	TGIF1
5	TGF-beta Signaling	THBS1
5	TGF-beta Signaling	TJP1
5	TGF-beta Signaling	TRIM33
5	TGF-beta Signaling	UBE2D3
5	TGF-beta Signaling	WWTR1
5	TGF-beta Signaling	XIAP
6	IL-6/JAK/STAT3 Signaling	A2M
6	IL-6/JAK/STAT3 Signaling	ACVR1B
6	IL-6/JAK/STAT3 Signaling	ACVRL1
6	IL-6/JAK/STAT3 Signaling	BAK1
6	IL-6/JAK/STAT3 Signaling	CBL
6	IL-6/JAK/STAT3 Signaling	CCL7
6	IL-6/JAK/STAT3 Signaling	CCR1
6	IL-6/JAK/STAT3 Signaling	CD14
6	IL-6/JAK/STAT3 Signaling	CD36
6	IL-6/JAK/STAT3 Signaling	CD38
6	IL-6/JAK/STAT3 Signaling	CD44
6	IL-6/JAK/STAT3 Signaling	CD9
6	IL-6/JAK/STAT3 Signaling	CNTFR
6	IL-6/JAK/STAT3 Signaling	CRLF2
6	IL-6/JAK/STAT3 Signaling	CSF1
6	IL-6/JAK/STAT3 Signaling	CSF2
6	IL-6/JAK/STAT3 Signaling	CSF2RA
6	IL-6/JAK/STAT3 Signaling	CSF2RB
6	IL-6/JAK/STAT3 Signaling	CSF3R
6	IL-6/JAK/STAT3 Signaling	CXCL1
6	IL-6/JAK/STAT3 Signaling	CXCL10
6	IL-6/JAK/STAT3 Signaling	CXCL11
6	IL-6/JAK/STAT3 Signaling	CXCL13
6	IL-6/JAK/STAT3 Signaling	CXCL3
6	IL-6/JAK/STAT3 Signaling	CXCL9
6	IL-6/JAK/STAT3 Signaling	DNTT
6	IL-6/JAK/STAT3 Signaling	EBI3
6	IL-6/JAK/STAT3 Signaling	FAS
6	IL-6/JAK/STAT3 Signaling	GRB2
6	IL-6/JAK/STAT3 Signaling	HAX1
6	IL-6/JAK/STAT3 Signaling	HMOX1
6	IL-6/JAK/STAT3 Signaling	IFNAR1
6	IL-6/JAK/STAT3 Signaling	IFNGR1
6	IL-6/JAK/STAT3 Signaling	IFNGR2
6	IL-6/JAK/STAT3 Signaling	IL10RB
6	IL-6/JAK/STAT3 Signaling	IL12RB1
6	IL-6/JAK/STAT3 Signaling	IL13RA1
6	IL-6/JAK/STAT3 Signaling	IL15RA
6	IL-6/JAK/STAT3 Signaling	IL17RA
6	IL-6/JAK/STAT3 Signaling	IL17RB
6	IL-6/JAK/STAT3 Signaling	IL18R1
6	IL-6/JAK/STAT3 Signaling	IL1B
6	IL-6/JAK/STAT3 Signaling	IL1R1
6	IL-6/JAK/STAT3 Signaling	IL1R2
6	IL-6/JAK/STAT3 Signaling	IL2RA
6	IL-6/JAK/STAT3 Signaling	IL2RG
6	IL-6/JAK/STAT3 Signaling	IL3RA
6	IL-6/JAK/STAT3 Signaling	IL4R
6	IL-6/JAK/STAT3 Signaling	IL6
6	IL-6/JAK/STAT3 Signaling	IL6ST
6	IL-6/JAK/STAT3 Signaling	IL7
6	IL-6/JAK/STAT3 Signaling	IL9R
6	IL-6/JAK/STAT3 Signaling	INHBE
6	IL-6/JAK/STAT3 Signaling	IRF1
6	IL-6/JAK/STAT3 Signaling	IRF9
6	IL-6/JAK/STAT3 Signaling	ITGA4
6	IL-6/JAK/STAT3 Signaling	ITGB3
6	IL-6/JAK/STAT3 Signaling	JUN
6	IL-6/JAK/STAT3 Signaling	LEPR
6	IL-6/JAK/STAT3 Signaling	LTB
6	IL-6/JAK/STAT3 Signaling	LTBR
6	IL-6/JAK/STAT3 Signaling	MAP3K8
6	IL-6/JAK/STAT3 Signaling	MYD88
6	IL-6/JAK/STAT3 Signaling	OSMR
6	IL-6/JAK/STAT3 Signaling	PDGFC
6	IL-6/JAK/STAT3 Signaling	PF4
6	IL-6/JAK/STAT3 Signaling	PIK3R5
6	IL-6/JAK/STAT3 Signaling	PIM1
6	IL-6/JAK/STAT3 Signaling	PLA2G2A
6	IL-6/JAK/STAT3 Signaling	PTPN1
6	IL-6/JAK/STAT3 Signaling	PTPN11
6	IL-6/JAK/STAT3 Signaling	PTPN2
6	IL-6/JAK/STAT3 Signaling	REG1A
6	IL-6/JAK/STAT3 Signaling	SOCS1
6	IL-6/JAK/STAT3 Signaling	SOCS3
6	IL-6/JAK/STAT3 Signaling	STAM2
6	IL-6/JAK/STAT3 Signaling	STAT1
6	IL-6/JAK/STAT3 Signaling	STAT2
6	IL-6/JAK/STAT3 Signaling	STAT3
6	IL-6/JAK/STAT3 Signaling	TGFB1
6	IL-6/JAK/STAT3 Signaling	TLR2
6	IL-6/JAK/STAT3 Signaling	TNF
6	IL-6/JAK/STAT3 Signaling	TNFRSF12A
6	IL-6/JAK/STAT3 Signaling	TNFRSF1A
6	IL-6/JAK/STAT3 Signaling	TNFRSF1B
6	IL-6/JAK/STAT3 Signaling	TNFRSF21
6	IL-6/JAK/STAT3 Signaling	TYK2
7	DNA Repair	AAAS
7	DNA Repair	ADA
7	DNA Repair	ADCY6
7	DNA Repair	ADRM1
7	DNA Repair	AGO4
7	DNA Repair	AK1
7	DNA Repair	AK3
7	DNA Repair	ALYREF
7	DNA Repair	APRT
7	DNA Repair	ARL6IP1
7	DNA Repair	BCAM
7	DNA Repair	BCAP31
7	DNA Repair	BOLA2
7	DNA Repair	BRF2
7	DNA Repair	CANT1
7	DNA Repair	CCNO
7	DNA Repair	CDA
7	DNA Repair	CETN2
7	DNA Repair	CLP1
7	DNA Repair	CMPK2
7	DNA Repair	COX17
7	DNA Repair	CSTF3
7	DNA Repair	DAD1
7	DNA Repair	DCTN4
7	DNA Repair	DDB1
7	DNA Repair	DDB2
7	DNA Repair	DGCR8
7	DNA Repair	DGUOK
7	DNA Repair	DUT
7	DNA Repair	EDF1
7	DNA Repair	EIF1B
7	DNA Repair	ELL
7	DNA Repair	ELOA
7	DNA Repair	ERCC1
7	DNA Repair	ERCC2
7	DNA Repair	ERCC3
7	DNA Repair	ERCC4
7	DNA Repair	ERCC5
7	DNA Repair	ERCC8
7	DNA Repair	FEN1
7	DNA Repair	GMPR2
7	DNA Repair	GPX4
7	DNA Repair	GSDME
7	DNA Repair	GTF2A2
7	DNA Repair	GTF2B
7	DNA Repair	GTF2F1
7	DNA Repair	GTF2H1
7	DNA Repair	GTF2H3
7	DNA Repair	GTF2H5
7	DNA Repair	GTF3C5
7	DNA Repair	GUK1
7	DNA Repair	HCLS1
7	DNA Repair	HPRT1
7	DNA Repair	IMPDH2
7	DNA Repair	ITPA
7	DNA Repair	LIG1
7	DNA Repair	MPC2
7	DNA Repair	MPG
7	DNA Repair	MRPL40
7	DNA Repair	NCBP2
7	DNA Repair	NELFB
7	DNA Repair	NELFCD
7	DNA Repair	NELFE
7	DNA Repair	NFX1
7	DNA Repair	NME1
7	DNA Repair	NME3
7	DNA Repair	NME4
7	DNA Repair	NPR2
7	DNA Repair	NT5C
7	DNA Repair	NT5C3A
7	DNA Repair	NUDT21
7	DNA Repair	NUDT9
7	DNA Repair	PCNA
7	DNA Repair	PDE4B
7	DNA Repair	PDE6G
7	DNA Repair	PNP
7	DNA Repair	POLA1
7	DNA Repair	POLA2
7	DNA Repair	POLB
7	DNA Repair	POLD1
7	DNA Repair	POLD3
7	DNA Repair	POLD4
7	DNA Repair	POLE4
7	DNA Repair	POLH
7	DNA Repair	POLL
7	DNA Repair	POLR1C
7	DNA Repair	POLR1D
7	DNA Repair	POLR2A
7	DNA Repair	POLR2C
7	DNA Repair	POLR2D
7	DNA Repair	POLR2E
7	DNA Repair	POLR2F
7	DNA Repair	POLR2G
7	DNA Repair	POLR2H
7	DNA Repair	POLR2I
7	DNA Repair	POLR2J
7	DNA Repair	POLR2K
7	DNA Repair	POLR3C
7	DNA Repair	POLR3GL
7	DNA Repair	POM121
7	DNA Repair	PRIM1
7	DNA Repair	RAD51
7	DNA Repair	RAD52
7	DNA Repair	RAE1
7	DNA Repair	RALA
7	DNA Repair	RBX1
7	DNA Repair	REV3L
7	DNA Repair	RFC2
7	DNA Repair	RFC3
7	DNA Repair	RFC4
7	DNA Repair	RFC5
7	DNA Repair	RNMT
7	DNA Repair	RPA2
7	DNA Repair	RPA3
7	DNA Repair	RRM2B
7	DNA Repair	SAC3D1
7	DNA Repair	SDCBP
7	DNA Repair	SEC61A1
7	DNA Repair	SF3A3
7	DNA Repair	SMAD5
7	DNA Repair	SNAPC4
7	DNA Repair	SNAPC5
7	DNA Repair	SRSF6
7	DNA Repair	SSRP1
7	DNA Repair	STX3
7	DNA Repair	SUPT4H1
7	DNA Repair	SUPT5H
7	DNA Repair	SURF1
7	DNA Repair	TAF10
7	DNA Repair	TAF12
7	DNA Repair	TAF13
7	DNA Repair	TAF1C
7	DNA Repair	TAF6
7	DNA Repair	TAF9
7	DNA Repair	TARBP2
7	DNA Repair	TK2
7	DNA Repair	TMED2
7	DNA Repair	TP53
7	DNA Repair	TSG101
7	DNA Repair	TYMS
7	DNA Repair	UMPS
7	DNA Repair	UPF3B
7	DNA Repair	USP11
7	DNA Repair	VPS28
7	DNA Repair	VPS37B
7	DNA Repair	VPS37D
7	DNA Repair	XPC
7	DNA Repair	ZNF707
7	DNA Repair	ZNRD1
7	DNA Repair	ZWINT
8	G2-M Checkpoint	ABL1
8	G2-M Checkpoint	AMD1
8	G2-M Checkpoint	ARID4A
8	G2-M Checkpoint	ATF5
8	G2-M Checkpoint	ATRX
8	G2-M Checkpoint	AURKA
8	G2-M Checkpoint	AURKB
8	G2-M Checkpoint	BARD1
8	G2-M Checkpoint	BCL3
8	G2-M Checkpoint	BIRC5
8	G2-M Checkpoint	BRCA2
8	G2-M Checkpoint	BUB1
8	G2-M Checkpoint	BUB3
8	G2-M Checkpoint	CASP8AP2
8	G2-M Checkpoint	CBX1
8	G2-M Checkpoint	CCNA2
8	G2-M Checkpoint	CCNB2
8	G2-M Checkpoint	CCND1
8	G2-M Checkpoint	CCNF
8	G2-M Checkpoint	CCNT1
8	G2-M Checkpoint	CDC20
8	G2-M Checkpoint	CDC25A
8	G2-M Checkpoint	CDC25B
8	G2-M Checkpoint	CDC27
8	G2-M Checkpoint	CDC45
8	G2-M Checkpoint	CDC6
8	G2-M Checkpoint	CDC7
8	G2-M Checkpoint	CDK1
8	G2-M Checkpoint	CDK4
8	G2-M Checkpoint	CDKN1B
8	G2-M Checkpoint	CDKN2C
8	G2-M Checkpoint	CDKN3
8	G2-M Checkpoint	CENPA
8	G2-M Checkpoint	CENPE
8	G2-M Checkpoint	CENPF
8	G2-M Checkpoint	CHAF1A
8	G2-M Checkpoint	CHEK1
8	G2-M Checkpoint	CHMP1A
8	G2-M Checkpoint	CKS1B
8	G2-M Checkpoint	CKS2
8	G2-M Checkpoint	CTCF
8	G2-M Checkpoint	CUL1
8	G2-M Checkpoint	CUL3
8	G2-M Checkpoint	CUL4A
8	G2-M Checkpoint	CUL5
8	G2-M Checkpoint	DBF4
8	G2-M Checkpoint	DDX39A
8	G2-M Checkpoint	DKC1
8	G2-M Checkpoint	DMD
8	G2-M Checkpoint	DR1
8	G2-M Checkpoint	DTYMK
8	G2-M Checkpoint	E2F1
8	G2-M Checkpoint	E2F2
8	G2-M Checkpoint	E2F3
8	G2-M Checkpoint	E2F4
8	G2-M Checkpoint	EFNA5
8	G2-M Checkpoint	EGF
8	G2-M Checkpoint	ESPL1
8	G2-M Checkpoint	EWSR1
8	G2-M Checkpoint	EXO1
8	G2-M Checkpoint	EZH2
8	G2-M Checkpoint	FANCC
8	G2-M Checkpoint	FBXO5
8	G2-M Checkpoint	FOXN3
8	G2-M Checkpoint	G3BP1
8	G2-M Checkpoint	GINS2
8	G2-M Checkpoint	GSPT1
8	G2-M Checkpoint	H2AX
8	G2-M Checkpoint	H2AZ1
8	G2-M Checkpoint	H2AZ2
8	G2-M Checkpoint	H2BC12
8	G2-M Checkpoint	HIF1A
8	G2-M Checkpoint	HIRA
8	G2-M Checkpoint	HMGA1
8	G2-M Checkpoint	HMGB3
8	G2-M Checkpoint	HMGN2
8	G2-M Checkpoint	HMMR
8	G2-M Checkpoint	HNRNPD
8	G2-M Checkpoint	HNRNPU
8	G2-M Checkpoint	HOXC10
8	G2-M Checkpoint	HSPA8
8	G2-M Checkpoint	HUS1
8	G2-M Checkpoint	ILF3
8	G2-M Checkpoint	INCENP
8	G2-M Checkpoint	JPT1
8	G2-M Checkpoint	KATNA1
8	G2-M Checkpoint	KIF11
8	G2-M Checkpoint	KIF15
8	G2-M Checkpoint	KIF20B
8	G2-M Checkpoint	KIF22
8	G2-M Checkpoint	KIF23
8	G2-M Checkpoint	KIF2C
8	G2-M Checkpoint	KIF4A
8	G2-M Checkpoint	KIF5B
8	G2-M Checkpoint	KMT5A
8	G2-M Checkpoint	KNL1
8	G2-M Checkpoint	KPNA2
8	G2-M Checkpoint	KPNB1
8	G2-M Checkpoint	LBR
8	G2-M Checkpoint	LIG3
8	G2-M Checkpoint	LMNB1
8	G2-M Checkpoint	MAD2L1
8	G2-M Checkpoint	MAP3K20
8	G2-M Checkpoint	MAPK14
8	G2-M Checkpoint	MARCKS
8	G2-M Checkpoint	MCM2
8	G2-M Checkpoint	MCM3
8	G2-M Checkpoint	MCM5
8	G2-M Checkpoint	MCM6
8	G2-M Checkpoint	MEIS1
8	G2-M Checkpoint	MEIS2
8	G2-M Checkpoint	MKI67
8	G2-M Checkpoint	MNAT1
8	G2-M Checkpoint	MT2A
8	G2-M Checkpoint	MTF2
8	G2-M Checkpoint	MYBL2
8	G2-M Checkpoint	MYC
8	G2-M Checkpoint	NASP
8	G2-M Checkpoint	NCL
8	G2-M Checkpoint	NDC80
8	G2-M Checkpoint	NEK2
8	G2-M Checkpoint	NOLC1
8	G2-M Checkpoint	NOTCH2
8	G2-M Checkpoint	NSD2
8	G2-M Checkpoint	NUMA1
8	G2-M Checkpoint	NUP50
8	G2-M Checkpoint	NUP98
8	G2-M Checkpoint	NUSAP1
8	G2-M Checkpoint	ODC1
8	G2-M Checkpoint	ODF2
8	G2-M Checkpoint	ORC5
8	G2-M Checkpoint	ORC6
8	G2-M Checkpoint	PAFAH1B1
8	G2-M Checkpoint	PBK
8	G2-M Checkpoint	PDS5B
8	G2-M Checkpoint	PLK1
8	G2-M Checkpoint	PLK4
8	G2-M Checkpoint	PML
8	G2-M Checkpoint	POLA2
8	G2-M Checkpoint	POLE
8	G2-M Checkpoint	POLQ
8	G2-M Checkpoint	PRC1
8	G2-M Checkpoint	PRIM2
8	G2-M Checkpoint	PRMT5
8	G2-M Checkpoint	PRPF4B
8	G2-M Checkpoint	PTTG1
8	G2-M Checkpoint	PTTG3P
8	G2-M Checkpoint	PURA
8	G2-M Checkpoint	RACGAP1
8	G2-M Checkpoint	RAD21
8	G2-M Checkpoint	RAD23B
8	G2-M Checkpoint	RAD54L
8	G2-M Checkpoint	RASAL2
8	G2-M Checkpoint	RBL1
8	G2-M Checkpoint	RBM14
8	G2-M Checkpoint	RPA2
8	G2-M Checkpoint	RPS6KA5
8	G2-M Checkpoint	SAP30
8	G2-M Checkpoint	SFPQ
8	G2-M Checkpoint	SLC12A2
8	G2-M Checkpoint	SLC38A1
8	G2-M Checkpoint	SLC7A1
8	G2-M Checkpoint	SLC7A5
8	G2-M Checkpoint	SMAD3
8	G2-M Checkpoint	SMARCC1
8	G2-M Checkpoint	SMC1A
8	G2-M Checkpoint	SMC2
8	G2-M Checkpoint	SMC4
8	G2-M Checkpoint	SNRPD1
8	G2-M Checkpoint	SQLE
8	G2-M Checkpoint	SRSF1
8	G2-M Checkpoint	SRSF10
8	G2-M Checkpoint	SRSF2
8	G2-M Checkpoint	SS18
8	G2-M Checkpoint	STAG1
8	G2-M Checkpoint	STIL
8	G2-M Checkpoint	STMN1
8	G2-M Checkpoint	SUV39H1
8	G2-M Checkpoint	SYNCRIP
8	G2-M Checkpoint	TACC3
8	G2-M Checkpoint	TENT4A
8	G2-M Checkpoint	TFDP1
8	G2-M Checkpoint	TGFB1
8	G2-M Checkpoint	TLE3
8	G2-M Checkpoint	TMPO
8	G2-M Checkpoint	TNPO2
8	G2-M Checkpoint	TOP1
8	G2-M Checkpoint	TOP2A
8	G2-M Checkpoint	TPX2
8	G2-M Checkpoint	TRA2B
8	G2-M Checkpoint	TRAIP
8	G2-M Checkpoint	TROAP
8	G2-M Checkpoint	TTK
8	G2-M Checkpoint	UBE2C
8	G2-M Checkpoint	UBE2S
8	G2-M Checkpoint	UCK2
8	G2-M Checkpoint	UPF1
8	G2-M Checkpoint	WRN
8	G2-M Checkpoint	XPO1
8	G2-M Checkpoint	YTHDC1
9	Apoptosis	ADD1
9	Apoptosis	AIFM3
9	Apoptosis	ANKH
9	Apoptosis	ANXA1
9	Apoptosis	APP
9	Apoptosis	ATF3
9	Apoptosis	AVPR1A
9	Apoptosis	BAX
9	Apoptosis	BCAP31
9	Apoptosis	BCL10
9	Apoptosis	BCL2L1
9	Apoptosis	BCL2L10
9	Apoptosis	BCL2L11
9	Apoptosis	BCL2L2
9	Apoptosis	BGN
9	Apoptosis	BID
9	Apoptosis	BIK
9	Apoptosis	BIRC3
9	Apoptosis	BMF
9	Apoptosis	BMP2
9	Apoptosis	BNIP3L
9	Apoptosis	BRCA1
9	Apoptosis	BTG2
9	Apoptosis	BTG3
9	Apoptosis	CASP1
9	Apoptosis	CASP2
9	Apoptosis	CASP3
9	Apoptosis	CASP4
9	Apoptosis	CASP6
9	Apoptosis	CASP7
9	Apoptosis	CASP8
9	Apoptosis	CASP9
9	Apoptosis	CAV1
9	Apoptosis	CCNA1
9	Apoptosis	CCND1
9	Apoptosis	CCND2
9	Apoptosis	CD14
9	Apoptosis	CD2
9	Apoptosis	CD38
9	Apoptosis	CD44
9	Apoptosis	CD69
9	Apoptosis	CDC25B
9	Apoptosis	CDK2
9	Apoptosis	CDKN1A
9	Apoptosis	CDKN1B
9	Apoptosis	CFLAR
9	Apoptosis	CLU
9	Apoptosis	CREBBP
9	Apoptosis	CTH
9	Apoptosis	CTNNB1
9	Apoptosis	CYLD
9	Apoptosis	DAP
9	Apoptosis	DAP3
9	Apoptosis	DCN
9	Apoptosis	DDIT3
9	Apoptosis	DFFA
9	Apoptosis	DIABLO
9	Apoptosis	DNAJA1
9	Apoptosis	DNAJC3
9	Apoptosis	DNM1L
9	Apoptosis	DPYD
9	Apoptosis	EBP
9	Apoptosis	EGR3
9	Apoptosis	EMP1
9	Apoptosis	ENO2
9	Apoptosis	ERBB2
9	Apoptosis	ERBB3
9	Apoptosis	EREG
9	Apoptosis	ETF1
9	Apoptosis	F2
9	Apoptosis	F2R
9	Apoptosis	FAS
9	Apoptosis	FASLG
9	Apoptosis	FDXR
9	Apoptosis	FEZ1
9	Apoptosis	GADD45A
9	Apoptosis	GADD45B
9	Apoptosis	GCH1
9	Apoptosis	GNA15
9	Apoptosis	GPX1
9	Apoptosis	GPX3
9	Apoptosis	GPX4
9	Apoptosis	GSN
9	Apoptosis	GSR
9	Apoptosis	GSTM1
9	Apoptosis	GUCY2D
9	Apoptosis	H1-0
9	Apoptosis	HGF
9	Apoptosis	HMGB2
9	Apoptosis	HMOX1
9	Apoptosis	HSPB1
9	Apoptosis	IER3
9	Apoptosis	IFITM3
9	Apoptosis	IFNB1
9	Apoptosis	IFNGR1
9	Apoptosis	IGF2R
9	Apoptosis	IGFBP6
9	Apoptosis	IL18
9	Apoptosis	IL1A
9	Apoptosis	IL1B
9	Apoptosis	IL6
9	Apoptosis	IRF1
9	Apoptosis	ISG20
9	Apoptosis	JUN
9	Apoptosis	KRT18
9	Apoptosis	LEF1
9	Apoptosis	LGALS3
9	Apoptosis	LMNA
9	Apoptosis	LUM
9	Apoptosis	MADD
9	Apoptosis	MCL1
9	Apoptosis	MGMT
9	Apoptosis	MMP2
9	Apoptosis	NEDD9
9	Apoptosis	NEFH
9	Apoptosis	PAK1
9	Apoptosis	PDCD4
9	Apoptosis	PDGFRB
9	Apoptosis	PEA15
9	Apoptosis	PLAT
9	Apoptosis	PLCB2
9	Apoptosis	PLPPR4
9	Apoptosis	PMAIP1
9	Apoptosis	PPP2R5B
9	Apoptosis	PPP3R1
9	Apoptosis	PPT1
9	Apoptosis	PRF1
9	Apoptosis	PSEN1
9	Apoptosis	PSEN2
9	Apoptosis	PTK2
9	Apoptosis	RARA
9	Apoptosis	RELA
9	Apoptosis	RETSAT
9	Apoptosis	RHOB
9	Apoptosis	RHOT2
9	Apoptosis	RNASEL
9	Apoptosis	ROCK1
9	Apoptosis	SAT1
9	Apoptosis	SATB1
9	Apoptosis	SC5D
9	Apoptosis	SLC20A1
9	Apoptosis	SMAD7
9	Apoptosis	SOD1
9	Apoptosis	SOD2
9	Apoptosis	SPTAN1
9	Apoptosis	SQSTM1
9	Apoptosis	TAP1
9	Apoptosis	TGFB2
9	Apoptosis	TGFBR3
9	Apoptosis	TIMP1
9	Apoptosis	TIMP2
9	Apoptosis	TIMP3
9	Apoptosis	TNF
9	Apoptosis	TNFRSF12A
9	Apoptosis	TNFSF10
9	Apoptosis	TOP2A
9	Apoptosis	TSPO
9	Apoptosis	TXNIP
9	Apoptosis	VDAC2
9	Apoptosis	WEE1
9	Apoptosis	XIAP
10	Notch Signaling	APH1A
10	Notch Signaling	ARRB1
10	Notch Signaling	CCND1
10	Notch Signaling	CUL1
10	Notch Signaling	DLL1
10	Notch Signaling	DTX1
10	Notch Signaling	DTX2
10	Notch Signaling	DTX4
10	Notch Signaling	FBXW11
10	Notch Signaling	FZD1
10	Notch Signaling	FZD5
10	Notch Signaling	FZD7
10	Notch Signaling	HES1
10	Notch Signaling	HEYL
10	Notch Signaling	JAG1
10	Notch Signaling	KAT2A
10	Notch Signaling	LFNG
10	Notch Signaling	MAML2
10	Notch Signaling	NOTCH1
10	Notch Signaling	NOTCH2
10	Notch Signaling	NOTCH3
10	Notch Signaling	PPARD
10	Notch Signaling	PRKCA
10	Notch Signaling	PSEN2
10	Notch Signaling	PSENEN
10	Notch Signaling	RBX1
10	Notch Signaling	SAP30
10	Notch Signaling	SKP1
10	Notch Signaling	ST3GAL6
10	Notch Signaling	TCF7L2
10	Notch Signaling	WNT2
10	Notch Signaling	WNT5A
11	Adipogenesis	ABCA1
11	Adipogenesis	ABCB8
11	Adipogenesis	ACAA2
11	Adipogenesis	ACADL
11	Adipogenesis	ACADM
11	Adipogenesis	ACADS
11	Adipogenesis	ACLY
11	Adipogenesis	ACO2
11	Adipogenesis	ACOX1
11	Adipogenesis	ADCY6
11	Adipogenesis	ADIG
11	Adipogenesis	ADIPOQ
11	Adipogenesis	ADIPOR2
11	Adipogenesis	AGPAT3
11	Adipogenesis	AIFM1
11	Adipogenesis	AK2
11	Adipogenesis	ALDH2
11	Adipogenesis	ALDOA
11	Adipogenesis	ANGPT1
11	Adipogenesis	ANGPTL4
11	Adipogenesis	APLP2
11	Adipogenesis	APOE
11	Adipogenesis	ARAF
11	Adipogenesis	ARL4A
11	Adipogenesis	ATL2
11	Adipogenesis	ATP1B3
11	Adipogenesis	ATP5PO
11	Adipogenesis	BAZ2A
11	Adipogenesis	BCKDHA
11	Adipogenesis	BCL2L13
11	Adipogenesis	BCL6
11	Adipogenesis	C3
11	Adipogenesis	CAT
11	Adipogenesis	CAVIN1
11	Adipogenesis	CAVIN2
11	Adipogenesis	CCNG2
11	Adipogenesis	CD151
11	Adipogenesis	CD302
11	Adipogenesis	CD36
11	Adipogenesis	CDKN2C
11	Adipogenesis	CHCHD10
11	Adipogenesis	CHUK
11	Adipogenesis	CIDEA
11	Adipogenesis	CMBL
11	Adipogenesis	CMPK1
11	Adipogenesis	COL15A1
11	Adipogenesis	COL4A1
11	Adipogenesis	COQ3
11	Adipogenesis	COQ5
11	Adipogenesis	COQ9
11	Adipogenesis	COX6A1
11	Adipogenesis	COX7B
11	Adipogenesis	COX8A
11	Adipogenesis	CPT2
11	Adipogenesis	CRAT
11	Adipogenesis	CS
11	Adipogenesis	CYC1
11	Adipogenesis	CYP4B1
11	Adipogenesis	DBT
11	Adipogenesis	DDT
11	Adipogenesis	DECR1
11	Adipogenesis	DGAT1
11	Adipogenesis	DHCR7
11	Adipogenesis	DHRS7
11	Adipogenesis	DHRS7B
11	Adipogenesis	DLAT
11	Adipogenesis	DLD
11	Adipogenesis	DNAJB9
11	Adipogenesis	DNAJC15
11	Adipogenesis	DRAM2
11	Adipogenesis	ECH1
11	Adipogenesis	ECHS1
11	Adipogenesis	ELMOD3
11	Adipogenesis	ELOVL6
11	Adipogenesis	ENPP2
11	Adipogenesis	EPHX2
11	Adipogenesis	ESRRA
11	Adipogenesis	ESYT1
11	Adipogenesis	ETFB
11	Adipogenesis	FABP4
11	Adipogenesis	FAH
11	Adipogenesis	FZD4
11	Adipogenesis	G3BP2
11	Adipogenesis	GADD45A
11	Adipogenesis	GBE1
11	Adipogenesis	GHITM
11	Adipogenesis	GPAM
11	Adipogenesis	GPAT4
11	Adipogenesis	GPD2
11	Adipogenesis	GPHN
11	Adipogenesis	GPX3
11	Adipogenesis	GPX4
11	Adipogenesis	GRPEL1
11	Adipogenesis	HADH
11	Adipogenesis	HIBCH
11	Adipogenesis	HSPB8
11	Adipogenesis	IDH1
11	Adipogenesis	IDH3A
11	Adipogenesis	IDH3G
11	Adipogenesis	IFNGR1
11	Adipogenesis	IMMT
11	Adipogenesis	ITGA7
11	Adipogenesis	ITIH5
11	Adipogenesis	ITSN1
11	Adipogenesis	JAGN1
11	Adipogenesis	LAMA4
11	Adipogenesis	LEP
11	Adipogenesis	LIFR
11	Adipogenesis	LIPE
11	Adipogenesis	LPCAT3
11	Adipogenesis	LPL
11	Adipogenesis	LTC4S
11	Adipogenesis	MAP4K3
11	Adipogenesis	MCCC1
11	Adipogenesis	MDH2
11	Adipogenesis	ME1
11	Adipogenesis	MGLL
11	Adipogenesis	MGST3
11	Adipogenesis	MIGA2
11	Adipogenesis	MRAP
11	Adipogenesis	MRPL15
11	Adipogenesis	MTARC2
11	Adipogenesis	MTCH2
11	Adipogenesis	MYLK
11	Adipogenesis	NABP1
11	Adipogenesis	NDUFA5
11	Adipogenesis	NDUFAB1
11	Adipogenesis	NDUFB7
11	Adipogenesis	NDUFS3
11	Adipogenesis	NKIRAS1
11	Adipogenesis	NMT1
11	Adipogenesis	OMD
11	Adipogenesis	ORM1
11	Adipogenesis	PDCD4
11	Adipogenesis	PEMT
11	Adipogenesis	PEX14
11	Adipogenesis	PFKFB3
11	Adipogenesis	PFKL
11	Adipogenesis	PGM1
11	Adipogenesis	PHLDB1
11	Adipogenesis	PHYH
11	Adipogenesis	PIM3
11	Adipogenesis	PLIN2
11	Adipogenesis	POR
11	Adipogenesis	PPARG
11	Adipogenesis	PPM1B
11	Adipogenesis	PPP1R15B
11	Adipogenesis	PRDX3
11	Adipogenesis	PREB
11	Adipogenesis	PTCD3
11	Adipogenesis	PTGER3
11	Adipogenesis	QDPR
11	Adipogenesis	RAB34
11	Adipogenesis	REEP5
11	Adipogenesis	REEP6
11	Adipogenesis	RETN
11	Adipogenesis	RETSAT
11	Adipogenesis	RIOK3
11	Adipogenesis	RMDN3
11	Adipogenesis	RNF11
11	Adipogenesis	RREB1
11	Adipogenesis	RTN3
11	Adipogenesis	SAMM50
11	Adipogenesis	SCARB1
11	Adipogenesis	SCP2
11	Adipogenesis	SDHB
11	Adipogenesis	SDHC
11	Adipogenesis	SLC19A1
11	Adipogenesis	SLC1A5
11	Adipogenesis	SLC25A1
11	Adipogenesis	SLC25A10
11	Adipogenesis	SLC27A1
11	Adipogenesis	SLC5A6
11	Adipogenesis	SLC66A3
11	Adipogenesis	SNCG
11	Adipogenesis	SOD1
11	Adipogenesis	SORBS1
11	Adipogenesis	SOWAHC
11	Adipogenesis	SPARCL1
11	Adipogenesis	SQOR
11	Adipogenesis	SSPN
11	Adipogenesis	STAT5A
11	Adipogenesis	STOM
11	Adipogenesis	SUCLG1
11	Adipogenesis	SULT1A1
11	Adipogenesis	TALDO1
11	Adipogenesis	TANK
11	Adipogenesis	TKT
11	Adipogenesis	TOB1
11	Adipogenesis	TST
11	Adipogenesis	UBC
11	Adipogenesis	UBQLN1
11	Adipogenesis	UCK1
11	Adipogenesis	UCP2
11	Adipogenesis	UQCR10
11	Adipogenesis	UQCR11
11	Adipogenesis	UQCRC1
11	Adipogenesis	UQCRQ
11	Adipogenesis	VEGFB
11	Adipogenesis	YWHAG
12	Estrogen Response Early	ABAT
12	Estrogen Response Early	ABCA3
12	Estrogen Response Early	ABHD2
12	Estrogen Response Early	ABLIM1
12	Estrogen Response Early	ADCY1
12	Estrogen Response Early	ADCY9
12	Estrogen Response Early	ADD3
12	Estrogen Response Early	AFF1
12	Estrogen Response Early	AKAP1
12	Estrogen Response Early	ALDH3B1
12	Estrogen Response Early	AMFR
12	Estrogen Response Early	ANXA9
12	Estrogen Response Early	AQP3
12	Estrogen Response Early	AR
12	Estrogen Response Early	AREG
12	Estrogen Response Early	ARL3
12	Estrogen Response Early	ASB13
12	Estrogen Response Early	B4GALT1
12	Estrogen Response Early	BAG1
12	Estrogen Response Early	BCL11B
12	Estrogen Response Early	BCL2
12	Estrogen Response Early	BHLHE40
12	Estrogen Response Early	BLVRB
12	Estrogen Response Early	CA12
12	Estrogen Response Early	CALB2
12	Estrogen Response Early	CALCR
12	Estrogen Response Early	CANT1
12	Estrogen Response Early	CBFA2T3
12	Estrogen Response Early	CCN5
12	Estrogen Response Early	CCND1
12	Estrogen Response Early	CD44
12	Estrogen Response Early	CELSR1
12	Estrogen Response Early	CELSR2
12	Estrogen Response Early	CHPT1
12	Estrogen Response Early	CISH
12	Estrogen Response Early	CLDN7
12	Estrogen Response Early	CLIC3
12	Estrogen Response Early	CXCL12
12	Estrogen Response Early	CYP26B1
12	Estrogen Response Early	DEPTOR
12	Estrogen Response Early	DHCR7
12	Estrogen Response Early	DHRS2
12	Estrogen Response Early	DHRS3
12	Estrogen Response Early	DLC1
12	Estrogen Response Early	DYNLT3
12	Estrogen Response Early	EGR3
12	Estrogen Response Early	ELF1
12	Estrogen Response Early	ELF3
12	Estrogen Response Early	ELOVL2
12	Estrogen Response Early	ELOVL5
12	Estrogen Response Early	ENDOD1
12	Estrogen Response Early	ESRP2
12	Estrogen Response Early	FAM102A
12	Estrogen Response Early	FARP1
12	Estrogen Response Early	FASN
12	Estrogen Response Early	FCMR
12	Estrogen Response Early	FDFT1
12	Estrogen Response Early	FHL2
12	Estrogen Response Early	FKBP4
12	Estrogen Response Early	FKBP5
12	Estrogen Response Early	FLNB
12	Estrogen Response Early	FOS
12	Estrogen Response Early	FOXC1
12	Estrogen Response Early	FRK
12	Estrogen Response Early	GAB2
12	Estrogen Response Early	GFRA1
12	Estrogen Response Early	GJA1
12	Estrogen Response Early	GLA
12	Estrogen Response Early	GREB1
12	Estrogen Response Early	HES1
12	Estrogen Response Early	HR
12	Estrogen Response Early	HSPB8
12	Estrogen Response Early	IGF1R
12	Estrogen Response Early	IGFBP4
12	Estrogen Response Early	IL17RB
12	Estrogen Response Early	IL6ST
12	Estrogen Response Early	INHBB
12	Estrogen Response Early	INPP5F
12	Estrogen Response Early	ISG20L2
12	Estrogen Response Early	ITPK1
12	Estrogen Response Early	JAK2
12	Estrogen Response Early	KAZN
12	Estrogen Response Early	KCNK15
12	Estrogen Response Early	KCNK5
12	Estrogen Response Early	KDM4B
12	Estrogen Response Early	KLF10
12	Estrogen Response Early	KLF4
12	Estrogen Response Early	KLK10
12	Estrogen Response Early	KRT13
12	Estrogen Response Early	KRT15
12	Estrogen Response Early	KRT18
12	Estrogen Response Early	KRT19
12	Estrogen Response Early	KRT8
12	Estrogen Response Early	LAD1
12	Estrogen Response Early	LRIG1
12	Estrogen Response Early	MAPT
12	Estrogen Response Early	MAST4
12	Estrogen Response Early	MED13L
12	Estrogen Response Early	MED24
12	Estrogen Response Early	MICB
12	Estrogen Response Early	MINDY1
12	Estrogen Response Early	MLPH
12	Estrogen Response Early	MPPED2
12	Estrogen Response Early	MREG
12	Estrogen Response Early	MSMB
12	Estrogen Response Early	MUC1
12	Estrogen Response Early	MYB
12	Estrogen Response Early	MYBBP1A
12	Estrogen Response Early	MYBL1
12	Estrogen Response Early	MYC
12	Estrogen Response Early	MYOF
12	Estrogen Response Early	NADSYN1
12	Estrogen Response Early	NAV2
12	Estrogen Response Early	NBL1
12	Estrogen Response Early	NCOR2
12	Estrogen Response Early	NPY1R
12	Estrogen Response Early	NRIP1
12	Estrogen Response Early	NXT1
12	Estrogen Response Early	OLFM1
12	Estrogen Response Early	OLFML3
12	Estrogen Response Early	OPN3
12	Estrogen Response Early	OVOL2
12	Estrogen Response Early	P2RY2
12	Estrogen Response Early	PAPSS2
12	Estrogen Response Early	PDLIM3
12	Estrogen Response Early	PDZK1
12	Estrogen Response Early	PEX11A
12	Estrogen Response Early	PGR
12	Estrogen Response Early	PLAAT3
12	Estrogen Response Early	PMAIP1
12	Estrogen Response Early	PODXL
12	Estrogen Response Early	PPIF
12	Estrogen Response Early	PRSS23
12	Estrogen Response Early	PTGES
12	Estrogen Response Early	RAB17
12	Estrogen Response Early	RAB31
12	Estrogen Response Early	RAPGEFL1
12	Estrogen Response Early	RARA
12	Estrogen Response Early	RASGRP1
12	Estrogen Response Early	RBBP8
12	Estrogen Response Early	REEP1
12	Estrogen Response Early	RET
12	Estrogen Response Early	RETREG1
12	Estrogen Response Early	RHOBTB3
12	Estrogen Response Early	RHOD
12	Estrogen Response Early	RPS6KA2
12	Estrogen Response Early	RRP12
12	Estrogen Response Early	SCARB1
12	Estrogen Response Early	SCNN1A
12	Estrogen Response Early	SEC14L2
12	Estrogen Response Early	SEMA3B
12	Estrogen Response Early	SFN
12	Estrogen Response Early	SH3BP5
12	Estrogen Response Early	SIAH2
12	Estrogen Response Early	SLC16A1
12	Estrogen Response Early	SLC19A2
12	Estrogen Response Early	SLC1A1
12	Estrogen Response Early	SLC1A4
12	Estrogen Response Early	SLC22A5
12	Estrogen Response Early	SLC24A3
12	Estrogen Response Early	SLC26A2
12	Estrogen Response Early	SLC27A2
12	Estrogen Response Early	SLC2A1
12	Estrogen Response Early	SLC37A1
12	Estrogen Response Early	SLC39A6
12	Estrogen Response Early	SLC7A2
12	Estrogen Response Early	SLC7A5
12	Estrogen Response Early	SLC9A3R1
12	Estrogen Response Early	SNX24
12	Estrogen Response Early	SOX3
12	Estrogen Response Early	STC2
12	Estrogen Response Early	SULT2B1
12	Estrogen Response Early	SVIL
12	Estrogen Response Early	SYBU
12	Estrogen Response Early	SYNGR1
12	Estrogen Response Early	SYT12
12	Estrogen Response Early	TBC1D30
12	Estrogen Response Early	TFAP2C
12	Estrogen Response Early	TFF1
12	Estrogen Response Early	TFF3
12	Estrogen Response Early	TGIF2
12	Estrogen Response Early	TGM2
12	Estrogen Response Early	THSD4
12	Estrogen Response Early	TIAM1
12	Estrogen Response Early	TIPARP
12	Estrogen Response Early	TJP3
12	Estrogen Response Early	TMEM164
12	Estrogen Response Early	TMPRSS3
12	Estrogen Response Early	TOB1
12	Estrogen Response Early	TPBG
12	Estrogen Response Early	TPD52L1
12	Estrogen Response Early	TSKU
12	Estrogen Response Early	TTC39A
12	Estrogen Response Early	TUBB2B
12	Estrogen Response Early	UGCG
12	Estrogen Response Early	UNC119
12	Estrogen Response Early	WFS1
12	Estrogen Response Early	WWC1
12	Estrogen Response Early	XBP1
12	Estrogen Response Early	ZNF185
13	Estrogen Response Late	ABCA3
13	Estrogen Response Late	ABHD2
13	Estrogen Response Late	ACOX2
13	Estrogen Response Late	ADD3
13	Estrogen Response Late	AFF1
13	Estrogen Response Late	AGR2
13	Estrogen Response Late	ALDH3A2
13	Estrogen Response Late	ALDH3B1
13	Estrogen Response Late	AMFR
13	Estrogen Response Late	ANXA9
13	Estrogen Response Late	AREG
13	Estrogen Response Late	ARL3
13	Estrogen Response Late	ASCL1
13	Estrogen Response Late	ASS1
13	Estrogen Response Late	ATP2B4
13	Estrogen Response Late	BAG1
13	Estrogen Response Late	BATF
13	Estrogen Response Late	BCL2
13	Estrogen Response Late	BLVRB
13	Estrogen Response Late	BTG3
13	Estrogen Response Late	CA12
13	Estrogen Response Late	CA2
13	Estrogen Response Late	CACNA2D2
13	Estrogen Response Late	CALCR
13	Estrogen Response Late	CAV1
13	Estrogen Response Late	CCN5
13	Estrogen Response Late	CCNA1
13	Estrogen Response Late	CCND1
13	Estrogen Response Late	CD44
13	Estrogen Response Late	CD9
13	Estrogen Response Late	CDC20
13	Estrogen Response Late	CDC6
13	Estrogen Response Late	CDH1
13	Estrogen Response Late	CELSR2
13	Estrogen Response Late	CHPT1
13	Estrogen Response Late	CHST8
13	Estrogen Response Late	CISH
13	Estrogen Response Late	CKB
13	Estrogen Response Late	CLIC3
13	Estrogen Response Late	COX6C
13	Estrogen Response Late	CPE
13	Estrogen Response Late	CXCL12
13	Estrogen Response Late	CXCL14
13	Estrogen Response Late	CYP26B1
13	Estrogen Response Late	CYP4F11
13	Estrogen Response Late	DCXR
13	Estrogen Response Late	DHCR7
13	Estrogen Response Late	DHRS2
13	Estrogen Response Late	DLG5
13	Estrogen Response Late	DNAJC1
13	Estrogen Response Late	DNAJC12
13	Estrogen Response Late	DUSP2
13	Estrogen Response Late	DYNLT3
13	Estrogen Response Late	EGR3
13	Estrogen Response Late	ELOVL5
13	Estrogen Response Late	EMP2
13	Estrogen Response Late	ETFB
13	Estrogen Response Late	FABP5
13	Estrogen Response Late	FAM102A
13	Estrogen Response Late	FARP1
13	Estrogen Response Late	FDFT1
13	Estrogen Response Late	FGFR3
13	Estrogen Response Late	FKBP4
13	Estrogen Response Late	FKBP5
13	Estrogen Response Late	FLNB
13	Estrogen Response Late	FOS
13	Estrogen Response Late	FOXC1
13	Estrogen Response Late	FRK
13	Estrogen Response Late	GAL
13	Estrogen Response Late	GALE
13	Estrogen Response Late	GINS2
13	Estrogen Response Late	GJB3
13	Estrogen Response Late	GLA
13	Estrogen Response Late	GPER1
13	Estrogen Response Late	HMGCS2
13	Estrogen Response Late	HOMER2
13	Estrogen Response Late	HPRT1
13	Estrogen Response Late	HR
13	Estrogen Response Late	HSPA4L
13	Estrogen Response Late	HSPB8
13	Estrogen Response Late	ID2
13	Estrogen Response Late	IDH2
13	Estrogen Response Late	IGFBP4
13	Estrogen Response Late	IGSF1
13	Estrogen Response Late	IL17RB
13	Estrogen Response Late	IL6ST
13	Estrogen Response Late	IMPA2
13	Estrogen Response Late	ISG20
13	Estrogen Response Late	ITPK1
13	Estrogen Response Late	JAK1
13	Estrogen Response Late	JAK2
13	Estrogen Response Late	KCNK5
13	Estrogen Response Late	KIF20A
13	Estrogen Response Late	KLF4
13	Estrogen Response Late	KLK10
13	Estrogen Response Late	KLK11
13	Estrogen Response Late	KRT13
13	Estrogen Response Late	KRT19
13	Estrogen Response Late	LAMC2
13	Estrogen Response Late	LARGE1
13	Estrogen Response Late	LLGL2
13	Estrogen Response Late	LSR
13	Estrogen Response Late	LTF
13	Estrogen Response Late	MAPK13
13	Estrogen Response Late	MAPT
13	Estrogen Response Late	MDK
13	Estrogen Response Late	MEST
13	Estrogen Response Late	METTL3
13	Estrogen Response Late	MICB
13	Estrogen Response Late	MOCS2
13	Estrogen Response Late	MYB
13	Estrogen Response Late	MYOF
13	Estrogen Response Late	NAB2
13	Estrogen Response Late	NBL1
13	Estrogen Response Late	NCOR2
13	Estrogen Response Late	NMU
13	Estrogen Response Late	NPY1R
13	Estrogen Response Late	NRIP1
13	Estrogen Response Late	NXT1
13	Estrogen Response Late	OLFM1
13	Estrogen Response Late	OPN3
13	Estrogen Response Late	OVOL2
13	Estrogen Response Late	PAPSS2
13	Estrogen Response Late	PCP4
13	Estrogen Response Late	PDCD4
13	Estrogen Response Late	PDLIM3
13	Estrogen Response Late	PDZK1
13	Estrogen Response Late	PERP
13	Estrogen Response Late	PGR
13	Estrogen Response Late	PKP3
13	Estrogen Response Late	PLAAT3
13	Estrogen Response Late	PLAC1
13	Estrogen Response Late	PLK4
13	Estrogen Response Late	PLXNB1
13	Estrogen Response Late	PPIF
13	Estrogen Response Late	PRKAR2B
13	Estrogen Response Late	PRLR
13	Estrogen Response Late	PRSS23
13	Estrogen Response Late	PTGER3
13	Estrogen Response Late	PTGES
13	Estrogen Response Late	PTPN6
13	Estrogen Response Late	RAB31
13	Estrogen Response Late	RABEP1
13	Estrogen Response Late	RAPGEFL1
13	Estrogen Response Late	RBBP8
13	Estrogen Response Late	RET
13	Estrogen Response Late	RNASEH2A
13	Estrogen Response Late	RPS6KA2
13	Estrogen Response Late	S100A9
13	Estrogen Response Late	SCARB1
13	Estrogen Response Late	SCNN1A
13	Estrogen Response Late	SCUBE2
13	Estrogen Response Late	SEMA3B
13	Estrogen Response Late	SERPINA1
13	Estrogen Response Late	SERPINA3
13	Estrogen Response Late	SERPINA5
13	Estrogen Response Late	SFN
13	Estrogen Response Late	SGK1
13	Estrogen Response Late	SIAH2
13	Estrogen Response Late	SLC16A1
13	Estrogen Response Late	SLC1A4
13	Estrogen Response Late	SLC22A5
13	Estrogen Response Late	SLC24A3
13	Estrogen Response Late	SLC26A2
13	Estrogen Response Late	SLC27A2
13	Estrogen Response Late	SLC29A1
13	Estrogen Response Late	SLC2A8
13	Estrogen Response Late	SLC7A5
13	Estrogen Response Late	SLC9A3R1
13	Estrogen Response Late	SNX10
13	Estrogen Response Late	SORD
13	Estrogen Response Late	SOX3
13	Estrogen Response Late	ST14
13	Estrogen Response Late	ST6GALNAC2
13	Estrogen Response Late	STIL
13	Estrogen Response Late	SULT2B1
13	Estrogen Response Late	TFAP2C
13	Estrogen Response Late	TFF1
13	Estrogen Response Late	TFF3
13	Estrogen Response Late	TFPI2
13	Estrogen Response Late	TH
13	Estrogen Response Late	TIAM1
13	Estrogen Response Late	TJP3
13	Estrogen Response Late	TMPRSS3
13	Estrogen Response Late	TNNC1
13	Estrogen Response Late	TOB1
13	Estrogen Response Late	TOP2A
13	Estrogen Response Late	TPBG
13	Estrogen Response Late	TPD52L1
13	Estrogen Response Late	TPSAB1
13	Estrogen Response Late	TRIM29
13	Estrogen Response Late	TSPAN13
13	Estrogen Response Late	TST
13	Estrogen Response Late	TSTA3
13	Estrogen Response Late	UGDH
13	Estrogen Response Late	UNC13B
13	Estrogen Response Late	WFS1
13	Estrogen Response Late	XBP1
13	Estrogen Response Late	XRCC3
13	Estrogen Response Late	ZFP36
14	Androgen Response	ABCC4
14	Androgen Response	ABHD2
14	Androgen Response	ACSL3
14	Androgen Response	ACTN1
14	Androgen Response	ADAMTS1
14	Androgen Response	ADRM1
14	Androgen Response	AKAP12
14	Androgen Response	AKT1
14	Androgen Response	ALDH1A3
14	Androgen Response	ANKH
14	Androgen Response	APPBP2
14	Androgen Response	ARID5B
14	Androgen Response	AZGP1
14	Androgen Response	B2M
14	Androgen Response	B4GALT1
14	Androgen Response	BMPR1B
14	Androgen Response	CAMKK2
14	Androgen Response	CCND1
14	Androgen Response	CCND3
14	Androgen Response	CDC14B
14	Androgen Response	CDK6
14	Androgen Response	CENPN
14	Androgen Response	DBI
14	Androgen Response	DHCR24
14	Androgen Response	DNAJB9
14	Androgen Response	ELK4
14	Androgen Response	ELL2
14	Androgen Response	ELOVL5
14	Androgen Response	FADS1
14	Androgen Response	FKBP5
14	Androgen Response	GNAI3
14	Androgen Response	GPD1L
14	Androgen Response	GSR
14	Androgen Response	GUCY1A1
14	Androgen Response	H1-0
14	Androgen Response	HERC3
14	Androgen Response	HMGCR
14	Androgen Response	HMGCS1
14	Androgen Response	HOMER2
14	Androgen Response	HPGD
14	Androgen Response	HSD17B14
14	Androgen Response	IDI1
14	Androgen Response	INPP4B
14	Androgen Response	INSIG1
14	Androgen Response	IQGAP2
14	Androgen Response	ITGAV
14	Androgen Response	KLK2
14	Androgen Response	KLK3
14	Androgen Response	KRT19
14	Androgen Response	KRT8
14	Androgen Response	LIFR
14	Androgen Response	LMAN1
14	Androgen Response	MAF
14	Androgen Response	MAK
14	Androgen Response	MAP7
14	Androgen Response	MERTK
14	Androgen Response	MYL12A
14	Androgen Response	NCOA4
14	Androgen Response	NDRG1
14	Androgen Response	NGLY1
14	Androgen Response	NKX3-1
14	Androgen Response	PA2G4
14	Androgen Response	PDLIM5
14	Androgen Response	PGM3
14	Androgen Response	PIAS1
14	Androgen Response	PLPP1
14	Androgen Response	PMEPA1
14	Androgen Response	PTK2B
14	Androgen Response	PTPN21
14	Androgen Response	RAB4A
14	Androgen Response	RPS6KA3
14	Androgen Response	RRP12
14	Androgen Response	SAT1
14	Androgen Response	SCD
14	Androgen Response	SEC24D
14	Androgen Response	SELENOP
14	Androgen Response	SGK1
14	Androgen Response	SLC26A2
14	Androgen Response	SLC38A2
14	Androgen Response	SMS
14	Androgen Response	SORD
14	Androgen Response	SPCS3
14	Androgen Response	SPDEF
14	Androgen Response	SRF
14	Androgen Response	SRP19
14	Androgen Response	STEAP4
14	Androgen Response	STK39
14	Androgen Response	TMEM50A
14	Androgen Response	TMPRSS2
14	Androgen Response	TNFAIP8
14	Androgen Response	TPD52
14	Androgen Response	TSC22D1
14	Androgen Response	UAP1
14	Androgen Response	UBE2I
14	Androgen Response	UBE2J1
14	Androgen Response	VAPA
14	Androgen Response	XRCC5
14	Androgen Response	XRCC6
14	Androgen Response	ZBTB10
14	Androgen Response	ZMIZ1
15	Myogenesis	ABLIM1
15	Myogenesis	ACHE
15	Myogenesis	ACSL1
15	Myogenesis	ACTA1
15	Myogenesis	ACTC1
15	Myogenesis	ACTN2
15	Myogenesis	ACTN3
15	Myogenesis	ADAM12
15	Myogenesis	ADCY9
15	Myogenesis	AEBP1
15	Myogenesis	AGL
15	Myogenesis	AGRN
15	Myogenesis	AK1
15	Myogenesis	AKT2
15	Myogenesis	ANKRD2
15	Myogenesis	APLNR
15	Myogenesis	APOD
15	Myogenesis	APP
15	Myogenesis	ATP2A1
15	Myogenesis	ATP6AP1
15	Myogenesis	BAG1
15	Myogenesis	BDKRB2
15	Myogenesis	BHLHE40
15	Myogenesis	BIN1
15	Myogenesis	CACNA1H
15	Myogenesis	CACNG1
15	Myogenesis	CAMK2B
15	Myogenesis	CASQ1
15	Myogenesis	CASQ2
15	Myogenesis	CAV3
15	Myogenesis	CD36
15	Myogenesis	CDH13
15	Myogenesis	CDKN1A
15	Myogenesis	CFD
15	Myogenesis	CHRNA1
15	Myogenesis	CHRNB1
15	Myogenesis	CHRNG
15	Myogenesis	CKB
15	Myogenesis	CKM
15	Myogenesis	CKMT2
15	Myogenesis	CLU
15	Myogenesis	CNN3
15	Myogenesis	COL15A1
15	Myogenesis	COL1A1
15	Myogenesis	COL3A1
15	Myogenesis	COL4A2
15	Myogenesis	COL6A2
15	Myogenesis	COL6A3
15	Myogenesis	COX6A2
15	Myogenesis	COX7A1
15	Myogenesis	CRAT
15	Myogenesis	CRYAB
15	Myogenesis	CSRP3
15	Myogenesis	CTF1
15	Myogenesis	DAPK2
15	Myogenesis	DENND2B
15	Myogenesis	DES
15	Myogenesis	DMD
15	Myogenesis	DMPK
15	Myogenesis	DTNA
15	Myogenesis	EFS
15	Myogenesis	EIF4A2
15	Myogenesis	ENO3
15	Myogenesis	EPHB3
15	Myogenesis	ERBB3
15	Myogenesis	FABP3
15	Myogenesis	FDPS
15	Myogenesis	FGF2
15	Myogenesis	FHL1
15	Myogenesis	FKBP1B
15	Myogenesis	FLII
15	Myogenesis	FOXO4
15	Myogenesis	FST
15	Myogenesis	FXYD1
15	Myogenesis	GAA
15	Myogenesis	GABARAPL2
15	Myogenesis	GADD45B
15	Myogenesis	GJA5
15	Myogenesis	GNAO1
15	Myogenesis	GPX3
15	Myogenesis	GSN
15	Myogenesis	HBEGF
15	Myogenesis	HDAC5
15	Myogenesis	HRC
15	Myogenesis	HSPB2
15	Myogenesis	HSPB8
15	Myogenesis	IFRD1
15	Myogenesis	IGF1
15	Myogenesis	IGFBP3
15	Myogenesis	IGFBP7
15	Myogenesis	ITGA7
15	Myogenesis	ITGB1
15	Myogenesis	ITGB4
15	Myogenesis	ITGB5
15	Myogenesis	KCNH1
15	Myogenesis	KCNH2
15	Myogenesis	KIFC3
15	Myogenesis	KLF5
15	Myogenesis	LAMA2
15	Myogenesis	LARGE1
15	Myogenesis	LDB3
15	Myogenesis	LPIN1
15	Myogenesis	LSP1
15	Myogenesis	MAPK12
15	Myogenesis	MAPRE3
15	Myogenesis	MB
15	Myogenesis	MEF2A
15	Myogenesis	MEF2C
15	Myogenesis	MEF2D
15	Myogenesis	MRAS
15	Myogenesis	MYBPC3
15	Myogenesis	MYBPH
15	Myogenesis	MYF6
15	Myogenesis	MYH1
15	Myogenesis	MYH11
15	Myogenesis	MYH2
15	Myogenesis	MYH3
15	Myogenesis	MYH4
15	Myogenesis	MYH7
15	Myogenesis	MYH8
15	Myogenesis	MYH9
15	Myogenesis	MYL1
15	Myogenesis	MYL2
15	Myogenesis	MYL3
15	Myogenesis	MYL4
15	Myogenesis	MYL6B
15	Myogenesis	MYL7
15	Myogenesis	MYLK
15	Myogenesis	MYLPF
15	Myogenesis	MYO1C
15	Myogenesis	MYOG
15	Myogenesis	MYOM1
15	Myogenesis	MYOM2
15	Myogenesis	MYOZ1
15	Myogenesis	NAV2
15	Myogenesis	NCAM1
15	Myogenesis	NOS1
15	Myogenesis	NOTCH1
15	Myogenesis	NQO1
15	Myogenesis	OCEL1
15	Myogenesis	PC
15	Myogenesis	PDE4DIP
15	Myogenesis	PDLIM7
15	Myogenesis	PFKM
15	Myogenesis	PGAM2
15	Myogenesis	PICK1
15	Myogenesis	PKIA
15	Myogenesis	PLXNB2
15	Myogenesis	PPFIA4
15	Myogenesis	PPP1R3C
15	Myogenesis	PRNP
15	Myogenesis	PSEN2
15	Myogenesis	PTGIS
15	Myogenesis	PTP4A3
15	Myogenesis	PVALB
15	Myogenesis	PYGM
15	Myogenesis	RB1
15	Myogenesis	REEP1
15	Myogenesis	RIT1
15	Myogenesis	RYR1
15	Myogenesis	SCD
15	Myogenesis	SCHIP1
15	Myogenesis	SGCA
15	Myogenesis	SGCD
15	Myogenesis	SGCG
15	Myogenesis	SH2B1
15	Myogenesis	SH3BGR
15	Myogenesis	SIRT2
15	Myogenesis	SLC6A8
15	Myogenesis	SLN
15	Myogenesis	SMTN
15	Myogenesis	SOD3
15	Myogenesis	SORBS1
15	Myogenesis	SORBS3
15	Myogenesis	SPARC
15	Myogenesis	SPDEF
15	Myogenesis	SPEG
15	Myogenesis	SPHK1
15	Myogenesis	SPTAN1
15	Myogenesis	SSPN
15	Myogenesis	STC2
15	Myogenesis	SVIL
15	Myogenesis	SYNGR2
15	Myogenesis	TAGLN
15	Myogenesis	TCAP
15	Myogenesis	TEAD4
15	Myogenesis	TGFB1
15	Myogenesis	TNNC1
15	Myogenesis	TNNC2
15	Myogenesis	TNNI1
15	Myogenesis	TNNI2
15	Myogenesis	TNNT1
15	Myogenesis	TNNT2
15	Myogenesis	TNNT3
15	Myogenesis	TPD52L1
15	Myogenesis	TPM2
15	Myogenesis	TPM3
15	Myogenesis	TSC2
15	Myogenesis	VIPR1
15	Myogenesis	WWTR1
16	Protein Secretion	ABCA1
16	Protein Secretion	ADAM10
16	Protein Secretion	ANP32E
16	Protein Secretion	AP1G1
16	Protein Secretion	AP2B1
16	Protein Secretion	AP2M1
16	Protein Secretion	AP2S1
16	Protein Secretion	AP3B1
16	Protein Secretion	AP3S1
16	Protein Secretion	ARCN1
16	Protein Secretion	ARF1
16	Protein Secretion	ARFGAP3
16	Protein Secretion	ARFGEF1
16	Protein Secretion	ARFGEF2
16	Protein Secretion	ARFIP1
16	Protein Secretion	ATP1A1
16	Protein Secretion	ATP6V1B1
16	Protein Secretion	ATP6V1H
16	Protein Secretion	ATP7A
16	Protein Secretion	BET1
16	Protein Secretion	BNIP3
16	Protein Secretion	CAV2
16	Protein Secretion	CD63
16	Protein Secretion	CLCN3
16	Protein Secretion	CLN5
16	Protein Secretion	CLTA
16	Protein Secretion	CLTC
16	Protein Secretion	COG2
16	Protein Secretion	COPB1
16	Protein Secretion	COPB2
16	Protein Secretion	COPE
16	Protein Secretion	CTSC
16	Protein Secretion	DNM1L
16	Protein Secretion	DOP1A
16	Protein Secretion	DST
16	Protein Secretion	EGFR
16	Protein Secretion	ERGIC3
16	Protein Secretion	GALC
16	Protein Secretion	GBF1
16	Protein Secretion	GLA
16	Protein Secretion	GNAS
16	Protein Secretion	GOLGA4
16	Protein Secretion	GOSR2
16	Protein Secretion	ICA1
16	Protein Secretion	IGF2R
16	Protein Secretion	KIF1B
16	Protein Secretion	KRT18
16	Protein Secretion	LAMP2
16	Protein Secretion	LMAN1
16	Protein Secretion	M6PR
16	Protein Secretion	MAPK1
16	Protein Secretion	MON2
16	Protein Secretion	NAPA
16	Protein Secretion	NAPG
16	Protein Secretion	OCRL
16	Protein Secretion	PAM
16	Protein Secretion	PPT1
16	Protein Secretion	RAB14
16	Protein Secretion	RAB22A
16	Protein Secretion	RAB2A
16	Protein Secretion	RAB5A
16	Protein Secretion	RAB9A
16	Protein Secretion	RER1
16	Protein Secretion	RPS6KA3
16	Protein Secretion	SCAMP1
16	Protein Secretion	SCAMP3
16	Protein Secretion	SCRN1
16	Protein Secretion	SEC22B
16	Protein Secretion	SEC24D
16	Protein Secretion	SEC31A
16	Protein Secretion	SGMS1
16	Protein Secretion	SH3GL2
16	Protein Secretion	SNAP23
16	Protein Secretion	SNX2
16	Protein Secretion	SOD1
16	Protein Secretion	SSPN
16	Protein Secretion	STAM
16	Protein Secretion	STX12
16	Protein Secretion	STX16
16	Protein Secretion	STX7
16	Protein Secretion	TMED10
16	Protein Secretion	TMED2
16	Protein Secretion	TMX1
16	Protein Secretion	TOM1L1
16	Protein Secretion	TPD52
16	Protein Secretion	TSG101
16	Protein Secretion	TSPAN8
16	Protein Secretion	USO1
16	Protein Secretion	VAMP3
16	Protein Secretion	VAMP4
16	Protein Secretion	VAMP7
16	Protein Secretion	VPS45
16	Protein Secretion	VPS4B
16	Protein Secretion	YIPF6
16	Protein Secretion	YKT6
16	Protein Secretion	ZW10
17	Interferon Alpha Response	ADAR
17	Interferon Alpha Response	B2M
17	Interferon Alpha Response	BATF2
17	Interferon Alpha Response	BST2
17	Interferon Alpha Response	C1S
17	Interferon Alpha Response	CASP1
17	Interferon Alpha Response	CASP8
17	Interferon Alpha Response	CCRL2
17	Interferon Alpha Response	CD47
17	Interferon Alpha Response	CD74
17	Interferon Alpha Response	CMPK2
17	Interferon Alpha Response	CMTR1
17	Interferon Alpha Response	CNP
17	Interferon Alpha Response	CSF1
17	Interferon Alpha Response	CXCL10
17	Interferon Alpha Response	CXCL11
17	Interferon Alpha Response	DDX60
17	Interferon Alpha Response	DHX58
17	Interferon Alpha Response	EIF2AK2
17	Interferon Alpha Response	ELF1
17	Interferon Alpha Response	EPSTI1
17	Interferon Alpha Response	GBP2
17	Interferon Alpha Response	GBP4
17	Interferon Alpha Response	GMPR
17	Interferon Alpha Response	HELZ2
17	Interferon Alpha Response	HERC6
17	Interferon Alpha Response	HLA-C
17	Interferon Alpha Response	IFI27
17	Interferon Alpha Response	IFI30
17	Interferon Alpha Response	IFI35
17	Interferon Alpha Response	IFI44
17	Interferon Alpha Response	IFI44L
17	Interferon Alpha Response	IFIH1
17	Interferon Alpha Response	IFIT2
17	Interferon Alpha Response	IFIT3
17	Interferon Alpha Response	IFITM1
17	Interferon Alpha Response	IFITM2
17	Interferon Alpha Response	IFITM3
17	Interferon Alpha Response	IL15
17	Interferon Alpha Response	IL4R
17	Interferon Alpha Response	IL7
17	Interferon Alpha Response	IRF1
17	Interferon Alpha Response	IRF2
17	Interferon Alpha Response	IRF7
17	Interferon Alpha Response	IRF9
17	Interferon Alpha Response	ISG15
17	Interferon Alpha Response	ISG20
17	Interferon Alpha Response	LAMP3
17	Interferon Alpha Response	LAP3
17	Interferon Alpha Response	LGALS3BP
17	Interferon Alpha Response	LPAR6
17	Interferon Alpha Response	LY6E
17	Interferon Alpha Response	MOV10
17	Interferon Alpha Response	MVB12A
17	Interferon Alpha Response	MX1
17	Interferon Alpha Response	NCOA7
17	Interferon Alpha Response	NMI
17	Interferon Alpha Response	NUB1
17	Interferon Alpha Response	OAS1
17	Interferon Alpha Response	OASL
17	Interferon Alpha Response	OGFR
17	Interferon Alpha Response	PARP12
17	Interferon Alpha Response	PARP14
17	Interferon Alpha Response	PARP9
17	Interferon Alpha Response	PLSCR1
17	Interferon Alpha Response	PNPT1
17	Interferon Alpha Response	PROCR
17	Interferon Alpha Response	PSMA3
17	Interferon Alpha Response	PSMB8
17	Interferon Alpha Response	PSMB9
17	Interferon Alpha Response	PSME1
17	Interferon Alpha Response	PSME2
17	Interferon Alpha Response	RIPK2
17	Interferon Alpha Response	RNF31
17	Interferon Alpha Response	RSAD2
17	Interferon Alpha Response	RTP4
17	Interferon Alpha Response	SAMD9
17	Interferon Alpha Response	SAMD9L
17	Interferon Alpha Response	SELL
17	Interferon Alpha Response	SLC25A28
17	Interferon Alpha Response	SP110
17	Interferon Alpha Response	STAT2
17	Interferon Alpha Response	TAP1
17	Interferon Alpha Response	TDRD7
17	Interferon Alpha Response	TENT5A
17	Interferon Alpha Response	TMEM140
17	Interferon Alpha Response	TRAFD1
17	Interferon Alpha Response	TRIM14
17	Interferon Alpha Response	TRIM21
17	Interferon Alpha Response	TRIM25
17	Interferon Alpha Response	TRIM26
17	Interferon Alpha Response	TRIM5
17	Interferon Alpha Response	TXNIP
17	Interferon Alpha Response	UBA7
17	Interferon Alpha Response	UBE2L6
17	Interferon Alpha Response	USP18
17	Interferon Alpha Response	WARS1
18	Interferon Gamma Response	ADAR
18	Interferon Gamma Response	APOL6
18	Interferon Gamma Response	ARID5B
18	Interferon Gamma Response	ARL4A
18	Interferon Gamma Response	AUTS2
18	Interferon Gamma Response	B2M
18	Interferon Gamma Response	BANK1
18	Interferon Gamma Response	BATF2
18	Interferon Gamma Response	BPGM
18	Interferon Gamma Response	BST2
18	Interferon Gamma Response	BTG1
18	Interferon Gamma Response	C1R
18	Interferon Gamma Response	C1S
18	Interferon Gamma Response	CASP1
18	Interferon Gamma Response	CASP3
18	Interferon Gamma Response	CASP4
18	Interferon Gamma Response	CASP7
18	Interferon Gamma Response	CASP8
18	Interferon Gamma Response	CCL2
18	Interferon Gamma Response	CCL5
18	Interferon Gamma Response	CCL7
18	Interferon Gamma Response	CD274
18	Interferon Gamma Response	CD38
18	Interferon Gamma Response	CD40
18	Interferon Gamma Response	CD69
18	Interferon Gamma Response	CD74
18	Interferon Gamma Response	CD86
18	Interferon Gamma Response	CDKN1A
18	Interferon Gamma Response	CFB
18	Interferon Gamma Response	CFH
18	Interferon Gamma Response	CIITA
18	Interferon Gamma Response	CMKLR1
18	Interferon Gamma Response	CMPK2
18	Interferon Gamma Response	CMTR1
18	Interferon Gamma Response	CSF2RB
18	Interferon Gamma Response	CXCL10
18	Interferon Gamma Response	CXCL11
18	Interferon Gamma Response	CXCL9
18	Interferon Gamma Response	DDX58
18	Interferon Gamma Response	DDX60
18	Interferon Gamma Response	DHX58
18	Interferon Gamma Response	EIF2AK2
18	Interferon Gamma Response	EIF4E3
18	Interferon Gamma Response	EPSTI1
18	Interferon Gamma Response	FAS
18	Interferon Gamma Response	FCGR1A
18	Interferon Gamma Response	FGL2
18	Interferon Gamma Response	FPR1
18	Interferon Gamma Response	GBP4
18	Interferon Gamma Response	GBP6
18	Interferon Gamma Response	GCH1
18	Interferon Gamma Response	GPR18
18	Interferon Gamma Response	GZMA
18	Interferon Gamma Response	HELZ2
18	Interferon Gamma Response	HERC6
18	Interferon Gamma Response	HIF1A
18	Interferon Gamma Response	HLA-A
18	Interferon Gamma Response	HLA-B
18	Interferon Gamma Response	HLA-DMA
18	Interferon Gamma Response	HLA-DQA1
18	Interferon Gamma Response	HLA-DRB1
18	Interferon Gamma Response	HLA-G
18	Interferon Gamma Response	ICAM1
18	Interferon Gamma Response	IDO1
18	Interferon Gamma Response	IFI27
18	Interferon Gamma Response	IFI30
18	Interferon Gamma Response	IFI35
18	Interferon Gamma Response	IFI44
18	Interferon Gamma Response	IFI44L
18	Interferon Gamma Response	IFIH1
18	Interferon Gamma Response	IFIT1
18	Interferon Gamma Response	IFIT2
18	Interferon Gamma Response	IFIT3
18	Interferon Gamma Response	IFITM2
18	Interferon Gamma Response	IFITM3
18	Interferon Gamma Response	IFNAR2
18	Interferon Gamma Response	IL10RA
18	Interferon Gamma Response	IL15
18	Interferon Gamma Response	IL15RA
18	Interferon Gamma Response	IL18BP
18	Interferon Gamma Response	IL2RB
18	Interferon Gamma Response	IL4R
18	Interferon Gamma Response	IL6
18	Interferon Gamma Response	IL7
18	Interferon Gamma Response	IRF1
18	Interferon Gamma Response	IRF2
18	Interferon Gamma Response	IRF4
18	Interferon Gamma Response	IRF5
18	Interferon Gamma Response	IRF7
18	Interferon Gamma Response	IRF8
18	Interferon Gamma Response	IRF9
18	Interferon Gamma Response	ISG15
18	Interferon Gamma Response	ISG20
18	Interferon Gamma Response	ISOC1
18	Interferon Gamma Response	ITGB7
18	Interferon Gamma Response	JAK2
18	Interferon Gamma Response	KLRK1
18	Interferon Gamma Response	LAP3
18	Interferon Gamma Response	LATS2
18	Interferon Gamma Response	LCP2
18	Interferon Gamma Response	LGALS3BP
18	Interferon Gamma Response	LY6E
18	Interferon Gamma Response	LYSMD2
18	Interferon Gamma Response	MARCHF1
18	Interferon Gamma Response	METTL7B
18	Interferon Gamma Response	MT2A
18	Interferon Gamma Response	MTHFD2
18	Interferon Gamma Response	MVP
18	Interferon Gamma Response	MX1
18	Interferon Gamma Response	MX2
18	Interferon Gamma Response	MYD88
18	Interferon Gamma Response	NAMPT
18	Interferon Gamma Response	NCOA3
18	Interferon Gamma Response	NFKB1
18	Interferon Gamma Response	NFKBIA
18	Interferon Gamma Response	NLRC5
18	Interferon Gamma Response	NMI
18	Interferon Gamma Response	NOD1
18	Interferon Gamma Response	NUP93
18	Interferon Gamma Response	OAS2
18	Interferon Gamma Response	OAS3
18	Interferon Gamma Response	OASL
18	Interferon Gamma Response	OGFR
18	Interferon Gamma Response	P2RY14
18	Interferon Gamma Response	PARP12
18	Interferon Gamma Response	PARP14
18	Interferon Gamma Response	PDE4B
18	Interferon Gamma Response	PELI1
18	Interferon Gamma Response	PFKP
18	Interferon Gamma Response	PIM1
18	Interferon Gamma Response	PLA2G4A
18	Interferon Gamma Response	PLSCR1
18	Interferon Gamma Response	PML
18	Interferon Gamma Response	PNP
18	Interferon Gamma Response	PNPT1
18	Interferon Gamma Response	PSMA2
18	Interferon Gamma Response	PSMA3
18	Interferon Gamma Response	PSMB10
18	Interferon Gamma Response	PSMB2
18	Interferon Gamma Response	PSMB8
18	Interferon Gamma Response	PSMB9
18	Interferon Gamma Response	PSME1
18	Interferon Gamma Response	PSME2
18	Interferon Gamma Response	PTGS2
18	Interferon Gamma Response	PTPN1
18	Interferon Gamma Response	PTPN2
18	Interferon Gamma Response	PTPN6
18	Interferon Gamma Response	RAPGEF6
18	Interferon Gamma Response	RBCK1
18	Interferon Gamma Response	RIPK1
18	Interferon Gamma Response	RIPK2
18	Interferon Gamma Response	RNF213
18	Interferon Gamma Response	RNF31
18	Interferon Gamma Response	RSAD2
18	Interferon Gamma Response	RTP4
18	Interferon Gamma Response	SAMD9L
18	Interferon Gamma Response	SAMHD1
18	Interferon Gamma Response	SECTM1
18	Interferon Gamma Response	SELP
18	Interferon Gamma Response	SERPING1
18	Interferon Gamma Response	SLAMF7
18	Interferon Gamma Response	SLC25A28
18	Interferon Gamma Response	SOCS1
18	Interferon Gamma Response	SOCS3
18	Interferon Gamma Response	SOD2
18	Interferon Gamma Response	SP110
18	Interferon Gamma Response	SPPL2A
18	Interferon Gamma Response	SRI
18	Interferon Gamma Response	SSPN
18	Interferon Gamma Response	ST3GAL5
18	Interferon Gamma Response	ST8SIA4
18	Interferon Gamma Response	STAT1
18	Interferon Gamma Response	STAT2
18	Interferon Gamma Response	STAT3
18	Interferon Gamma Response	STAT4
18	Interferon Gamma Response	TAP1
18	Interferon Gamma Response	TAPBP
18	Interferon Gamma Response	TDRD7
18	Interferon Gamma Response	TNFAIP2
18	Interferon Gamma Response	TNFAIP3
18	Interferon Gamma Response	TNFAIP6
18	Interferon Gamma Response	TNFSF10
18	Interferon Gamma Response	TOR1B
18	Interferon Gamma Response	TRAFD1
18	Interferon Gamma Response	TRIM14
18	Interferon Gamma Response	TRIM21
18	Interferon Gamma Response	TRIM25
18	Interferon Gamma Response	TRIM26
18	Interferon Gamma Response	TXNIP
18	Interferon Gamma Response	UBE2L6
18	Interferon Gamma Response	UPP1
18	Interferon Gamma Response	USP18
18	Interferon Gamma Response	VAMP5
18	Interferon Gamma Response	VAMP8
18	Interferon Gamma Response	VCAM1
18	Interferon Gamma Response	WARS1
18	Interferon Gamma Response	XAF1
18	Interferon Gamma Response	XCL1
18	Interferon Gamma Response	ZBP1
18	Interferon Gamma Response	ZNFX1
19	Apical Junction	ACTA1
19	Apical Junction	ACTB
19	Apical Junction	ACTC1
19	Apical Junction	ACTG1
19	Apical Junction	ACTG2
19	Apical Junction	ACTN1
19	Apical Junction	ACTN2
19	Apical Junction	ACTN3
19	Apical Junction	ACTN4
19	Apical Junction	ADAM15
19	Apical Junction	ADAM23
19	Apical Junction	ADAM9
19	Apical Junction	ADAMTS5
19	Apical Junction	ADRA1B
19	Apical Junction	AKT2
19	Apical Junction	AKT3
19	Apical Junction	ALOX15B
19	Apical Junction	AMH
19	Apical Junction	AMIGO1
19	Apical Junction	AMIGO2
19	Apical Junction	ARHGEF6
19	Apical Junction	ARPC2
19	Apical Junction	ATP1A3
19	Apical Junction	B4GALT1
19	Apical Junction	BAIAP2
19	Apical Junction	BMP1
19	Apical Junction	CADM2
19	Apical Junction	CADM3
19	Apical Junction	CALB2
19	Apical Junction	CAP1
19	Apical Junction	CD209
19	Apical Junction	CD274
19	Apical Junction	CD276
19	Apical Junction	CD34
19	Apical Junction	CD86
19	Apical Junction	CD99
19	Apical Junction	CDH1
19	Apical Junction	CDH11
19	Apical Junction	CDH15
19	Apical Junction	CDH3
19	Apical Junction	CDH4
19	Apical Junction	CDH6
19	Apical Junction	CDH8
19	Apical Junction	CDK8
19	Apical Junction	CDSN
19	Apical Junction	CERCAM
19	Apical Junction	CLDN11
19	Apical Junction	CLDN14
19	Apical Junction	CLDN15
19	Apical Junction	CLDN18
19	Apical Junction	CLDN19
19	Apical Junction	CLDN4
19	Apical Junction	CLDN5
19	Apical Junction	CLDN6
19	Apical Junction	CLDN7
19	Apical Junction	CLDN8
19	Apical Junction	CLDN9
19	Apical Junction	CNN2
19	Apical Junction	CNTN1
19	Apical Junction	COL16A1
19	Apical Junction	COL17A1
19	Apical Junction	COL9A1
19	Apical Junction	CRAT
19	Apical Junction	CRB3
19	Apical Junction	CTNNA1
19	Apical Junction	CTNND1
19	Apical Junction	CX3CL1
19	Apical Junction	DHX16
19	Apical Junction	DLG1
19	Apical Junction	DMP1
19	Apical Junction	DSC1
19	Apical Junction	DSC3
19	Apical Junction	EGFR
19	Apical Junction	EPB41L2
19	Apical Junction	EVL
19	Apical Junction	EXOC4
19	Apical Junction	FBN1
19	Apical Junction	FLNC
19	Apical Junction	FSCN1
19	Apical Junction	FYB1
19	Apical Junction	GAMT
19	Apical Junction	GNAI1
19	Apical Junction	GNAI2
19	Apical Junction	GRB7
19	Apical Junction	GTF2F1
19	Apical Junction	HADH
19	Apical Junction	HRAS
19	Apical Junction	ICAM1
19	Apical Junction	ICAM2
19	Apical Junction	ICAM4
19	Apical Junction	ICAM5
19	Apical Junction	IKBKG
19	Apical Junction	INPPL1
19	Apical Junction	INSIG1
19	Apical Junction	IRS1
19	Apical Junction	ITGA10
19	Apical Junction	ITGA2
19	Apical Junction	ITGA3
19	Apical Junction	ITGA9
19	Apical Junction	ITGB1
19	Apical Junction	ITGB4
19	Apical Junction	JAM3
19	Apical Junction	JUP
19	Apical Junction	KCNH2
19	Apical Junction	KRT31
19	Apical Junction	LAMA3
19	Apical Junction	LAMB3
19	Apical Junction	LAMC2
19	Apical Junction	LAYN
19	Apical Junction	LDLRAP1
19	Apical Junction	LIMA1
19	Apical Junction	MADCAM1
19	Apical Junction	MAP3K20
19	Apical Junction	MAP4K2
19	Apical Junction	MAPK11
19	Apical Junction	MAPK13
19	Apical Junction	MAPK14
19	Apical Junction	MDK
19	Apical Junction	MMP2
19	Apical Junction	MMP9
19	Apical Junction	MPP5
19	Apical Junction	MPZL1
19	Apical Junction	MPZL2
19	Apical Junction	MSN
19	Apical Junction	MVD
19	Apical Junction	MYH10
19	Apical Junction	MYH9
19	Apical Junction	MYL12B
19	Apical Junction	MYL9
19	Apical Junction	NECTIN1
19	Apical Junction	NECTIN2
19	Apical Junction	NECTIN3
19	Apical Junction	NECTIN4
19	Apical Junction	NEGR1
19	Apical Junction	NEXN
19	Apical Junction	NF1
19	Apical Junction	NF2
19	Apical Junction	NFASC
19	Apical Junction	NLGN2
19	Apical Junction	NLGN3
19	Apical Junction	NRAP
19	Apical Junction	NRTN
19	Apical Junction	NRXN2
19	Apical Junction	PARD6G
19	Apical Junction	PARVA
19	Apical Junction	PBX2
19	Apical Junction	PCDH1
19	Apical Junction	PDZD3
19	Apical Junction	PECAM1
19	Apical Junction	PFN1
19	Apical Junction	PIK3CB
19	Apical Junction	PIK3R3
19	Apical Junction	PKD1
19	Apical Junction	PLCG1
19	Apical Junction	PPP2R2C
19	Apical Junction	PTEN
19	Apical Junction	PTK2
19	Apical Junction	PTPRC
19	Apical Junction	RAC2
19	Apical Junction	RASA1
19	Apical Junction	RHOF
19	Apical Junction	RRAS
19	Apical Junction	RSU1
19	Apical Junction	SDC3
19	Apical Junction	SGCE
19	Apical Junction	SHC1
19	Apical Junction	SHROOM2
19	Apical Junction	SIRPA
19	Apical Junction	SKAP2
19	Apical Junction	SLC30A3
19	Apical Junction	SLIT2
19	Apical Junction	SORBS3
19	Apical Junction	SPEG
19	Apical Junction	SRC
19	Apical Junction	STX4
19	Apical Junction	SYK
19	Apical Junction	SYMPK
19	Apical Junction	TAOK2
19	Apical Junction	TGFBI
19	Apical Junction	THBS3
19	Apical Junction	THY1
19	Apical Junction	TIAL1
19	Apical Junction	TJP1
19	Apical Junction	TMEM8B
19	Apical Junction	TNFRSF11B
19	Apical Junction	TRAF1
19	Apical Junction	TRO
19	Apical Junction	TSC1
19	Apical Junction	TSPAN4
19	Apical Junction	TUBG1
19	Apical Junction	VASP
19	Apical Junction	VAV2
19	Apical Junction	VCAM1
19	Apical Junction	VCAN
19	Apical Junction	VCL
19	Apical Junction	VWF
19	Apical Junction	WASL
19	Apical Junction	WNK4
19	Apical Junction	YWHAH
19	Apical Junction	ZYX
20	Apical Surface	ADAM10
20	Apical Surface	ADIPOR2
20	Apical Surface	AFAP1L2
20	Apical Surface	AKAP7
20	Apical Surface	APP
20	Apical Surface	ATP6V0A4
20	Apical Surface	ATP8B1
20	Apical Surface	B4GALT1
20	Apical Surface	BRCA1
20	Apical Surface	CD160
20	Apical Surface	CROCC
20	Apical Surface	CRYBG1
20	Apical Surface	CX3CL1
20	Apical Surface	DCBLD2
20	Apical Surface	EFNA5
20	Apical Surface	EPHB4
20	Apical Surface	FLOT2
20	Apical Surface	GAS1
20	Apical Surface	GATA3
20	Apical Surface	GHRL
20	Apical Surface	GSTM3
20	Apical Surface	HSPB1
20	Apical Surface	IL2RB
20	Apical Surface	IL2RG
20	Apical Surface	LYN
20	Apical Surface	LYPD3
20	Apical Surface	MAL
20	Apical Surface	MDGA1
20	Apical Surface	NCOA6
20	Apical Surface	NTNG1
20	Apical Surface	PCSK9
20	Apical Surface	PKHD1
20	Apical Surface	PLAUR
20	Apical Surface	RHCG
20	Apical Surface	RTN4RL1
20	Apical Surface	SCUBE1
20	Apical Surface	SHROOM2
20	Apical Surface	SLC22A12
20	Apical Surface	SLC2A4
20	Apical Surface	SLC34A3
20	Apical Surface	SRPX
20	Apical Surface	SULF2
20	Apical Surface	THY1
20	Apical Surface	TMEM8B
21	Hedgehog Signaling	ACHE
21	Hedgehog Signaling	ADGRG1
21	Hedgehog Signaling	AMOT
21	Hedgehog Signaling	CDK5R1
21	Hedgehog Signaling	CDK6
21	Hedgehog Signaling	CELSR1
21	Hedgehog Signaling	CNTFR
21	Hedgehog Signaling	CRMP1
21	Hedgehog Signaling	DPYSL2
21	Hedgehog Signaling	ETS2
21	Hedgehog Signaling	GLI1
21	Hedgehog Signaling	HEY1
21	Hedgehog Signaling	HEY2
21	Hedgehog Signaling	L1CAM
21	Hedgehog Signaling	LDB1
21	Hedgehog Signaling	MYH9
21	Hedgehog Signaling	NF1
21	Hedgehog Signaling	NKX6-1
21	Hedgehog Signaling	NRCAM
21	Hedgehog Signaling	NRP1
21	Hedgehog Signaling	NRP2
21	Hedgehog Signaling	OPHN1
21	Hedgehog Signaling	PLG
21	Hedgehog Signaling	PML
21	Hedgehog Signaling	PTCH1
21	Hedgehog Signaling	RASA1
21	Hedgehog Signaling	RTN1
21	Hedgehog Signaling	SCG2
21	Hedgehog Signaling	SHH
21	Hedgehog Signaling	SLIT1
21	Hedgehog Signaling	THY1
21	Hedgehog Signaling	TLE1
21	Hedgehog Signaling	TLE3
21	Hedgehog Signaling	UNC5C
21	Hedgehog Signaling	VEGFA
21	Hedgehog Signaling	VLDLR
22	Complement	ACTN2
22	Complement	ADAM9
22	Complement	ADRA2B
22	Complement	AKAP10
22	Complement	ANG
22	Complement	ANXA5
22	Complement	APOA4
22	Complement	APOBEC3F
22	Complement	APOBEC3G
22	Complement	APOC1
22	Complement	ATOX1
22	Complement	BRPF3
22	Complement	C1QA
22	Complement	C1QC
22	Complement	C1R
22	Complement	C1S
22	Complement	C2
22	Complement	C3
22	Complement	C4BPB
22	Complement	C9
22	Complement	CA2
22	Complement	CALM1
22	Complement	CALM3
22	Complement	CASP1
22	Complement	CASP10
22	Complement	CASP3
22	Complement	CASP4
22	Complement	CASP5
22	Complement	CASP7
22	Complement	CASP9
22	Complement	CBLB
22	Complement	CCL5
22	Complement	CD36
22	Complement	CD40LG
22	Complement	CD46
22	Complement	CD55
22	Complement	CD59
22	Complement	CDA
22	Complement	CDH13
22	Complement	CDK5R1
22	Complement	CEBPB
22	Complement	CFB
22	Complement	CFH
22	Complement	CLU
22	Complement	COL4A2
22	Complement	CP
22	Complement	CPM
22	Complement	CPQ
22	Complement	CR1
22	Complement	CR2
22	Complement	CSRP1
22	Complement	CTSB
22	Complement	CTSC
22	Complement	CTSD
22	Complement	CTSH
22	Complement	CTSL
22	Complement	CTSO
22	Complement	CTSS
22	Complement	CTSV
22	Complement	CXCL1
22	Complement	DGKG
22	Complement	DGKH
22	Complement	DOCK10
22	Complement	DOCK4
22	Complement	DOCK9
22	Complement	DPP4
22	Complement	DUSP5
22	Complement	DUSP6
22	Complement	DYRK2
22	Complement	EHD1
22	Complement	ERAP2
22	Complement	F10
22	Complement	F2
22	Complement	F3
22	Complement	F5
22	Complement	F7
22	Complement	F8
22	Complement	FCER1G
22	Complement	FCN1
22	Complement	FDX1
22	Complement	FN1
22	Complement	FYN
22	Complement	GATA3
22	Complement	GCA
22	Complement	GMFB
22	Complement	GNAI2
22	Complement	GNAI3
22	Complement	GNB2
22	Complement	GNB4
22	Complement	GNG2
22	Complement	GNGT2
22	Complement	GP1BA
22	Complement	GP9
22	Complement	GPD2
22	Complement	GRB2
22	Complement	GZMA
22	Complement	GZMB
22	Complement	GZMK
22	Complement	HNF4A
22	Complement	HPCAL4
22	Complement	HSPA1A
22	Complement	HSPA5
22	Complement	IL6
22	Complement	IRF1
22	Complement	IRF2
22	Complement	IRF7
22	Complement	ITGAM
22	Complement	ITIH1
22	Complement	JAK2
22	Complement	KCNIP2
22	Complement	KCNIP3
22	Complement	KIF2A
22	Complement	KLK1
22	Complement	KLKB1
22	Complement	KYNU
22	Complement	L3MBTL4
22	Complement	LAMP2
22	Complement	LAP3
22	Complement	LCK
22	Complement	LCP2
22	Complement	LGALS3
22	Complement	LGMN
22	Complement	LIPA
22	Complement	LRP1
22	Complement	LTA4H
22	Complement	LTF
22	Complement	LYN
22	Complement	MAFF
22	Complement	ME1
22	Complement	MMP12
22	Complement	MMP13
22	Complement	MMP14
22	Complement	MMP15
22	Complement	MMP8
22	Complement	MSRB1
22	Complement	MT3
22	Complement	NOTCH4
22	Complement	OLR1
22	Complement	PCLO
22	Complement	PCSK9
22	Complement	PDGFB
22	Complement	PDP1
22	Complement	PFN1
22	Complement	PHEX
22	Complement	PIK3CA
22	Complement	PIK3CG
22	Complement	PIK3R5
22	Complement	PIM1
22	Complement	PLA2G4A
22	Complement	PLA2G7
22	Complement	PLAT
22	Complement	PLAUR
22	Complement	PLEK
22	Complement	PLG
22	Complement	PLSCR1
22	Complement	PPP2CB
22	Complement	PPP4C
22	Complement	PRCP
22	Complement	PRDM4
22	Complement	PREP
22	Complement	PRKCD
22	Complement	PRSS3
22	Complement	PRSS36
22	Complement	PSEN1
22	Complement	PSMB9
22	Complement	RABIF
22	Complement	RAF1
22	Complement	RASGRP1
22	Complement	RBSN
22	Complement	RCE1
22	Complement	RHOG
22	Complement	RNF4
22	Complement	S100A12
22	Complement	S100A13
22	Complement	S100A9
22	Complement	SCG3
22	Complement	SERPINA1
22	Complement	SERPINB2
22	Complement	SERPINC1
22	Complement	SERPINE1
22	Complement	SERPING1
22	Complement	SH2B3
22	Complement	SIRT6
22	Complement	SPOCK2
22	Complement	SRC
22	Complement	STX4
22	Complement	TFPI2
22	Complement	TIMP1
22	Complement	TIMP2
22	Complement	TMPRSS6
22	Complement	TNFAIP3
22	Complement	USP14
22	Complement	USP15
22	Complement	USP16
22	Complement	USP8
22	Complement	VCPIP1
22	Complement	WAS
22	Complement	XPNPEP1
22	Complement	ZEB1
22	Complement	ZFPM2
23	Unfolded Protein Response	ALDH18A1
23	Unfolded Protein Response	ARFGAP1
23	Unfolded Protein Response	ASNS
23	Unfolded Protein Response	ATF3
23	Unfolded Protein Response	ATF4
23	Unfolded Protein Response	ATF6
23	Unfolded Protein Response	ATP6V0D1
23	Unfolded Protein Response	BAG3
23	Unfolded Protein Response	BANF1
23	Unfolded Protein Response	CALR
23	Unfolded Protein Response	CCL2
23	Unfolded Protein Response	CEBPB
23	Unfolded Protein Response	CEBPG
23	Unfolded Protein Response	CHAC1
23	Unfolded Protein Response	CKS1B
23	Unfolded Protein Response	CNOT2
23	Unfolded Protein Response	CNOT4
23	Unfolded Protein Response	CNOT6
23	Unfolded Protein Response	CXXC1
23	Unfolded Protein Response	DCP1A
23	Unfolded Protein Response	DCP2
23	Unfolded Protein Response	DCTN1
23	Unfolded Protein Response	DDIT4
23	Unfolded Protein Response	DDX10
23	Unfolded Protein Response	DKC1
23	Unfolded Protein Response	DNAJA4
23	Unfolded Protein Response	DNAJB9
23	Unfolded Protein Response	DNAJC3
23	Unfolded Protein Response	EDC4
23	Unfolded Protein Response	EDEM1
23	Unfolded Protein Response	EEF2
23	Unfolded Protein Response	EIF2AK3
23	Unfolded Protein Response	EIF2S1
23	Unfolded Protein Response	EIF4A1
23	Unfolded Protein Response	EIF4A2
23	Unfolded Protein Response	EIF4A3
23	Unfolded Protein Response	EIF4E
23	Unfolded Protein Response	EIF4EBP1
23	Unfolded Protein Response	EIF4G1
23	Unfolded Protein Response	ERN1
23	Unfolded Protein Response	ERO1A
23	Unfolded Protein Response	EXOC2
23	Unfolded Protein Response	EXOSC1
23	Unfolded Protein Response	EXOSC10
23	Unfolded Protein Response	EXOSC2
23	Unfolded Protein Response	EXOSC4
23	Unfolded Protein Response	EXOSC5
23	Unfolded Protein Response	EXOSC9
23	Unfolded Protein Response	FKBP14
23	Unfolded Protein Response	FUS
23	Unfolded Protein Response	GEMIN4
23	Unfolded Protein Response	GOSR2
23	Unfolded Protein Response	H2AX
23	Unfolded Protein Response	HERPUD1
23	Unfolded Protein Response	HSP90B1
23	Unfolded Protein Response	HSPA5
23	Unfolded Protein Response	HSPA9
23	Unfolded Protein Response	HYOU1
23	Unfolded Protein Response	IARS1
23	Unfolded Protein Response	IFIT1
23	Unfolded Protein Response	IGFBP1
23	Unfolded Protein Response	IMP3
23	Unfolded Protein Response	KDELR3
23	Unfolded Protein Response	KHSRP
23	Unfolded Protein Response	KIF5B
23	Unfolded Protein Response	LSM1
23	Unfolded Protein Response	LSM4
23	Unfolded Protein Response	MTHFD2
23	Unfolded Protein Response	MTREX
23	Unfolded Protein Response	NABP1
23	Unfolded Protein Response	NFYA
23	Unfolded Protein Response	NFYB
23	Unfolded Protein Response	NHP2
23	Unfolded Protein Response	NOLC1
23	Unfolded Protein Response	NOP14
23	Unfolded Protein Response	NOP56
23	Unfolded Protein Response	NPM1
23	Unfolded Protein Response	PAIP1
23	Unfolded Protein Response	PARN
23	Unfolded Protein Response	PDIA5
23	Unfolded Protein Response	PDIA6
23	Unfolded Protein Response	POP4
23	Unfolded Protein Response	PREB
23	Unfolded Protein Response	PSAT1
23	Unfolded Protein Response	RPS14
23	Unfolded Protein Response	RRP9
23	Unfolded Protein Response	SDAD1
23	Unfolded Protein Response	SEC11A
23	Unfolded Protein Response	SEC31A
23	Unfolded Protein Response	SERP1
23	Unfolded Protein Response	SHC1
23	Unfolded Protein Response	SLC1A4
23	Unfolded Protein Response	SLC30A5
23	Unfolded Protein Response	SLC7A5
23	Unfolded Protein Response	SPCS1
23	Unfolded Protein Response	SPCS3
23	Unfolded Protein Response	SRPRA
23	Unfolded Protein Response	SRPRB
23	Unfolded Protein Response	SSR1
23	Unfolded Protein Response	STC2
23	Unfolded Protein Response	TARS1
23	Unfolded Protein Response	TATDN2
23	Unfolded Protein Response	TSPYL2
23	Unfolded Protein Response	TTC37
23	Unfolded Protein Response	TUBB2A
23	Unfolded Protein Response	VEGFA
23	Unfolded Protein Response	WFS1
23	Unfolded Protein Response	WIPI1
23	Unfolded Protein Response	XBP1
23	Unfolded Protein Response	XPOT
23	Unfolded Protein Response	YIF1A
23	Unfolded Protein Response	YWHAZ
23	Unfolded Protein Response	ZBTB17
24	PI3K/AKT/mTOR  Signaling	ACACA
24	PI3K/AKT/mTOR  Signaling	ACTR2
24	PI3K/AKT/mTOR  Signaling	ACTR3
24	PI3K/AKT/mTOR  Signaling	ADCY2
24	PI3K/AKT/mTOR  Signaling	AKT1
24	PI3K/AKT/mTOR  Signaling	AKT1S1
24	PI3K/AKT/mTOR  Signaling	AP2M1
24	PI3K/AKT/mTOR  Signaling	ARF1
24	PI3K/AKT/mTOR  Signaling	ARHGDIA
24	PI3K/AKT/mTOR  Signaling	ARPC3
24	PI3K/AKT/mTOR  Signaling	ATF1
24	PI3K/AKT/mTOR  Signaling	CAB39
24	PI3K/AKT/mTOR  Signaling	CAB39L
24	PI3K/AKT/mTOR  Signaling	CALR
24	PI3K/AKT/mTOR  Signaling	CAMK4
24	PI3K/AKT/mTOR  Signaling	CDK1
24	PI3K/AKT/mTOR  Signaling	CDK2
24	PI3K/AKT/mTOR  Signaling	CDK4
24	PI3K/AKT/mTOR  Signaling	CDKN1A
24	PI3K/AKT/mTOR  Signaling	CDKN1B
24	PI3K/AKT/mTOR  Signaling	CFL1
24	PI3K/AKT/mTOR  Signaling	CLTC
24	PI3K/AKT/mTOR  Signaling	CSNK2B
24	PI3K/AKT/mTOR  Signaling	CXCR4
24	PI3K/AKT/mTOR  Signaling	DAPP1
24	PI3K/AKT/mTOR  Signaling	DDIT3
24	PI3K/AKT/mTOR  Signaling	DUSP3
24	PI3K/AKT/mTOR  Signaling	E2F1
24	PI3K/AKT/mTOR  Signaling	ECSIT
24	PI3K/AKT/mTOR  Signaling	EGFR
24	PI3K/AKT/mTOR  Signaling	EIF4E
24	PI3K/AKT/mTOR  Signaling	FASLG
24	PI3K/AKT/mTOR  Signaling	FGF17
24	PI3K/AKT/mTOR  Signaling	FGF22
24	PI3K/AKT/mTOR  Signaling	FGF6
24	PI3K/AKT/mTOR  Signaling	GNA14
24	PI3K/AKT/mTOR  Signaling	GNGT1
24	PI3K/AKT/mTOR  Signaling	GRB2
24	PI3K/AKT/mTOR  Signaling	GRK2
24	PI3K/AKT/mTOR  Signaling	GSK3B
24	PI3K/AKT/mTOR  Signaling	HRAS
24	PI3K/AKT/mTOR  Signaling	HSP90B1
24	PI3K/AKT/mTOR  Signaling	IL2RG
24	PI3K/AKT/mTOR  Signaling	IL4
24	PI3K/AKT/mTOR  Signaling	IRAK4
24	PI3K/AKT/mTOR  Signaling	ITPR2
24	PI3K/AKT/mTOR  Signaling	LCK
24	PI3K/AKT/mTOR  Signaling	MAP2K3
24	PI3K/AKT/mTOR  Signaling	MAP2K6
24	PI3K/AKT/mTOR  Signaling	MAP3K7
24	PI3K/AKT/mTOR  Signaling	MAPK1
24	PI3K/AKT/mTOR  Signaling	MAPK10
24	PI3K/AKT/mTOR  Signaling	MAPK8
24	PI3K/AKT/mTOR  Signaling	MAPK9
24	PI3K/AKT/mTOR  Signaling	MAPKAP1
24	PI3K/AKT/mTOR  Signaling	MKNK1
24	PI3K/AKT/mTOR  Signaling	MKNK2
24	PI3K/AKT/mTOR  Signaling	MYD88
24	PI3K/AKT/mTOR  Signaling	NCK1
24	PI3K/AKT/mTOR  Signaling	NFKBIB
24	PI3K/AKT/mTOR  Signaling	NGF
24	PI3K/AKT/mTOR  Signaling	NOD1
24	PI3K/AKT/mTOR  Signaling	PAK4
24	PI3K/AKT/mTOR  Signaling	PDK1
24	PI3K/AKT/mTOR  Signaling	PFN1
24	PI3K/AKT/mTOR  Signaling	PIK3R3
24	PI3K/AKT/mTOR  Signaling	PIKFYVE
24	PI3K/AKT/mTOR  Signaling	PIN1
24	PI3K/AKT/mTOR  Signaling	PITX2
24	PI3K/AKT/mTOR  Signaling	PLA2G12A
24	PI3K/AKT/mTOR  Signaling	PLCB1
24	PI3K/AKT/mTOR  Signaling	PLCG1
24	PI3K/AKT/mTOR  Signaling	PPP1CA
24	PI3K/AKT/mTOR  Signaling	PPP2R1B
24	PI3K/AKT/mTOR  Signaling	PRKAA2
24	PI3K/AKT/mTOR  Signaling	PRKAG1
24	PI3K/AKT/mTOR  Signaling	PRKAR2A
24	PI3K/AKT/mTOR  Signaling	PRKCB
24	PI3K/AKT/mTOR  Signaling	PTEN
24	PI3K/AKT/mTOR  Signaling	PTPN11
24	PI3K/AKT/mTOR  Signaling	RAC1
24	PI3K/AKT/mTOR  Signaling	RAF1
24	PI3K/AKT/mTOR  Signaling	RALB
24	PI3K/AKT/mTOR  Signaling	RIPK1
24	PI3K/AKT/mTOR  Signaling	RIT1
24	PI3K/AKT/mTOR  Signaling	RPS6KA1
24	PI3K/AKT/mTOR  Signaling	RPS6KA3
24	PI3K/AKT/mTOR  Signaling	RPTOR
24	PI3K/AKT/mTOR  Signaling	SFN
24	PI3K/AKT/mTOR  Signaling	SLA
24	PI3K/AKT/mTOR  Signaling	SLC2A1
24	PI3K/AKT/mTOR  Signaling	SMAD2
24	PI3K/AKT/mTOR  Signaling	SQSTM1
24	PI3K/AKT/mTOR  Signaling	STAT2
24	PI3K/AKT/mTOR  Signaling	TBK1
24	PI3K/AKT/mTOR  Signaling	THEM4
24	PI3K/AKT/mTOR  Signaling	TIAM1
24	PI3K/AKT/mTOR  Signaling	TNFRSF1A
24	PI3K/AKT/mTOR  Signaling	TRAF2
24	PI3K/AKT/mTOR  Signaling	TRIB3
24	PI3K/AKT/mTOR  Signaling	TSC2
24	PI3K/AKT/mTOR  Signaling	UBE2D3
24	PI3K/AKT/mTOR  Signaling	UBE2N
24	PI3K/AKT/mTOR  Signaling	VAV3
24	PI3K/AKT/mTOR  Signaling	YWHAB
25	mTORC1 Signaling	ABCF2
25	mTORC1 Signaling	ACACA
25	mTORC1 Signaling	ACLY
25	mTORC1 Signaling	ACSL3
25	mTORC1 Signaling	ACTR2
25	mTORC1 Signaling	ACTR3
25	mTORC1 Signaling	ADD3
25	mTORC1 Signaling	ADIPOR2
25	mTORC1 Signaling	AK4
25	mTORC1 Signaling	ALDOA
25	mTORC1 Signaling	ARPC5L
25	mTORC1 Signaling	ASNS
25	mTORC1 Signaling	ATP2A2
25	mTORC1 Signaling	ATP5MC1
25	mTORC1 Signaling	ATP6V1D
25	mTORC1 Signaling	AURKA
25	mTORC1 Signaling	BCAT1
25	mTORC1 Signaling	BHLHE40
25	mTORC1 Signaling	BTG2
25	mTORC1 Signaling	BUB1
25	mTORC1 Signaling	CACYBP
25	mTORC1 Signaling	CALR
25	mTORC1 Signaling	CANX
25	mTORC1 Signaling	CCNF
25	mTORC1 Signaling	CCNG1
25	mTORC1 Signaling	CCT6A
25	mTORC1 Signaling	CD9
25	mTORC1 Signaling	CDC25A
25	mTORC1 Signaling	CDKN1A
25	mTORC1 Signaling	CFP
25	mTORC1 Signaling	COPS5
25	mTORC1 Signaling	CORO1A
25	mTORC1 Signaling	CTH
25	mTORC1 Signaling	CTSC
25	mTORC1 Signaling	CXCR4
25	mTORC1 Signaling	CYB5B
25	mTORC1 Signaling	CYP51A1
25	mTORC1 Signaling	DAPP1
25	mTORC1 Signaling	DDIT3
25	mTORC1 Signaling	DDIT4
25	mTORC1 Signaling	DDX39A
25	mTORC1 Signaling	DHCR24
25	mTORC1 Signaling	DHCR7
25	mTORC1 Signaling	DHFR
25	mTORC1 Signaling	EBP
25	mTORC1 Signaling	EDEM1
25	mTORC1 Signaling	EEF1E1
25	mTORC1 Signaling	EGLN3
25	mTORC1 Signaling	EIF2S2
25	mTORC1 Signaling	ELOVL5
25	mTORC1 Signaling	ELOVL6
25	mTORC1 Signaling	ENO1
25	mTORC1 Signaling	EPRS1
25	mTORC1 Signaling	ERO1A
25	mTORC1 Signaling	ETF1
25	mTORC1 Signaling	FADS1
25	mTORC1 Signaling	FADS2
25	mTORC1 Signaling	FDXR
25	mTORC1 Signaling	FGL2
25	mTORC1 Signaling	FKBP2
25	mTORC1 Signaling	G6PD
25	mTORC1 Signaling	GAPDH
25	mTORC1 Signaling	GBE1
25	mTORC1 Signaling	GCLC
25	mTORC1 Signaling	GGA2
25	mTORC1 Signaling	GLA
25	mTORC1 Signaling	GLRX
25	mTORC1 Signaling	GMPS
25	mTORC1 Signaling	GOT1
25	mTORC1 Signaling	GPI
25	mTORC1 Signaling	GSK3B
25	mTORC1 Signaling	GSR
25	mTORC1 Signaling	GTF2H1
25	mTORC1 Signaling	HK2
25	mTORC1 Signaling	HMBS
25	mTORC1 Signaling	HMGCR
25	mTORC1 Signaling	HMGCS1
25	mTORC1 Signaling	HPRT1
25	mTORC1 Signaling	HSP90B1
25	mTORC1 Signaling	HSPA4
25	mTORC1 Signaling	HSPA5
25	mTORC1 Signaling	HSPA9
25	mTORC1 Signaling	HSPD1
25	mTORC1 Signaling	HSPE1
25	mTORC1 Signaling	IDH1
25	mTORC1 Signaling	IDI1
25	mTORC1 Signaling	IFI30
25	mTORC1 Signaling	IFRD1
25	mTORC1 Signaling	IGFBP5
25	mTORC1 Signaling	IMMT
25	mTORC1 Signaling	INSIG1
25	mTORC1 Signaling	ITGB2
25	mTORC1 Signaling	LDHA
25	mTORC1 Signaling	LDLR
25	mTORC1 Signaling	LGMN
25	mTORC1 Signaling	LTA4H
25	mTORC1 Signaling	M6PR
25	mTORC1 Signaling	MAP2K3
25	mTORC1 Signaling	MCM2
25	mTORC1 Signaling	MCM4
25	mTORC1 Signaling	ME1
25	mTORC1 Signaling	MLLT11
25	mTORC1 Signaling	MTHFD2
25	mTORC1 Signaling	MTHFD2L
25	mTORC1 Signaling	NAMPT
25	mTORC1 Signaling	NFIL3
25	mTORC1 Signaling	NFKBIB
25	mTORC1 Signaling	NFYC
25	mTORC1 Signaling	NIBAN1
25	mTORC1 Signaling	NMT1
25	mTORC1 Signaling	NUFIP1
25	mTORC1 Signaling	NUP205
25	mTORC1 Signaling	NUPR1
25	mTORC1 Signaling	P4HA1
25	mTORC1 Signaling	PDAP1
25	mTORC1 Signaling	PDK1
25	mTORC1 Signaling	PFKL
25	mTORC1 Signaling	PGK1
25	mTORC1 Signaling	PGM1
25	mTORC1 Signaling	PHGDH
25	mTORC1 Signaling	PIK3R3
25	mTORC1 Signaling	PITPNB
25	mTORC1 Signaling	PLK1
25	mTORC1 Signaling	PLOD2
25	mTORC1 Signaling	PNO1
25	mTORC1 Signaling	PNP
25	mTORC1 Signaling	POLR3G
25	mTORC1 Signaling	PPA1
25	mTORC1 Signaling	PPIA
25	mTORC1 Signaling	PPP1R15A
25	mTORC1 Signaling	PRDX1
25	mTORC1 Signaling	PSAT1
25	mTORC1 Signaling	PSMA3
25	mTORC1 Signaling	PSMA4
25	mTORC1 Signaling	PSMB5
25	mTORC1 Signaling	PSMC2
25	mTORC1 Signaling	PSMC4
25	mTORC1 Signaling	PSMC6
25	mTORC1 Signaling	PSMD12
25	mTORC1 Signaling	PSMD13
25	mTORC1 Signaling	PSMD14
25	mTORC1 Signaling	PSME3
25	mTORC1 Signaling	PSMG1
25	mTORC1 Signaling	PSPH
25	mTORC1 Signaling	QDPR
25	mTORC1 Signaling	RAB1A
25	mTORC1 Signaling	RDH11
25	mTORC1 Signaling	RIT1
25	mTORC1 Signaling	RPA1
25	mTORC1 Signaling	RPN1
25	mTORC1 Signaling	RRM2
25	mTORC1 Signaling	RRP9
25	mTORC1 Signaling	SC5D
25	mTORC1 Signaling	SCD
25	mTORC1 Signaling	SDF2L1
25	mTORC1 Signaling	SEC11A
25	mTORC1 Signaling	SERP1
25	mTORC1 Signaling	SERPINH1
25	mTORC1 Signaling	SHMT2
25	mTORC1 Signaling	SKAP2
25	mTORC1 Signaling	SLA
25	mTORC1 Signaling	SLC1A4
25	mTORC1 Signaling	SLC1A5
25	mTORC1 Signaling	SLC2A1
25	mTORC1 Signaling	SLC2A3
25	mTORC1 Signaling	SLC37A4
25	mTORC1 Signaling	SLC6A6
25	mTORC1 Signaling	SLC7A11
25	mTORC1 Signaling	SLC7A5
25	mTORC1 Signaling	SLC9A3R1
25	mTORC1 Signaling	SORD
25	mTORC1 Signaling	SQLE
25	mTORC1 Signaling	SQSTM1
25	mTORC1 Signaling	SRD5A1
25	mTORC1 Signaling	SSR1
25	mTORC1 Signaling	STARD4
25	mTORC1 Signaling	STC1
25	mTORC1 Signaling	STIP1
25	mTORC1 Signaling	SYTL2
25	mTORC1 Signaling	TBK1
25	mTORC1 Signaling	TCEA1
25	mTORC1 Signaling	TES
25	mTORC1 Signaling	TFRC
25	mTORC1 Signaling	TM7SF2
25	mTORC1 Signaling	TMEM97
25	mTORC1 Signaling	TOMM40
25	mTORC1 Signaling	TPI1
25	mTORC1 Signaling	TRIB3
25	mTORC1 Signaling	TUBA4A
25	mTORC1 Signaling	TUBG1
25	mTORC1 Signaling	TXNRD1
25	mTORC1 Signaling	UBE2D3
25	mTORC1 Signaling	UCHL5
25	mTORC1 Signaling	UFM1
25	mTORC1 Signaling	UNG
25	mTORC1 Signaling	USO1
25	mTORC1 Signaling	VLDLR
25	mTORC1 Signaling	WARS1
25	mTORC1 Signaling	XBP1
25	mTORC1 Signaling	YKT6
26	E2F Targets	AK2
26	E2F Targets	ANP32E
26	E2F Targets	ASF1A
26	E2F Targets	ASF1B
26	E2F Targets	ATAD2
26	E2F Targets	AURKA
26	E2F Targets	AURKB
26	E2F Targets	BARD1
26	E2F Targets	BIRC5
26	E2F Targets	BRCA1
26	E2F Targets	BRCA2
26	E2F Targets	BRMS1L
26	E2F Targets	BUB1B
26	E2F Targets	CBX5
26	E2F Targets	CCNB2
26	E2F Targets	CCNE1
26	E2F Targets	CCP110
26	E2F Targets	CDC20
26	E2F Targets	CDC25A
26	E2F Targets	CDC25B
26	E2F Targets	CDCA3
26	E2F Targets	CDCA8
26	E2F Targets	CDK1
26	E2F Targets	CDK4
26	E2F Targets	CDKN1A
26	E2F Targets	CDKN1B
26	E2F Targets	CDKN2A
26	E2F Targets	CDKN2C
26	E2F Targets	CDKN3
26	E2F Targets	CENPE
26	E2F Targets	CENPM
26	E2F Targets	CHEK1
26	E2F Targets	CHEK2
26	E2F Targets	CIT
26	E2F Targets	CKS1B
26	E2F Targets	CKS2
26	E2F Targets	CNOT9
26	E2F Targets	CSE1L
26	E2F Targets	CTCF
26	E2F Targets	CTPS1
26	E2F Targets	DCK
26	E2F Targets	DCLRE1B
26	E2F Targets	DCTPP1
26	E2F Targets	DDX39A
26	E2F Targets	DEK
26	E2F Targets	DEPDC1
26	E2F Targets	DIAPH3
26	E2F Targets	DLGAP5
26	E2F Targets	DNMT1
26	E2F Targets	DONSON
26	E2F Targets	DSCC1
26	E2F Targets	DUT
26	E2F Targets	E2F8
26	E2F Targets	EED
26	E2F Targets	EIF2S1
26	E2F Targets	ESPL1
26	E2F Targets	EXOSC8
26	E2F Targets	EZH2
26	E2F Targets	GINS1
26	E2F Targets	GINS3
26	E2F Targets	GINS4
26	E2F Targets	GSPT1
26	E2F Targets	H2AX
26	E2F Targets	H2AZ1
26	E2F Targets	HELLS
26	E2F Targets	HMGA1
26	E2F Targets	HMGB2
26	E2F Targets	HMGB3
26	E2F Targets	HMMR
26	E2F Targets	HNRNPD
26	E2F Targets	HUS1
26	E2F Targets	ILF3
26	E2F Targets	ING3
26	E2F Targets	IPO7
26	E2F Targets	JPT1
26	E2F Targets	KIF18B
26	E2F Targets	KIF22
26	E2F Targets	KIF2C
26	E2F Targets	KIF4A
26	E2F Targets	KPNA2
26	E2F Targets	LBR
26	E2F Targets	LIG1
26	E2F Targets	LMNB1
26	E2F Targets	LUC7L3
26	E2F Targets	LYAR
26	E2F Targets	MAD2L1
26	E2F Targets	MCM2
26	E2F Targets	MCM3
26	E2F Targets	MCM4
26	E2F Targets	MCM5
26	E2F Targets	MCM6
26	E2F Targets	MCM7
26	E2F Targets	MELK
26	E2F Targets	MKI67
26	E2F Targets	MLH1
26	E2F Targets	MMS22L
26	E2F Targets	MRE11
26	E2F Targets	MSH2
26	E2F Targets	MTHFD2
26	E2F Targets	MXD3
26	E2F Targets	MYBL2
26	E2F Targets	MYC
26	E2F Targets	NAA38
26	E2F Targets	NAP1L1
26	E2F Targets	NASP
26	E2F Targets	NBN
26	E2F Targets	NCAPD2
26	E2F Targets	NME1
26	E2F Targets	NOLC1
26	E2F Targets	NOP56
26	E2F Targets	NUDT21
26	E2F Targets	NUP107
26	E2F Targets	NUP153
26	E2F Targets	NUP205
26	E2F Targets	ORC2
26	E2F Targets	ORC6
26	E2F Targets	PA2G4
26	E2F Targets	PAICS
26	E2F Targets	PAN2
26	E2F Targets	PCNA
26	E2F Targets	PDS5B
26	E2F Targets	PHF5A
26	E2F Targets	PLK1
26	E2F Targets	PLK4
26	E2F Targets	PMS2
26	E2F Targets	PNN
26	E2F Targets	POLA2
26	E2F Targets	POLD1
26	E2F Targets	POLD2
26	E2F Targets	POLD3
26	E2F Targets	POLE
26	E2F Targets	POLE4
26	E2F Targets	POP7
26	E2F Targets	PPM1D
26	E2F Targets	PPP1R8
26	E2F Targets	PRDX4
26	E2F Targets	PRIM2
26	E2F Targets	PRKDC
26	E2F Targets	PRPS1
26	E2F Targets	PSIP1
26	E2F Targets	PSMC3IP
26	E2F Targets	PTTG1
26	E2F Targets	RACGAP1
26	E2F Targets	RAD1
26	E2F Targets	RAD21
26	E2F Targets	RAD50
26	E2F Targets	RAD51AP1
26	E2F Targets	RAD51C
26	E2F Targets	RAN
26	E2F Targets	RANBP1
26	E2F Targets	RBBP7
26	E2F Targets	RFC1
26	E2F Targets	RFC2
26	E2F Targets	RFC3
26	E2F Targets	RNASEH2A
26	E2F Targets	RPA1
26	E2F Targets	RPA2
26	E2F Targets	RPA3
26	E2F Targets	RRM2
26	E2F Targets	SHMT1
26	E2F Targets	SLBP
26	E2F Targets	SMC1A
26	E2F Targets	SMC3
26	E2F Targets	SMC4
26	E2F Targets	SMC6
26	E2F Targets	SNRPB
26	E2F Targets	SPAG5
26	E2F Targets	SPC24
26	E2F Targets	SPC25
26	E2F Targets	SRSF1
26	E2F Targets	SRSF2
26	E2F Targets	SSRP1
26	E2F Targets	STAG1
26	E2F Targets	STMN1
26	E2F Targets	SUV39H1
26	E2F Targets	SYNCRIP
26	E2F Targets	TACC3
26	E2F Targets	TBRG4
26	E2F Targets	TCF19
26	E2F Targets	TFRC
26	E2F Targets	TIMELESS
26	E2F Targets	TIPIN
26	E2F Targets	TK1
26	E2F Targets	TMPO
26	E2F Targets	TOP2A
26	E2F Targets	TP53
26	E2F Targets	TRA2B
26	E2F Targets	TRIP13
26	E2F Targets	TUBB
26	E2F Targets	TUBG1
26	E2F Targets	UBE2S
26	E2F Targets	UBE2T
26	E2F Targets	UBR7
26	E2F Targets	UNG
26	E2F Targets	USP1
26	E2F Targets	WDR90
26	E2F Targets	WEE1
26	E2F Targets	XPO1
26	E2F Targets	XRCC6
26	E2F Targets	ZW10
27	Myc Targets V1	ABCE1
27	Myc Targets V1	ACP1
27	Myc Targets V1	AIMP2
27	Myc Targets V1	AP3S1
27	Myc Targets V1	APEX1
27	Myc Targets V1	BUB3
27	Myc Targets V1	C1QBP
27	Myc Targets V1	CAD
27	Myc Targets V1	CANX
27	Myc Targets V1	CBX3
27	Myc Targets V1	CCNA2
27	Myc Targets V1	CCT2
27	Myc Targets V1	CCT3
27	Myc Targets V1	CCT4
27	Myc Targets V1	CCT5
27	Myc Targets V1	CCT7
27	Myc Targets V1	CDC20
27	Myc Targets V1	CDC45
27	Myc Targets V1	CDK2
27	Myc Targets V1	CDK4
27	Myc Targets V1	CLNS1A
27	Myc Targets V1	CNBP
27	Myc Targets V1	COPS5
27	Myc Targets V1	COX5A
27	Myc Targets V1	CSTF2
27	Myc Targets V1	CTPS1
27	Myc Targets V1	CUL1
27	Myc Targets V1	CYC1
27	Myc Targets V1	DDX18
27	Myc Targets V1	DDX21
27	Myc Targets V1	DEK
27	Myc Targets V1	DHX15
27	Myc Targets V1	DUT
27	Myc Targets V1	EEF1B2
27	Myc Targets V1	EIF1AX
27	Myc Targets V1	EIF2S1
27	Myc Targets V1	EIF2S2
27	Myc Targets V1	EIF3B
27	Myc Targets V1	EIF3D
27	Myc Targets V1	EIF3J
27	Myc Targets V1	EIF4A1
27	Myc Targets V1	EIF4E
27	Myc Targets V1	EIF4G2
27	Myc Targets V1	EIF4H
27	Myc Targets V1	EPRS1
27	Myc Targets V1	ERH
27	Myc Targets V1	ETF1
27	Myc Targets V1	EXOSC7
27	Myc Targets V1	FAM120A
27	Myc Targets V1	FBL
27	Myc Targets V1	G3BP1
27	Myc Targets V1	GLO1
27	Myc Targets V1	GNL3
27	Myc Targets V1	GOT2
27	Myc Targets V1	GSPT1
27	Myc Targets V1	H2AZ1
27	Myc Targets V1	HDAC2
27	Myc Targets V1	HDDC2
27	Myc Targets V1	HDGF
27	Myc Targets V1	HNRNPA1
27	Myc Targets V1	HNRNPA2B1
27	Myc Targets V1	HNRNPA3
27	Myc Targets V1	HNRNPC
27	Myc Targets V1	HNRNPD
27	Myc Targets V1	HNRNPR
27	Myc Targets V1	HNRNPU
27	Myc Targets V1	HPRT1
27	Myc Targets V1	HSP90AB1
27	Myc Targets V1	HSPD1
27	Myc Targets V1	HSPE1
27	Myc Targets V1	IARS1
27	Myc Targets V1	IFRD1
27	Myc Targets V1	ILF2
27	Myc Targets V1	IMPDH2
27	Myc Targets V1	KARS1
27	Myc Targets V1	KPNA2
27	Myc Targets V1	KPNB1
27	Myc Targets V1	LDHA
27	Myc Targets V1	LSM2
27	Myc Targets V1	LSM7
27	Myc Targets V1	MAD2L1
27	Myc Targets V1	MCM2
27	Myc Targets V1	MCM4
27	Myc Targets V1	MCM5
27	Myc Targets V1	MCM6
27	Myc Targets V1	MCM7
27	Myc Targets V1	MRPL23
27	Myc Targets V1	MRPL9
27	Myc Targets V1	MRPS18B
27	Myc Targets V1	MYC
27	Myc Targets V1	NAP1L1
27	Myc Targets V1	NCBP1
27	Myc Targets V1	NCBP2
27	Myc Targets V1	NDUFAB1
27	Myc Targets V1	NHP2
27	Myc Targets V1	NME1
27	Myc Targets V1	NOLC1
27	Myc Targets V1	NOP16
27	Myc Targets V1	NOP56
27	Myc Targets V1	NPM1
27	Myc Targets V1	ODC1
27	Myc Targets V1	ORC2
27	Myc Targets V1	PA2G4
27	Myc Targets V1	PABPC1
27	Myc Targets V1	PABPC4
27	Myc Targets V1	PCBP1
27	Myc Targets V1	PCNA
27	Myc Targets V1	PGK1
27	Myc Targets V1	PHB
27	Myc Targets V1	PHB2
27	Myc Targets V1	POLD2
27	Myc Targets V1	POLE3
27	Myc Targets V1	PPIA
27	Myc Targets V1	PPM1G
27	Myc Targets V1	PRDX3
27	Myc Targets V1	PRDX4
27	Myc Targets V1	PRPF31
27	Myc Targets V1	PRPS2
27	Myc Targets V1	PSMA1
27	Myc Targets V1	PSMA2
27	Myc Targets V1	PSMA4
27	Myc Targets V1	PSMA6
27	Myc Targets V1	PSMA7
27	Myc Targets V1	PSMB2
27	Myc Targets V1	PSMB3
27	Myc Targets V1	PSMC4
27	Myc Targets V1	PSMC6
27	Myc Targets V1	PSMD1
27	Myc Targets V1	PSMD14
27	Myc Targets V1	PSMD3
27	Myc Targets V1	PSMD7
27	Myc Targets V1	PSMD8
27	Myc Targets V1	PTGES3
27	Myc Targets V1	PWP1
27	Myc Targets V1	RACK1
27	Myc Targets V1	RAD23B
27	Myc Targets V1	RAN
27	Myc Targets V1	RANBP1
27	Myc Targets V1	RFC4
27	Myc Targets V1	RNPS1
27	Myc Targets V1	RPL14
27	Myc Targets V1	RPL18
27	Myc Targets V1	RPL22
27	Myc Targets V1	RPL34
27	Myc Targets V1	RPL6
27	Myc Targets V1	RPLP0
27	Myc Targets V1	RPS10
27	Myc Targets V1	RPS2
27	Myc Targets V1	RPS3
27	Myc Targets V1	RPS5
27	Myc Targets V1	RPS6
27	Myc Targets V1	RRM1
27	Myc Targets V1	RRP9
27	Myc Targets V1	RSL1D1
27	Myc Targets V1	RUVBL2
27	Myc Targets V1	SERBP1
27	Myc Targets V1	SET
27	Myc Targets V1	SF3A1
27	Myc Targets V1	SF3B3
27	Myc Targets V1	SLC25A3
27	Myc Targets V1	SMARCC1
27	Myc Targets V1	SNRPA
27	Myc Targets V1	SNRPA1
27	Myc Targets V1	SNRPB2
27	Myc Targets V1	SNRPD1
27	Myc Targets V1	SNRPD2
27	Myc Targets V1	SNRPD3
27	Myc Targets V1	SNRPG
27	Myc Targets V1	SRM
27	Myc Targets V1	SRPK1
27	Myc Targets V1	SRSF1
27	Myc Targets V1	SRSF2
27	Myc Targets V1	SRSF3
27	Myc Targets V1	SRSF7
27	Myc Targets V1	SSB
27	Myc Targets V1	SSBP1
27	Myc Targets V1	STARD7
27	Myc Targets V1	SYNCRIP
27	Myc Targets V1	TARDBP
27	Myc Targets V1	TCP1
27	Myc Targets V1	TFDP1
27	Myc Targets V1	TOMM70
27	Myc Targets V1	TRA2B
27	Myc Targets V1	TRIM28
27	Myc Targets V1	TUFM
27	Myc Targets V1	TXNL4A
27	Myc Targets V1	TYMS
27	Myc Targets V1	U2AF1
27	Myc Targets V1	UBA2
27	Myc Targets V1	UBE2E1
27	Myc Targets V1	UBE2L3
27	Myc Targets V1	USP1
27	Myc Targets V1	VBP1
27	Myc Targets V1	VDAC1
27	Myc Targets V1	VDAC3
27	Myc Targets V1	XPO1
27	Myc Targets V1	XPOT
27	Myc Targets V1	XRCC6
27	Myc Targets V1	YWHAE
27	Myc Targets V1	YWHAQ
28	Myc Targets V2	AIMP2
28	Myc Targets V2	BYSL
28	Myc Targets V2	CBX3
28	Myc Targets V2	CDK4
28	Myc Targets V2	DCTPP1
28	Myc Targets V2	DDX18
28	Myc Targets V2	DUSP2
28	Myc Targets V2	EXOSC5
28	Myc Targets V2	FARSA
28	Myc Targets V2	GNL3
28	Myc Targets V2	GRWD1
28	Myc Targets V2	HK2
28	Myc Targets V2	HSPD1
28	Myc Targets V2	HSPE1
28	Myc Targets V2	IMP4
28	Myc Targets V2	IPO4
28	Myc Targets V2	LAS1L
28	Myc Targets V2	MAP3K6
28	Myc Targets V2	MCM4
28	Myc Targets V2	MCM5
28	Myc Targets V2	MPHOSPH10
28	Myc Targets V2	MRTO4
28	Myc Targets V2	MYBBP1A
28	Myc Targets V2	MYC
28	Myc Targets V2	NDUFAF4
28	Myc Targets V2	NIP7
28	Myc Targets V2	NOC4L
28	Myc Targets V2	NOLC1
28	Myc Targets V2	NOP16
28	Myc Targets V2	NOP2
28	Myc Targets V2	NOP56
28	Myc Targets V2	NPM1
28	Myc Targets V2	PA2G4
28	Myc Targets V2	PES1
28	Myc Targets V2	PHB
28	Myc Targets V2	PLK1
28	Myc Targets V2	PLK4
28	Myc Targets V2	PPAN
28	Myc Targets V2	PPRC1
28	Myc Targets V2	PRMT3
28	Myc Targets V2	PUS1
28	Myc Targets V2	RABEPK
28	Myc Targets V2	RCL1
28	Myc Targets V2	RRP12
28	Myc Targets V2	RRP9
28	Myc Targets V2	SLC19A1
28	Myc Targets V2	SLC29A2
28	Myc Targets V2	SORD
28	Myc Targets V2	SRM
28	Myc Targets V2	SUPV3L1
28	Myc Targets V2	TBRG4
28	Myc Targets V2	TCOF1
28	Myc Targets V2	TFB2M
28	Myc Targets V2	TMEM97
28	Myc Targets V2	UNG
28	Myc Targets V2	UTP20
28	Myc Targets V2	WDR43
28	Myc Targets V2	WDR74
29	Epithelial Mesenchymal Transition	ABI3BP
29	Epithelial Mesenchymal Transition	ACTA2
29	Epithelial Mesenchymal Transition	ADAM12
29	Epithelial Mesenchymal Transition	ANPEP
29	Epithelial Mesenchymal Transition	APLP1
29	Epithelial Mesenchymal Transition	AREG
29	Epithelial Mesenchymal Transition	BASP1
29	Epithelial Mesenchymal Transition	BDNF
29	Epithelial Mesenchymal Transition	BGN
29	Epithelial Mesenchymal Transition	BMP1
29	Epithelial Mesenchymal Transition	CADM1
29	Epithelial Mesenchymal Transition	CALD1
29	Epithelial Mesenchymal Transition	CALU
29	Epithelial Mesenchymal Transition	CAP2
29	Epithelial Mesenchymal Transition	CAPG
29	Epithelial Mesenchymal Transition	CCN1
29	Epithelial Mesenchymal Transition	CCN2
29	Epithelial Mesenchymal Transition	CD44
29	Epithelial Mesenchymal Transition	CD59
29	Epithelial Mesenchymal Transition	CDH11
29	Epithelial Mesenchymal Transition	CDH2
29	Epithelial Mesenchymal Transition	CDH6
29	Epithelial Mesenchymal Transition	COL11A1
29	Epithelial Mesenchymal Transition	COL12A1
29	Epithelial Mesenchymal Transition	COL16A1
29	Epithelial Mesenchymal Transition	COL1A1
29	Epithelial Mesenchymal Transition	COL1A2
29	Epithelial Mesenchymal Transition	COL3A1
29	Epithelial Mesenchymal Transition	COL4A1
29	Epithelial Mesenchymal Transition	COL4A2
29	Epithelial Mesenchymal Transition	COL5A1
29	Epithelial Mesenchymal Transition	COL5A2
29	Epithelial Mesenchymal Transition	COL5A3
29	Epithelial Mesenchymal Transition	COL6A2
29	Epithelial Mesenchymal Transition	COL6A3
29	Epithelial Mesenchymal Transition	COL7A1
29	Epithelial Mesenchymal Transition	COL8A2
29	Epithelial Mesenchymal Transition	COLGALT1
29	Epithelial Mesenchymal Transition	COMP
29	Epithelial Mesenchymal Transition	COPA
29	Epithelial Mesenchymal Transition	CRLF1
29	Epithelial Mesenchymal Transition	CTHRC1
29	Epithelial Mesenchymal Transition	CXCL1
29	Epithelial Mesenchymal Transition	CXCL12
29	Epithelial Mesenchymal Transition	CXCL6
29	Epithelial Mesenchymal Transition	CXCL8
29	Epithelial Mesenchymal Transition	DAB2
29	Epithelial Mesenchymal Transition	DCN
29	Epithelial Mesenchymal Transition	DKK1
29	Epithelial Mesenchymal Transition	DPYSL3
29	Epithelial Mesenchymal Transition	DST
29	Epithelial Mesenchymal Transition	ECM1
29	Epithelial Mesenchymal Transition	ECM2
29	Epithelial Mesenchymal Transition	EDIL3
29	Epithelial Mesenchymal Transition	EFEMP2
29	Epithelial Mesenchymal Transition	ELN
29	Epithelial Mesenchymal Transition	EMP3
29	Epithelial Mesenchymal Transition	ENO2
29	Epithelial Mesenchymal Transition	FAP
29	Epithelial Mesenchymal Transition	FAS
29	Epithelial Mesenchymal Transition	FBLN1
29	Epithelial Mesenchymal Transition	FBLN2
29	Epithelial Mesenchymal Transition	FBLN5
29	Epithelial Mesenchymal Transition	FBN1
29	Epithelial Mesenchymal Transition	FBN2
29	Epithelial Mesenchymal Transition	FERMT2
29	Epithelial Mesenchymal Transition	FGF2
29	Epithelial Mesenchymal Transition	FLNA
29	Epithelial Mesenchymal Transition	FMOD
29	Epithelial Mesenchymal Transition	FN1
29	Epithelial Mesenchymal Transition	FOXC2
29	Epithelial Mesenchymal Transition	FSTL1
29	Epithelial Mesenchymal Transition	FSTL3
29	Epithelial Mesenchymal Transition	FUCA1
29	Epithelial Mesenchymal Transition	FZD8
29	Epithelial Mesenchymal Transition	GADD45A
29	Epithelial Mesenchymal Transition	GADD45B
29	Epithelial Mesenchymal Transition	GAS1
29	Epithelial Mesenchymal Transition	GEM
29	Epithelial Mesenchymal Transition	GJA1
29	Epithelial Mesenchymal Transition	GLIPR1
29	Epithelial Mesenchymal Transition	GPC1
29	Epithelial Mesenchymal Transition	GPX7
29	Epithelial Mesenchymal Transition	GREM1
29	Epithelial Mesenchymal Transition	HTRA1
29	Epithelial Mesenchymal Transition	ID2
29	Epithelial Mesenchymal Transition	IGFBP2
29	Epithelial Mesenchymal Transition	IGFBP3
29	Epithelial Mesenchymal Transition	IGFBP4
29	Epithelial Mesenchymal Transition	IL15
29	Epithelial Mesenchymal Transition	IL32
29	Epithelial Mesenchymal Transition	IL6
29	Epithelial Mesenchymal Transition	INHBA
29	Epithelial Mesenchymal Transition	ITGA2
29	Epithelial Mesenchymal Transition	ITGA5
29	Epithelial Mesenchymal Transition	ITGAV
29	Epithelial Mesenchymal Transition	ITGB1
29	Epithelial Mesenchymal Transition	ITGB3
29	Epithelial Mesenchymal Transition	ITGB5
29	Epithelial Mesenchymal Transition	JUN
29	Epithelial Mesenchymal Transition	LAMA1
29	Epithelial Mesenchymal Transition	LAMA2
29	Epithelial Mesenchymal Transition	LAMA3
29	Epithelial Mesenchymal Transition	LAMC1
29	Epithelial Mesenchymal Transition	LAMC2
29	Epithelial Mesenchymal Transition	LGALS1
29	Epithelial Mesenchymal Transition	LOX
29	Epithelial Mesenchymal Transition	LOXL1
29	Epithelial Mesenchymal Transition	LOXL2
29	Epithelial Mesenchymal Transition	LRP1
29	Epithelial Mesenchymal Transition	LRRC15
29	Epithelial Mesenchymal Transition	LUM
29	Epithelial Mesenchymal Transition	MAGEE1
29	Epithelial Mesenchymal Transition	MATN2
29	Epithelial Mesenchymal Transition	MATN3
29	Epithelial Mesenchymal Transition	MCM7
29	Epithelial Mesenchymal Transition	MEST
29	Epithelial Mesenchymal Transition	MFAP5
29	Epithelial Mesenchymal Transition	MGP
29	Epithelial Mesenchymal Transition	MMP1
29	Epithelial Mesenchymal Transition	MMP14
29	Epithelial Mesenchymal Transition	MMP2
29	Epithelial Mesenchymal Transition	MMP3
29	Epithelial Mesenchymal Transition	MSX1
29	Epithelial Mesenchymal Transition	MXRA5
29	Epithelial Mesenchymal Transition	MYL9
29	Epithelial Mesenchymal Transition	MYLK
29	Epithelial Mesenchymal Transition	NID2
29	Epithelial Mesenchymal Transition	NNMT
29	Epithelial Mesenchymal Transition	NOTCH2
29	Epithelial Mesenchymal Transition	NT5E
29	Epithelial Mesenchymal Transition	NTM
29	Epithelial Mesenchymal Transition	OXTR
29	Epithelial Mesenchymal Transition	P3H1
29	Epithelial Mesenchymal Transition	PCOLCE
29	Epithelial Mesenchymal Transition	PCOLCE2
29	Epithelial Mesenchymal Transition	PDGFRB
29	Epithelial Mesenchymal Transition	PDLIM4
29	Epithelial Mesenchymal Transition	PFN2
29	Epithelial Mesenchymal Transition	PLAUR
29	Epithelial Mesenchymal Transition	PLOD1
29	Epithelial Mesenchymal Transition	PLOD2
29	Epithelial Mesenchymal Transition	PLOD3
29	Epithelial Mesenchymal Transition	PMEPA1
29	Epithelial Mesenchymal Transition	PMP22
29	Epithelial Mesenchymal Transition	POSTN
29	Epithelial Mesenchymal Transition	PPIB
29	Epithelial Mesenchymal Transition	PRRX1
29	Epithelial Mesenchymal Transition	PRSS2
29	Epithelial Mesenchymal Transition	PTHLH
29	Epithelial Mesenchymal Transition	PTX3
29	Epithelial Mesenchymal Transition	PVR
29	Epithelial Mesenchymal Transition	QSOX1
29	Epithelial Mesenchymal Transition	RGS4
29	Epithelial Mesenchymal Transition	RHOB
29	Epithelial Mesenchymal Transition	SAT1
29	Epithelial Mesenchymal Transition	SCG2
29	Epithelial Mesenchymal Transition	SDC1
29	Epithelial Mesenchymal Transition	SDC4
29	Epithelial Mesenchymal Transition	SERPINE1
29	Epithelial Mesenchymal Transition	SERPINE2
29	Epithelial Mesenchymal Transition	SERPINH1
29	Epithelial Mesenchymal Transition	SFRP1
29	Epithelial Mesenchymal Transition	SFRP4
29	Epithelial Mesenchymal Transition	SGCB
29	Epithelial Mesenchymal Transition	SGCD
29	Epithelial Mesenchymal Transition	SGCG
29	Epithelial Mesenchymal Transition	SLC6A8
29	Epithelial Mesenchymal Transition	SLIT2
29	Epithelial Mesenchymal Transition	SLIT3
29	Epithelial Mesenchymal Transition	SNAI2
29	Epithelial Mesenchymal Transition	SNTB1
29	Epithelial Mesenchymal Transition	SPARC
29	Epithelial Mesenchymal Transition	SPOCK1
29	Epithelial Mesenchymal Transition	SPP1
29	Epithelial Mesenchymal Transition	TAGLN
29	Epithelial Mesenchymal Transition	TFPI2
29	Epithelial Mesenchymal Transition	TGFB1
29	Epithelial Mesenchymal Transition	TGFBI
29	Epithelial Mesenchymal Transition	TGFBR3
29	Epithelial Mesenchymal Transition	TGM2
29	Epithelial Mesenchymal Transition	THBS1
29	Epithelial Mesenchymal Transition	THBS2
29	Epithelial Mesenchymal Transition	THY1
29	Epithelial Mesenchymal Transition	TIMP1
29	Epithelial Mesenchymal Transition	TIMP3
29	Epithelial Mesenchymal Transition	TNC
29	Epithelial Mesenchymal Transition	TNFAIP3
29	Epithelial Mesenchymal Transition	TNFRSF11B
29	Epithelial Mesenchymal Transition	TNFRSF12A
29	Epithelial Mesenchymal Transition	TPM1
29	Epithelial Mesenchymal Transition	TPM2
29	Epithelial Mesenchymal Transition	TPM4
29	Epithelial Mesenchymal Transition	VCAM1
29	Epithelial Mesenchymal Transition	VCAN
29	Epithelial Mesenchymal Transition	VEGFA
29	Epithelial Mesenchymal Transition	VEGFC
29	Epithelial Mesenchymal Transition	VIM
29	Epithelial Mesenchymal Transition	WIPF1
29	Epithelial Mesenchymal Transition	WNT5A
30	Inflammatory Response	ABCA1
30	Inflammatory Response	ABI1
30	Inflammatory Response	ACVR1B
30	Inflammatory Response	ACVR2A
30	Inflammatory Response	ADGRE1
30	Inflammatory Response	ADM
30	Inflammatory Response	ADORA2B
30	Inflammatory Response	ADRM1
30	Inflammatory Response	AHR
30	Inflammatory Response	APLNR
30	Inflammatory Response	AQP9
30	Inflammatory Response	ATP2A2
30	Inflammatory Response	ATP2B1
30	Inflammatory Response	ATP2C1
30	Inflammatory Response	AXL
30	Inflammatory Response	BDKRB1
30	Inflammatory Response	BEST1
30	Inflammatory Response	BST2
30	Inflammatory Response	BTG2
30	Inflammatory Response	C3AR1
30	Inflammatory Response	C5AR1
30	Inflammatory Response	CALCRL
30	Inflammatory Response	CCL17
30	Inflammatory Response	CCL2
30	Inflammatory Response	CCL20
30	Inflammatory Response	CCL22
30	Inflammatory Response	CCL24
30	Inflammatory Response	CCL5
30	Inflammatory Response	CCL7
30	Inflammatory Response	CCR7
30	Inflammatory Response	CCRL2
30	Inflammatory Response	CD14
30	Inflammatory Response	CD40
30	Inflammatory Response	CD48
30	Inflammatory Response	CD55
30	Inflammatory Response	CD69
30	Inflammatory Response	CD70
30	Inflammatory Response	CD82
30	Inflammatory Response	CDKN1A
30	Inflammatory Response	CHST2
30	Inflammatory Response	CLEC5A
30	Inflammatory Response	CMKLR1
30	Inflammatory Response	CSF1
30	Inflammatory Response	CSF3
30	Inflammatory Response	CSF3R
30	Inflammatory Response	CX3CL1
30	Inflammatory Response	CXCL10
30	Inflammatory Response	CXCL11
30	Inflammatory Response	CXCL6
30	Inflammatory Response	CXCL8
30	Inflammatory Response	CXCL9
30	Inflammatory Response	CXCR6
30	Inflammatory Response	CYBB
30	Inflammatory Response	DCBLD2
30	Inflammatory Response	EBI3
30	Inflammatory Response	EDN1
30	Inflammatory Response	EIF2AK2
30	Inflammatory Response	EMP3
30	Inflammatory Response	EREG
30	Inflammatory Response	F3
30	Inflammatory Response	FFAR2
30	Inflammatory Response	FPR1
30	Inflammatory Response	FZD5
30	Inflammatory Response	GABBR1
30	Inflammatory Response	GCH1
30	Inflammatory Response	GNA15
30	Inflammatory Response	GNAI3
30	Inflammatory Response	GP1BA
30	Inflammatory Response	GPC3
30	Inflammatory Response	GPR132
30	Inflammatory Response	GPR183
30	Inflammatory Response	HAS2
30	Inflammatory Response	HBEGF
30	Inflammatory Response	HIF1A
30	Inflammatory Response	HPN
30	Inflammatory Response	HRH1
30	Inflammatory Response	ICAM1
30	Inflammatory Response	ICAM4
30	Inflammatory Response	ICOSLG
30	Inflammatory Response	IFITM1
30	Inflammatory Response	IFNAR1
30	Inflammatory Response	IFNGR2
30	Inflammatory Response	IL10
30	Inflammatory Response	IL10RA
30	Inflammatory Response	IL12B
30	Inflammatory Response	IL15
30	Inflammatory Response	IL15RA
30	Inflammatory Response	IL18
30	Inflammatory Response	IL18R1
30	Inflammatory Response	IL18RAP
30	Inflammatory Response	IL1A
30	Inflammatory Response	IL1B
30	Inflammatory Response	IL1R1
30	Inflammatory Response	IL2RB
30	Inflammatory Response	IL4R
30	Inflammatory Response	IL6
30	Inflammatory Response	IL7R
30	Inflammatory Response	INHBA
30	Inflammatory Response	IRAK2
30	Inflammatory Response	IRF1
30	Inflammatory Response	IRF7
30	Inflammatory Response	ITGA5
30	Inflammatory Response	ITGB3
30	Inflammatory Response	ITGB8
30	Inflammatory Response	KCNA3
30	Inflammatory Response	KCNJ2
30	Inflammatory Response	KCNMB2
30	Inflammatory Response	KIF1B
30	Inflammatory Response	KLF6
30	Inflammatory Response	LAMP3
30	Inflammatory Response	LCK
30	Inflammatory Response	LCP2
30	Inflammatory Response	LDLR
30	Inflammatory Response	LIF
30	Inflammatory Response	LPAR1
30	Inflammatory Response	LTA
30	Inflammatory Response	LY6E
30	Inflammatory Response	LYN
30	Inflammatory Response	MARCO
30	Inflammatory Response	MEFV
30	Inflammatory Response	MEP1A
30	Inflammatory Response	MET
30	Inflammatory Response	MMP14
30	Inflammatory Response	MSR1
30	Inflammatory Response	MXD1
30	Inflammatory Response	MYC
30	Inflammatory Response	NAMPT
30	Inflammatory Response	NDP
30	Inflammatory Response	NFKB1
30	Inflammatory Response	NFKBIA
30	Inflammatory Response	NLRP3
30	Inflammatory Response	NMI
30	Inflammatory Response	NMUR1
30	Inflammatory Response	NOD2
30	Inflammatory Response	NPFFR2
30	Inflammatory Response	OLR1
30	Inflammatory Response	OPRK1
30	Inflammatory Response	OSM
30	Inflammatory Response	OSMR
30	Inflammatory Response	P2RX4
30	Inflammatory Response	P2RX7
30	Inflammatory Response	P2RY2
30	Inflammatory Response	PCDH7
30	Inflammatory Response	PDE4B
30	Inflammatory Response	PDPN
30	Inflammatory Response	PIK3R5
30	Inflammatory Response	PLAUR
30	Inflammatory Response	PROK2
30	Inflammatory Response	PSEN1
30	Inflammatory Response	PTAFR
30	Inflammatory Response	PTGER2
30	Inflammatory Response	PTGER4
30	Inflammatory Response	PTGIR
30	Inflammatory Response	PTPRE
30	Inflammatory Response	PVR
30	Inflammatory Response	RAF1
30	Inflammatory Response	RASGRP1
30	Inflammatory Response	RELA
30	Inflammatory Response	RGS1
30	Inflammatory Response	RGS16
30	Inflammatory Response	RHOG
30	Inflammatory Response	RIPK2
30	Inflammatory Response	RNF144B
30	Inflammatory Response	ROS1
30	Inflammatory Response	RTP4
30	Inflammatory Response	SCARF1
30	Inflammatory Response	SCN1B
30	Inflammatory Response	SELE
30	Inflammatory Response	SELENOS
30	Inflammatory Response	SELL
30	Inflammatory Response	SEMA4D
30	Inflammatory Response	SERPINE1
30	Inflammatory Response	SGMS2
30	Inflammatory Response	SLAMF1
30	Inflammatory Response	SLC11A2
30	Inflammatory Response	SLC1A2
30	Inflammatory Response	SLC28A2
30	Inflammatory Response	SLC31A1
30	Inflammatory Response	SLC31A2
30	Inflammatory Response	SLC4A4
30	Inflammatory Response	SLC7A1
30	Inflammatory Response	SLC7A2
30	Inflammatory Response	SPHK1
30	Inflammatory Response	SRI
30	Inflammatory Response	STAB1
30	Inflammatory Response	TACR1
30	Inflammatory Response	TACR3
30	Inflammatory Response	TAPBP
30	Inflammatory Response	TIMP1
30	Inflammatory Response	TLR1
30	Inflammatory Response	TLR2
30	Inflammatory Response	TLR3
30	Inflammatory Response	TNFAIP6
30	Inflammatory Response	TNFRSF1B
30	Inflammatory Response	TNFRSF9
30	Inflammatory Response	TNFSF10
30	Inflammatory Response	TNFSF15
30	Inflammatory Response	TNFSF9
30	Inflammatory Response	TPBG
30	Inflammatory Response	VIP
31	Xenobiotic Metabolism	ABCC2
31	Xenobiotic Metabolism	ABCC3
31	Xenobiotic Metabolism	ABCD2
31	Xenobiotic Metabolism	ABHD6
31	Xenobiotic Metabolism	ACO2
31	Xenobiotic Metabolism	ACOX1
31	Xenobiotic Metabolism	ACOX2
31	Xenobiotic Metabolism	ACOX3
31	Xenobiotic Metabolism	ACP1
31	Xenobiotic Metabolism	ACP2
31	Xenobiotic Metabolism	ACSM1
31	Xenobiotic Metabolism	ADH1C
31	Xenobiotic Metabolism	ADH5
31	Xenobiotic Metabolism	ADH7
31	Xenobiotic Metabolism	AHCY
31	Xenobiotic Metabolism	AKR1C2
31	Xenobiotic Metabolism	AKR1C3
31	Xenobiotic Metabolism	ALAS1
31	Xenobiotic Metabolism	ALDH2
31	Xenobiotic Metabolism	ALDH3A1
31	Xenobiotic Metabolism	ALDH9A1
31	Xenobiotic Metabolism	ANGPTL3
31	Xenobiotic Metabolism	AOX1
31	Xenobiotic Metabolism	AP4B1
31	Xenobiotic Metabolism	APOE
31	Xenobiotic Metabolism	AQP9
31	Xenobiotic Metabolism	ARG1
31	Xenobiotic Metabolism	ARG2
31	Xenobiotic Metabolism	ARPP19
31	Xenobiotic Metabolism	ASL
31	Xenobiotic Metabolism	ATOH8
31	Xenobiotic Metabolism	ATP2A2
31	Xenobiotic Metabolism	BCAR1
31	Xenobiotic Metabolism	BCAT1
31	Xenobiotic Metabolism	BLVRB
31	Xenobiotic Metabolism	BPHL
31	Xenobiotic Metabolism	CA2
31	Xenobiotic Metabolism	CASP6
31	Xenobiotic Metabolism	CAT
31	Xenobiotic Metabolism	CBR1
31	Xenobiotic Metabolism	CCL25
31	Xenobiotic Metabolism	CD36
31	Xenobiotic Metabolism	CDA
31	Xenobiotic Metabolism	CDO1
31	Xenobiotic Metabolism	CES1
31	Xenobiotic Metabolism	CFB
31	Xenobiotic Metabolism	CNDP2
31	Xenobiotic Metabolism	COMT
31	Xenobiotic Metabolism	CROT
31	Xenobiotic Metabolism	CRP
31	Xenobiotic Metabolism	CSAD
31	Xenobiotic Metabolism	CYB5A
31	Xenobiotic Metabolism	CYFIP2
31	Xenobiotic Metabolism	CYP17A1
31	Xenobiotic Metabolism	CYP1A1
31	Xenobiotic Metabolism	CYP1A2
31	Xenobiotic Metabolism	CYP26A1
31	Xenobiotic Metabolism	CYP27A1
31	Xenobiotic Metabolism	CYP2C18
31	Xenobiotic Metabolism	CYP2E1
31	Xenobiotic Metabolism	CYP2J2
31	Xenobiotic Metabolism	CYP2S1
31	Xenobiotic Metabolism	CYP4F2
31	Xenobiotic Metabolism	DCXR
31	Xenobiotic Metabolism	DDAH2
31	Xenobiotic Metabolism	DDC
31	Xenobiotic Metabolism	DDT
31	Xenobiotic Metabolism	DHPS
31	Xenobiotic Metabolism	DHRS1
31	Xenobiotic Metabolism	DHRS7
31	Xenobiotic Metabolism	ECH1
31	Xenobiotic Metabolism	ELOVL5
31	Xenobiotic Metabolism	ENPEP
31	Xenobiotic Metabolism	ENTPD5
31	Xenobiotic Metabolism	EPHA2
31	Xenobiotic Metabolism	EPHX1
31	Xenobiotic Metabolism	ESR1
31	Xenobiotic Metabolism	ETFDH
31	Xenobiotic Metabolism	ETS2
31	Xenobiotic Metabolism	F10
31	Xenobiotic Metabolism	F11
31	Xenobiotic Metabolism	FABP1
31	Xenobiotic Metabolism	FAH
31	Xenobiotic Metabolism	FAS
31	Xenobiotic Metabolism	FBLN1
31	Xenobiotic Metabolism	FBP1
31	Xenobiotic Metabolism	FETUB
31	Xenobiotic Metabolism	FMO1
31	Xenobiotic Metabolism	FMO3
31	Xenobiotic Metabolism	G6PC
31	Xenobiotic Metabolism	GABARAPL1
31	Xenobiotic Metabolism	GAD1
31	Xenobiotic Metabolism	GART
31	Xenobiotic Metabolism	GCH1
31	Xenobiotic Metabolism	GCKR
31	Xenobiotic Metabolism	GCLC
31	Xenobiotic Metabolism	GCNT2
31	Xenobiotic Metabolism	GNMT
31	Xenobiotic Metabolism	GSR
31	Xenobiotic Metabolism	GSS
31	Xenobiotic Metabolism	GSTA3
31	Xenobiotic Metabolism	GSTM4
31	Xenobiotic Metabolism	GSTO1
31	Xenobiotic Metabolism	GSTT2
31	Xenobiotic Metabolism	HACL1
31	Xenobiotic Metabolism	HES6
31	Xenobiotic Metabolism	HGFAC
31	Xenobiotic Metabolism	HMOX1
31	Xenobiotic Metabolism	HNF4A
31	Xenobiotic Metabolism	HPRT1
31	Xenobiotic Metabolism	HRG
31	Xenobiotic Metabolism	HSD11B1
31	Xenobiotic Metabolism	HSD17B2
31	Xenobiotic Metabolism	ID2
31	Xenobiotic Metabolism	IDH1
31	Xenobiotic Metabolism	IGF1
31	Xenobiotic Metabolism	IGFBP1
31	Xenobiotic Metabolism	IGFBP4
31	Xenobiotic Metabolism	IL1R1
31	Xenobiotic Metabolism	IRF8
31	Xenobiotic Metabolism	ITIH1
31	Xenobiotic Metabolism	ITIH4
31	Xenobiotic Metabolism	JUP
31	Xenobiotic Metabolism	KARS1
31	Xenobiotic Metabolism	KYNU
31	Xenobiotic Metabolism	LCAT
31	Xenobiotic Metabolism	LEAP2
31	Xenobiotic Metabolism	LONP1
31	Xenobiotic Metabolism	LPIN2
31	Xenobiotic Metabolism	MAN1A1
31	Xenobiotic Metabolism	MAOA
31	Xenobiotic Metabolism	MARCHF6
31	Xenobiotic Metabolism	MBL2
31	Xenobiotic Metabolism	MCCC2
31	Xenobiotic Metabolism	MPP2
31	Xenobiotic Metabolism	MT2A
31	Xenobiotic Metabolism	MTHFD1
31	Xenobiotic Metabolism	NDRG2
31	Xenobiotic Metabolism	NFS1
31	Xenobiotic Metabolism	NINJ1
31	Xenobiotic Metabolism	NMT1
31	Xenobiotic Metabolism	NPC1
31	Xenobiotic Metabolism	NQO1
31	Xenobiotic Metabolism	PAPSS2
31	Xenobiotic Metabolism	PC
31	Xenobiotic Metabolism	PDK4
31	Xenobiotic Metabolism	PDLIM5
31	Xenobiotic Metabolism	PEMT
31	Xenobiotic Metabolism	PGD
31	Xenobiotic Metabolism	PGRMC1
31	Xenobiotic Metabolism	PINK1
31	Xenobiotic Metabolism	PLG
31	Xenobiotic Metabolism	PMM1
31	Xenobiotic Metabolism	POR
31	Xenobiotic Metabolism	PPARD
31	Xenobiotic Metabolism	PROS1
31	Xenobiotic Metabolism	PSMB10
31	Xenobiotic Metabolism	PTGDS
31	Xenobiotic Metabolism	PTGES
31	Xenobiotic Metabolism	PTGES3
31	Xenobiotic Metabolism	PTGR1
31	Xenobiotic Metabolism	PTS
31	Xenobiotic Metabolism	PYCR1
31	Xenobiotic Metabolism	RAP1GAP
31	Xenobiotic Metabolism	RBP4
31	Xenobiotic Metabolism	REG1A
31	Xenobiotic Metabolism	RETSAT
31	Xenobiotic Metabolism	SAR1B
31	Xenobiotic Metabolism	SERPINA6
31	Xenobiotic Metabolism	SERPINE1
31	Xenobiotic Metabolism	SERTAD1
31	Xenobiotic Metabolism	SHMT2
31	Xenobiotic Metabolism	SLC12A4
31	Xenobiotic Metabolism	SLC1A5
31	Xenobiotic Metabolism	SLC22A1
31	Xenobiotic Metabolism	SLC35B1
31	Xenobiotic Metabolism	SLC35D1
31	Xenobiotic Metabolism	SLC46A3
31	Xenobiotic Metabolism	SLC6A12
31	Xenobiotic Metabolism	SLC6A6
31	Xenobiotic Metabolism	SMOX
31	Xenobiotic Metabolism	SPINT2
31	Xenobiotic Metabolism	SSR3
31	Xenobiotic Metabolism	TAT
31	Xenobiotic Metabolism	TDO2
31	Xenobiotic Metabolism	TGFB2
31	Xenobiotic Metabolism	TKFC
31	Xenobiotic Metabolism	TMBIM6
31	Xenobiotic Metabolism	TMEM176B
31	Xenobiotic Metabolism	TMEM97
31	Xenobiotic Metabolism	TNFRSF1A
31	Xenobiotic Metabolism	TPST1
31	Xenobiotic Metabolism	TTPA
31	Xenobiotic Metabolism	TYR
31	Xenobiotic Metabolism	UGDH
31	Xenobiotic Metabolism	UPB1
31	Xenobiotic Metabolism	UPP1
31	Xenobiotic Metabolism	VNN1
31	Xenobiotic Metabolism	VTN
31	Xenobiotic Metabolism	XDH
32	Fatty Acid Metabolism	AADAT
32	Fatty Acid Metabolism	ACAA1
32	Fatty Acid Metabolism	ACAA2
32	Fatty Acid Metabolism	ACADL
32	Fatty Acid Metabolism	ACADM
32	Fatty Acid Metabolism	ACADS
32	Fatty Acid Metabolism	ACADVL
32	Fatty Acid Metabolism	ACAT2
32	Fatty Acid Metabolism	ACO2
32	Fatty Acid Metabolism	ACOT2
32	Fatty Acid Metabolism	ACOT8
32	Fatty Acid Metabolism	ACOX1
32	Fatty Acid Metabolism	ACSL1
32	Fatty Acid Metabolism	ACSL4
32	Fatty Acid Metabolism	ACSL5
32	Fatty Acid Metabolism	ACSM3
32	Fatty Acid Metabolism	ACSS1
32	Fatty Acid Metabolism	ADH1C
32	Fatty Acid Metabolism	ADH7
32	Fatty Acid Metabolism	ADIPOR2
32	Fatty Acid Metabolism	ADSL
32	Fatty Acid Metabolism	ALAD
32	Fatty Acid Metabolism	ALDH1A1
32	Fatty Acid Metabolism	ALDH3A1
32	Fatty Acid Metabolism	ALDH3A2
32	Fatty Acid Metabolism	ALDH9A1
32	Fatty Acid Metabolism	ALDOA
32	Fatty Acid Metabolism	AOC3
32	Fatty Acid Metabolism	APEX1
32	Fatty Acid Metabolism	AQP7
32	Fatty Acid Metabolism	AUH
32	Fatty Acid Metabolism	BCKDHB
32	Fatty Acid Metabolism	BLVRA
32	Fatty Acid Metabolism	BMPR1B
32	Fatty Acid Metabolism	BPHL
32	Fatty Acid Metabolism	CA2
32	Fatty Acid Metabolism	CA4
32	Fatty Acid Metabolism	CA6
32	Fatty Acid Metabolism	CBR1
32	Fatty Acid Metabolism	CBR3
32	Fatty Acid Metabolism	CCDC58
32	Fatty Acid Metabolism	CD1D
32	Fatty Acid Metabolism	CD36
32	Fatty Acid Metabolism	CEL
32	Fatty Acid Metabolism	CIDEA
32	Fatty Acid Metabolism	CPOX
32	Fatty Acid Metabolism	CPT1A
32	Fatty Acid Metabolism	CPT2
32	Fatty Acid Metabolism	CRAT
32	Fatty Acid Metabolism	CRYZ
32	Fatty Acid Metabolism	CYP1A1
32	Fatty Acid Metabolism	CYP4A11
32	Fatty Acid Metabolism	CYP4A22
32	Fatty Acid Metabolism	D2HGDH
32	Fatty Acid Metabolism	DECR1
32	Fatty Acid Metabolism	DHCR24
32	Fatty Acid Metabolism	DLD
32	Fatty Acid Metabolism	DLST
32	Fatty Acid Metabolism	ECH1
32	Fatty Acid Metabolism	ECHS1
32	Fatty Acid Metabolism	ECI1
32	Fatty Acid Metabolism	ECI2
32	Fatty Acid Metabolism	EHHADH
32	Fatty Acid Metabolism	ELOVL5
32	Fatty Acid Metabolism	ENO2
32	Fatty Acid Metabolism	ENO3
32	Fatty Acid Metabolism	EPHX1
32	Fatty Acid Metabolism	ERP29
32	Fatty Acid Metabolism	ETFDH
32	Fatty Acid Metabolism	FABP1
32	Fatty Acid Metabolism	FABP2
32	Fatty Acid Metabolism	FASN
32	Fatty Acid Metabolism	FH
32	Fatty Acid Metabolism	FMO1
32	Fatty Acid Metabolism	G0S2
32	Fatty Acid Metabolism	GABARAPL1
32	Fatty Acid Metabolism	GAD2
32	Fatty Acid Metabolism	GAPDHS
32	Fatty Acid Metabolism	GCDH
32	Fatty Acid Metabolism	GLUL
32	Fatty Acid Metabolism	GPD1
32	Fatty Acid Metabolism	GPD2
32	Fatty Acid Metabolism	GRHPR
32	Fatty Acid Metabolism	GSTZ1
32	Fatty Acid Metabolism	H2AZ1
32	Fatty Acid Metabolism	HADH
32	Fatty Acid Metabolism	HADHB
32	Fatty Acid Metabolism	HAO2
32	Fatty Acid Metabolism	HCCS
32	Fatty Acid Metabolism	HIBCH
32	Fatty Acid Metabolism	HMGCL
32	Fatty Acid Metabolism	HMGCS1
32	Fatty Acid Metabolism	HMGCS2
32	Fatty Acid Metabolism	HPGD
32	Fatty Acid Metabolism	HSD17B10
32	Fatty Acid Metabolism	HSD17B11
32	Fatty Acid Metabolism	HSD17B4
32	Fatty Acid Metabolism	HSD17B7
32	Fatty Acid Metabolism	HSDL2
32	Fatty Acid Metabolism	HSP90AA1
32	Fatty Acid Metabolism	HSPH1
32	Fatty Acid Metabolism	IDH1
32	Fatty Acid Metabolism	IDH3B
32	Fatty Acid Metabolism	IDH3G
32	Fatty Acid Metabolism	IDI1
32	Fatty Acid Metabolism	IL4I1
32	Fatty Acid Metabolism	INMT
32	Fatty Acid Metabolism	KMT5A
32	Fatty Acid Metabolism	LDHA
32	Fatty Acid Metabolism	LGALS1
32	Fatty Acid Metabolism	LTC4S
32	Fatty Acid Metabolism	MAOA
32	Fatty Acid Metabolism	MCEE
32	Fatty Acid Metabolism	MDH1
32	Fatty Acid Metabolism	MDH2
32	Fatty Acid Metabolism	ME1
32	Fatty Acid Metabolism	METAP1
32	Fatty Acid Metabolism	MGLL
32	Fatty Acid Metabolism	MIF
32	Fatty Acid Metabolism	MLYCD
32	Fatty Acid Metabolism	NBN
32	Fatty Acid Metabolism	NCAPH2
32	Fatty Acid Metabolism	NSDHL
32	Fatty Acid Metabolism	NTHL1
32	Fatty Acid Metabolism	ODC1
32	Fatty Acid Metabolism	OSTC
32	Fatty Acid Metabolism	PCBD1
32	Fatty Acid Metabolism	PDHA1
32	Fatty Acid Metabolism	PDHB
32	Fatty Acid Metabolism	PPARA
32	Fatty Acid Metabolism	PRDX6
32	Fatty Acid Metabolism	PSME1
32	Fatty Acid Metabolism	PTPRG
32	Fatty Acid Metabolism	PTS
32	Fatty Acid Metabolism	RAP1GDS1
32	Fatty Acid Metabolism	RDH11
32	Fatty Acid Metabolism	RDH16
32	Fatty Acid Metabolism	REEP6
32	Fatty Acid Metabolism	RETSAT
32	Fatty Acid Metabolism	S100A10
32	Fatty Acid Metabolism	SDHA
32	Fatty Acid Metabolism	SDHC
32	Fatty Acid Metabolism	SDHD
32	Fatty Acid Metabolism	SERINC1
32	Fatty Acid Metabolism	SLC22A5
32	Fatty Acid Metabolism	SMS
32	Fatty Acid Metabolism	SUCLA2
32	Fatty Acid Metabolism	SUCLG1
32	Fatty Acid Metabolism	SUCLG2
32	Fatty Acid Metabolism	TDO2
32	Fatty Acid Metabolism	TP53INP2
32	Fatty Acid Metabolism	UBE2L6
32	Fatty Acid Metabolism	UGDH
32	Fatty Acid Metabolism	UROD
32	Fatty Acid Metabolism	UROS
32	Fatty Acid Metabolism	VNN1
32	Fatty Acid Metabolism	XIST
32	Fatty Acid Metabolism	YWHAH
33	Oxidative Phosphorylation	ABCB7
33	Oxidative Phosphorylation	ACAA1
33	Oxidative Phosphorylation	ACAA2
33	Oxidative Phosphorylation	ACADM
33	Oxidative Phosphorylation	ACADSB
33	Oxidative Phosphorylation	ACADVL
33	Oxidative Phosphorylation	ACAT1
33	Oxidative Phosphorylation	ACO2
33	Oxidative Phosphorylation	AFG3L2
33	Oxidative Phosphorylation	AIFM1
33	Oxidative Phosphorylation	ALAS1
33	Oxidative Phosphorylation	ALDH6A1
33	Oxidative Phosphorylation	ATP1B1
33	Oxidative Phosphorylation	ATP5F1A
33	Oxidative Phosphorylation	ATP5F1B
33	Oxidative Phosphorylation	ATP5F1C
33	Oxidative Phosphorylation	ATP5F1D
33	Oxidative Phosphorylation	ATP5F1E
33	Oxidative Phosphorylation	ATP5MC1
33	Oxidative Phosphorylation	ATP5MC2
33	Oxidative Phosphorylation	ATP5MC3
33	Oxidative Phosphorylation	ATP5ME
33	Oxidative Phosphorylation	ATP5MF
33	Oxidative Phosphorylation	ATP5MG
33	Oxidative Phosphorylation	ATP5PB
33	Oxidative Phosphorylation	ATP5PD
33	Oxidative Phosphorylation	ATP5PF
33	Oxidative Phosphorylation	ATP5PO
33	Oxidative Phosphorylation	ATP6AP1
33	Oxidative Phosphorylation	ATP6V0B
33	Oxidative Phosphorylation	ATP6V0C
33	Oxidative Phosphorylation	ATP6V0E1
33	Oxidative Phosphorylation	ATP6V1C1
33	Oxidative Phosphorylation	ATP6V1D
33	Oxidative Phosphorylation	ATP6V1E1
33	Oxidative Phosphorylation	ATP6V1F
33	Oxidative Phosphorylation	ATP6V1G1
33	Oxidative Phosphorylation	ATP6V1H
33	Oxidative Phosphorylation	BAX
33	Oxidative Phosphorylation	BCKDHA
33	Oxidative Phosphorylation	BDH2
33	Oxidative Phosphorylation	CASP7
33	Oxidative Phosphorylation	COX10
33	Oxidative Phosphorylation	COX11
33	Oxidative Phosphorylation	COX15
33	Oxidative Phosphorylation	COX17
33	Oxidative Phosphorylation	COX4I1
33	Oxidative Phosphorylation	COX5A
33	Oxidative Phosphorylation	COX5B
33	Oxidative Phosphorylation	COX6A1
33	Oxidative Phosphorylation	COX6B1
33	Oxidative Phosphorylation	COX6C
33	Oxidative Phosphorylation	COX7A2
33	Oxidative Phosphorylation	COX7A2L
33	Oxidative Phosphorylation	COX7B
33	Oxidative Phosphorylation	COX7C
33	Oxidative Phosphorylation	COX8A
33	Oxidative Phosphorylation	CPT1A
33	Oxidative Phosphorylation	CS
33	Oxidative Phosphorylation	CYB5A
33	Oxidative Phosphorylation	CYB5R3
33	Oxidative Phosphorylation	CYC1
33	Oxidative Phosphorylation	CYCS
33	Oxidative Phosphorylation	DECR1
33	Oxidative Phosphorylation	DLAT
33	Oxidative Phosphorylation	DLD
33	Oxidative Phosphorylation	DLST
33	Oxidative Phosphorylation	ECH1
33	Oxidative Phosphorylation	ECHS1
33	Oxidative Phosphorylation	ECI1
33	Oxidative Phosphorylation	ETFA
33	Oxidative Phosphorylation	ETFB
33	Oxidative Phosphorylation	ETFDH
33	Oxidative Phosphorylation	FDX1
33	Oxidative Phosphorylation	FH
33	Oxidative Phosphorylation	FXN
33	Oxidative Phosphorylation	GLUD1
33	Oxidative Phosphorylation	GOT2
33	Oxidative Phosphorylation	GPI
33	Oxidative Phosphorylation	GPX4
33	Oxidative Phosphorylation	GRPEL1
33	Oxidative Phosphorylation	HADHA
33	Oxidative Phosphorylation	HADHB
33	Oxidative Phosphorylation	HCCS
33	Oxidative Phosphorylation	HSD17B10
33	Oxidative Phosphorylation	HSPA9
33	Oxidative Phosphorylation	HTRA2
33	Oxidative Phosphorylation	IDH1
33	Oxidative Phosphorylation	IDH2
33	Oxidative Phosphorylation	IDH3A
33	Oxidative Phosphorylation	IDH3B
33	Oxidative Phosphorylation	IDH3G
33	Oxidative Phosphorylation	IMMT
33	Oxidative Phosphorylation	ISCA1
33	Oxidative Phosphorylation	ISCU
33	Oxidative Phosphorylation	LDHA
33	Oxidative Phosphorylation	LDHB
33	Oxidative Phosphorylation	LRPPRC
33	Oxidative Phosphorylation	MAOB
33	Oxidative Phosphorylation	MDH1
33	Oxidative Phosphorylation	MDH2
33	Oxidative Phosphorylation	MFN2
33	Oxidative Phosphorylation	MGST3
33	Oxidative Phosphorylation	MPC1
33	Oxidative Phosphorylation	MRPL11
33	Oxidative Phosphorylation	MRPL15
33	Oxidative Phosphorylation	MRPL34
33	Oxidative Phosphorylation	MRPL35
33	Oxidative Phosphorylation	MRPS11
33	Oxidative Phosphorylation	MRPS12
33	Oxidative Phosphorylation	MRPS15
33	Oxidative Phosphorylation	MRPS22
33	Oxidative Phosphorylation	MRPS30
33	Oxidative Phosphorylation	MTRF1
33	Oxidative Phosphorylation	MTRR
33	Oxidative Phosphorylation	MTX2
33	Oxidative Phosphorylation	NDUFA1
33	Oxidative Phosphorylation	NDUFA2
33	Oxidative Phosphorylation	NDUFA3
33	Oxidative Phosphorylation	NDUFA4
33	Oxidative Phosphorylation	NDUFA5
33	Oxidative Phosphorylation	NDUFA6
33	Oxidative Phosphorylation	NDUFA7
33	Oxidative Phosphorylation	NDUFA8
33	Oxidative Phosphorylation	NDUFA9
33	Oxidative Phosphorylation	NDUFAB1
33	Oxidative Phosphorylation	NDUFB1
33	Oxidative Phosphorylation	NDUFB2
33	Oxidative Phosphorylation	NDUFB3
33	Oxidative Phosphorylation	NDUFB4
33	Oxidative Phosphorylation	NDUFB5
33	Oxidative Phosphorylation	NDUFB6
33	Oxidative Phosphorylation	NDUFB7
33	Oxidative Phosphorylation	NDUFB8
33	Oxidative Phosphorylation	NDUFC1
33	Oxidative Phosphorylation	NDUFC2
33	Oxidative Phosphorylation	NDUFS1
33	Oxidative Phosphorylation	NDUFS2
33	Oxidative Phosphorylation	NDUFS3
33	Oxidative Phosphorylation	NDUFS4
33	Oxidative Phosphorylation	NDUFS6
33	Oxidative Phosphorylation	NDUFS7
33	Oxidative Phosphorylation	NDUFS8
33	Oxidative Phosphorylation	NDUFV1
33	Oxidative Phosphorylation	NDUFV2
33	Oxidative Phosphorylation	NNT
33	Oxidative Phosphorylation	NQO2
33	Oxidative Phosphorylation	OAT
33	Oxidative Phosphorylation	OGDH
33	Oxidative Phosphorylation	OPA1
33	Oxidative Phosphorylation	OXA1L
33	Oxidative Phosphorylation	PDHA1
33	Oxidative Phosphorylation	PDHB
33	Oxidative Phosphorylation	PDHX
33	Oxidative Phosphorylation	PDK4
33	Oxidative Phosphorylation	PDP1
33	Oxidative Phosphorylation	PHB2
33	Oxidative Phosphorylation	PHYH
33	Oxidative Phosphorylation	PMPCA
33	Oxidative Phosphorylation	POLR2F
33	Oxidative Phosphorylation	POR
33	Oxidative Phosphorylation	PRDX3
33	Oxidative Phosphorylation	RETSAT
33	Oxidative Phosphorylation	RHOT1
33	Oxidative Phosphorylation	RHOT2
33	Oxidative Phosphorylation	SDHA
33	Oxidative Phosphorylation	SDHB
33	Oxidative Phosphorylation	SDHC
33	Oxidative Phosphorylation	SDHD
33	Oxidative Phosphorylation	SLC25A11
33	Oxidative Phosphorylation	SLC25A12
33	Oxidative Phosphorylation	SLC25A20
33	Oxidative Phosphorylation	SLC25A3
33	Oxidative Phosphorylation	SLC25A4
33	Oxidative Phosphorylation	SLC25A5
33	Oxidative Phosphorylation	SLC25A6
33	Oxidative Phosphorylation	SUCLA2
33	Oxidative Phosphorylation	SUCLG1
33	Oxidative Phosphorylation	SUPV3L1
33	Oxidative Phosphorylation	SURF1
33	Oxidative Phosphorylation	TCIRG1
33	Oxidative Phosphorylation	TIMM10
33	Oxidative Phosphorylation	TIMM13
33	Oxidative Phosphorylation	TIMM17A
33	Oxidative Phosphorylation	TIMM50
33	Oxidative Phosphorylation	TIMM8B
33	Oxidative Phosphorylation	TIMM9
33	Oxidative Phosphorylation	TOMM22
33	Oxidative Phosphorylation	TOMM70
33	Oxidative Phosphorylation	UQCR10
33	Oxidative Phosphorylation	UQCR11
33	Oxidative Phosphorylation	UQCRB
33	Oxidative Phosphorylation	UQCRC1
33	Oxidative Phosphorylation	UQCRC2
33	Oxidative Phosphorylation	UQCRFS1
33	Oxidative Phosphorylation	UQCRH
33	Oxidative Phosphorylation	UQCRQ
33	Oxidative Phosphorylation	VDAC1
33	Oxidative Phosphorylation	VDAC2
33	Oxidative Phosphorylation	VDAC3
34	Glycolysis	ABCB6
34	Glycolysis	ADORA2B
34	Glycolysis	AGL
34	Glycolysis	AGRN
34	Glycolysis	AK3
34	Glycolysis	AK4
34	Glycolysis	AKR1A1
34	Glycolysis	ALDH7A1
34	Glycolysis	ALDH9A1
34	Glycolysis	ALDOA
34	Glycolysis	ALDOB
34	Glycolysis	ALG1
34	Glycolysis	ANG
34	Glycolysis	ANGPTL4
34	Glycolysis	ANKZF1
34	Glycolysis	ARPP19
34	Glycolysis	ARTN
34	Glycolysis	AURKA
34	Glycolysis	B3GALT6
34	Glycolysis	B3GAT1
34	Glycolysis	B3GAT3
34	Glycolysis	B3GNT3
34	Glycolysis	B4GALT1
34	Glycolysis	B4GALT2
34	Glycolysis	B4GALT4
34	Glycolysis	B4GALT7
34	Glycolysis	BIK
34	Glycolysis	BPNT1
34	Glycolysis	CACNA1H
34	Glycolysis	CAPN5
34	Glycolysis	CASP6
34	Glycolysis	CD44
34	Glycolysis	CDK1
34	Glycolysis	CENPA
34	Glycolysis	CHPF
34	Glycolysis	CHPF2
34	Glycolysis	CHST1
34	Glycolysis	CHST12
34	Glycolysis	CHST2
34	Glycolysis	CHST4
34	Glycolysis	CHST6
34	Glycolysis	CITED2
34	Glycolysis	CLDN3
34	Glycolysis	CLDN9
34	Glycolysis	CLN6
34	Glycolysis	COG2
34	Glycolysis	COL5A1
34	Glycolysis	COPB2
34	Glycolysis	CTH
34	Glycolysis	CXCR4
34	Glycolysis	CYB5A
34	Glycolysis	DCN
34	Glycolysis	DDIT4
34	Glycolysis	DEPDC1
34	Glycolysis	DLD
34	Glycolysis	DPYSL4
34	Glycolysis	DSC2
34	Glycolysis	ECD
34	Glycolysis	EFNA3
34	Glycolysis	EGFR
34	Glycolysis	EGLN3
34	Glycolysis	ELF3
34	Glycolysis	ENO1
34	Glycolysis	ENO2
34	Glycolysis	ERO1A
34	Glycolysis	EXT1
34	Glycolysis	EXT2
34	Glycolysis	FAM162A
34	Glycolysis	FBP2
34	Glycolysis	FKBP4
34	Glycolysis	FUT8
34	Glycolysis	G6PD
34	Glycolysis	GAL3ST1
34	Glycolysis	GALE
34	Glycolysis	GALK1
34	Glycolysis	GALK2
34	Glycolysis	GAPDHS
34	Glycolysis	GCLC
34	Glycolysis	GFPT1
34	Glycolysis	GLCE
34	Glycolysis	GLRX
34	Glycolysis	GMPPA
34	Glycolysis	GMPPB
34	Glycolysis	GNE
34	Glycolysis	GNPDA1
34	Glycolysis	GOT1
34	Glycolysis	GOT2
34	Glycolysis	GPC1
34	Glycolysis	GPC3
34	Glycolysis	GPC4
34	Glycolysis	GPR87
34	Glycolysis	GUSB
34	Glycolysis	GYS1
34	Glycolysis	GYS2
34	Glycolysis	HAX1
34	Glycolysis	HDLBP
34	Glycolysis	HK2
34	Glycolysis	HMMR
34	Glycolysis	HOMER1
34	Glycolysis	HS2ST1
34	Glycolysis	HS6ST2
34	Glycolysis	HSPA5
34	Glycolysis	IDH1
34	Glycolysis	IDUA
34	Glycolysis	IER3
34	Glycolysis	IGFBP3
34	Glycolysis	IL13RA1
34	Glycolysis	IRS2
34	Glycolysis	ISG20
34	Glycolysis	KDELR3
34	Glycolysis	KIF20A
34	Glycolysis	KIF2A
34	Glycolysis	LCT
34	Glycolysis	LDHA
34	Glycolysis	LDHC
34	Glycolysis	LHPP
34	Glycolysis	LHX9
34	Glycolysis	MDH1
34	Glycolysis	MDH2
34	Glycolysis	ME1
34	Glycolysis	ME2
34	Glycolysis	MED24
34	Glycolysis	MERTK
34	Glycolysis	MET
34	Glycolysis	MIF
34	Glycolysis	MIOX
34	Glycolysis	MPI
34	Glycolysis	MXI1
34	Glycolysis	NANP
34	Glycolysis	NASP
34	Glycolysis	NDST3
34	Glycolysis	NDUFV3
34	Glycolysis	NOL3
34	Glycolysis	NSDHL
34	Glycolysis	NT5E
34	Glycolysis	P4HA1
34	Glycolysis	P4HA2
34	Glycolysis	PAM
34	Glycolysis	PAXIP1
34	Glycolysis	PC
34	Glycolysis	PDK3
34	Glycolysis	PFKFB1
34	Glycolysis	PFKP
34	Glycolysis	PGAM1
34	Glycolysis	PGAM2
34	Glycolysis	PGK1
34	Glycolysis	PGLS
34	Glycolysis	PGM2
34	Glycolysis	PHKA2
34	Glycolysis	PKM
34	Glycolysis	PKP2
34	Glycolysis	PLOD1
34	Glycolysis	PLOD2
34	Glycolysis	PMM2
34	Glycolysis	POLR3K
34	Glycolysis	PPFIA4
34	Glycolysis	PPIA
34	Glycolysis	PPP2CB
34	Glycolysis	PRPS1
34	Glycolysis	PSMC4
34	Glycolysis	PYGB
34	Glycolysis	PYGL
34	Glycolysis	QSOX1
34	Glycolysis	RARS1
34	Glycolysis	RBCK1
34	Glycolysis	RPE
34	Glycolysis	RRAGD
34	Glycolysis	SAP30
34	Glycolysis	SDC1
34	Glycolysis	SDC2
34	Glycolysis	SDC3
34	Glycolysis	SDHC
34	Glycolysis	SLC16A3
34	Glycolysis	SLC25A10
34	Glycolysis	SLC25A13
34	Glycolysis	SLC35A3
34	Glycolysis	SLC37A4
34	Glycolysis	SOD1
34	Glycolysis	SOX9
34	Glycolysis	SPAG4
34	Glycolysis	SRD5A3
34	Glycolysis	STC1
34	Glycolysis	STC2
34	Glycolysis	STMN1
34	Glycolysis	TALDO1
34	Glycolysis	TFF3
34	Glycolysis	TGFA
34	Glycolysis	TGFBI
34	Glycolysis	TKTL1
34	Glycolysis	TPBG
34	Glycolysis	TPI1
34	Glycolysis	TPST1
34	Glycolysis	TSTA3
34	Glycolysis	TXN
34	Glycolysis	UGP2
34	Glycolysis	VCAN
34	Glycolysis	VEGFA
34	Glycolysis	VLDLR
34	Glycolysis	XYLT2
34	Glycolysis	ZNF292
35	Reactive Oxygen Species Pathway	ABCC1
35	Reactive Oxygen Species Pathway	ATOX1
35	Reactive Oxygen Species Pathway	CAT
35	Reactive Oxygen Species Pathway	CDKN2D
35	Reactive Oxygen Species Pathway	EGLN2
35	Reactive Oxygen Species Pathway	ERCC2
35	Reactive Oxygen Species Pathway	FES
35	Reactive Oxygen Species Pathway	FTL
35	Reactive Oxygen Species Pathway	G6PD
35	Reactive Oxygen Species Pathway	GCLC
35	Reactive Oxygen Species Pathway	GCLM
35	Reactive Oxygen Species Pathway	GLRX
35	Reactive Oxygen Species Pathway	GLRX2
35	Reactive Oxygen Species Pathway	GPX3
35	Reactive Oxygen Species Pathway	GPX4
35	Reactive Oxygen Species Pathway	GSR
35	Reactive Oxygen Species Pathway	HHEX
35	Reactive Oxygen Species Pathway	HMOX2
35	Reactive Oxygen Species Pathway	IPCEF1
35	Reactive Oxygen Species Pathway	JUNB
35	Reactive Oxygen Species Pathway	LAMTOR5
35	Reactive Oxygen Species Pathway	LSP1
35	Reactive Oxygen Species Pathway	MBP
35	Reactive Oxygen Species Pathway	MGST1
35	Reactive Oxygen Species Pathway	MPO
35	Reactive Oxygen Species Pathway	MSRA
35	Reactive Oxygen Species Pathway	NDUFA6
35	Reactive Oxygen Species Pathway	NDUFB4
35	Reactive Oxygen Species Pathway	NDUFS2
35	Reactive Oxygen Species Pathway	NQO1
35	Reactive Oxygen Species Pathway	OXSR1
35	Reactive Oxygen Species Pathway	PDLIM1
35	Reactive Oxygen Species Pathway	PFKP
35	Reactive Oxygen Species Pathway	PRDX1
35	Reactive Oxygen Species Pathway	PRDX2
35	Reactive Oxygen Species Pathway	PRDX4
35	Reactive Oxygen Species Pathway	PRDX6
35	Reactive Oxygen Species Pathway	PRNP
35	Reactive Oxygen Species Pathway	PTPA
35	Reactive Oxygen Species Pathway	SBNO2
35	Reactive Oxygen Species Pathway	SCAF4
35	Reactive Oxygen Species Pathway	SELENOS
35	Reactive Oxygen Species Pathway	SOD1
35	Reactive Oxygen Species Pathway	SOD2
35	Reactive Oxygen Species Pathway	SRXN1
35	Reactive Oxygen Species Pathway	STK25
35	Reactive Oxygen Species Pathway	TXN
35	Reactive Oxygen Species Pathway	TXNRD1
35	Reactive Oxygen Species Pathway	TXNRD2
36	p53 Pathway	ABAT
36	p53 Pathway	ABCC5
36	p53 Pathway	ABHD4
36	p53 Pathway	ACVR1B
36	p53 Pathway	ADA
36	p53 Pathway	AEN
36	p53 Pathway	AK1
36	p53 Pathway	ALOX15B
36	p53 Pathway	ANKRA2
36	p53 Pathway	APAF1
36	p53 Pathway	APP
36	p53 Pathway	ATF3
36	p53 Pathway	BAIAP2
36	p53 Pathway	BAK1
36	p53 Pathway	BAX
36	p53 Pathway	BLCAP
36	p53 Pathway	BMP2
36	p53 Pathway	BTG1
36	p53 Pathway	BTG2
36	p53 Pathway	CASP1
36	p53 Pathway	CCND2
36	p53 Pathway	CCND3
36	p53 Pathway	CCNG1
36	p53 Pathway	CCNK
36	p53 Pathway	CCP110
36	p53 Pathway	CD81
36	p53 Pathway	CD82
36	p53 Pathway	CDH13
36	p53 Pathway	CDK5R1
36	p53 Pathway	CDKN1A
36	p53 Pathway	CDKN2A
36	p53 Pathway	CDKN2AIP
36	p53 Pathway	CDKN2B
36	p53 Pathway	CEBPA
36	p53 Pathway	CGRRF1
36	p53 Pathway	CLCA2
36	p53 Pathway	COQ8A
36	p53 Pathway	CSRNP2
36	p53 Pathway	CTSD
36	p53 Pathway	CTSF
36	p53 Pathway	CYFIP2
36	p53 Pathway	DCXR
36	p53 Pathway	DDB2
36	p53 Pathway	DDIT3
36	p53 Pathway	DDIT4
36	p53 Pathway	DEF6
36	p53 Pathway	DGKA
36	p53 Pathway	DNTTIP2
36	p53 Pathway	DRAM1
36	p53 Pathway	EI24
36	p53 Pathway	ELP1
36	p53 Pathway	EPHA2
36	p53 Pathway	EPHX1
36	p53 Pathway	EPS8L2
36	p53 Pathway	ERCC5
36	p53 Pathway	F2R
36	p53 Pathway	FAM162A
36	p53 Pathway	FAS
36	p53 Pathway	FBXW7
36	p53 Pathway	FDXR
36	p53 Pathway	FGF13
36	p53 Pathway	FOS
36	p53 Pathway	FOXO3
36	p53 Pathway	FUCA1
36	p53 Pathway	GADD45A
36	p53 Pathway	GLS2
36	p53 Pathway	GM2A
36	p53 Pathway	GPX2
36	p53 Pathway	H1-2
36	p53 Pathway	H2AJ
36	p53 Pathway	H2AW
36	p53 Pathway	HBEGF
36	p53 Pathway	HDAC3
36	p53 Pathway	HEXIM1
36	p53 Pathway	HINT1
36	p53 Pathway	HMOX1
36	p53 Pathway	HRAS
36	p53 Pathway	HSPA4L
36	p53 Pathway	IER3
36	p53 Pathway	IER5
36	p53 Pathway	IFI30
36	p53 Pathway	IL1A
36	p53 Pathway	INHBB
36	p53 Pathway	IP6K2
36	p53 Pathway	IRAG2
36	p53 Pathway	IRAK1
36	p53 Pathway	ISCU
36	p53 Pathway	ITGB4
36	p53 Pathway	JAG2
36	p53 Pathway	JUN
36	p53 Pathway	KIF13B
36	p53 Pathway	KLF4
36	p53 Pathway	KLK8
36	p53 Pathway	KRT17
36	p53 Pathway	LDHB
36	p53 Pathway	LIF
36	p53 Pathway	MAPKAPK3
36	p53 Pathway	MDM2
36	p53 Pathway	MKNK2
36	p53 Pathway	MXD1
36	p53 Pathway	MXD4
36	p53 Pathway	NDRG1
36	p53 Pathway	NHLH2
36	p53 Pathway	NINJ1
36	p53 Pathway	NOL8
36	p53 Pathway	NOTCH1
36	p53 Pathway	NUDT15
36	p53 Pathway	NUPR1
36	p53 Pathway	OSGIN1
36	p53 Pathway	PCNA
36	p53 Pathway	PDGFA
36	p53 Pathway	PERP
36	p53 Pathway	PHLDA3
36	p53 Pathway	PIDD1
36	p53 Pathway	PITPNC1
36	p53 Pathway	PLK2
36	p53 Pathway	PLK3
36	p53 Pathway	PLXNB2
36	p53 Pathway	PMM1
36	p53 Pathway	POLH
36	p53 Pathway	POM121
36	p53 Pathway	PPM1D
36	p53 Pathway	PPP1R15A
36	p53 Pathway	PRKAB1
36	p53 Pathway	PRMT2
36	p53 Pathway	PROCR
36	p53 Pathway	PTPN14
36	p53 Pathway	PTPRE
36	p53 Pathway	PVT1
36	p53 Pathway	RAB40C
36	p53 Pathway	RACK1
36	p53 Pathway	RAD51C
36	p53 Pathway	RAD9A
36	p53 Pathway	RALGDS
36	p53 Pathway	RAP2B
36	p53 Pathway	RB1
36	p53 Pathway	RCHY1
36	p53 Pathway	RETSAT
36	p53 Pathway	RGS16
36	p53 Pathway	RHBDF2
36	p53 Pathway	RNF19B
36	p53 Pathway	RPL18
36	p53 Pathway	RPL36
36	p53 Pathway	RPS12
36	p53 Pathway	RPS27L
36	p53 Pathway	RRAD
36	p53 Pathway	RRP8
36	p53 Pathway	RXRA
36	p53 Pathway	S100A10
36	p53 Pathway	S100A4
36	p53 Pathway	SAT1
36	p53 Pathway	SDC1
36	p53 Pathway	SEC61A1
36	p53 Pathway	SERPINB5
36	p53 Pathway	SERTAD3
36	p53 Pathway	SESN1
36	p53 Pathway	SFN
36	p53 Pathway	SLC19A2
36	p53 Pathway	SLC35D1
36	p53 Pathway	SLC3A2
36	p53 Pathway	SLC7A11
36	p53 Pathway	SOCS1
36	p53 Pathway	SP1
36	p53 Pathway	SPHK1
36	p53 Pathway	ST14
36	p53 Pathway	STEAP3
36	p53 Pathway	STOM
36	p53 Pathway	TAP1
36	p53 Pathway	TAX1BP3
36	p53 Pathway	TCHH
36	p53 Pathway	TCN2
36	p53 Pathway	TGFA
36	p53 Pathway	TGFB1
36	p53 Pathway	TM4SF1
36	p53 Pathway	TM7SF3
36	p53 Pathway	TNFSF9
36	p53 Pathway	TNNI1
36	p53 Pathway	TOB1
36	p53 Pathway	TP53
36	p53 Pathway	TP63
36	p53 Pathway	TPD52L1
36	p53 Pathway	TPRKB
36	p53 Pathway	TRAF4
36	p53 Pathway	TRAFD1
36	p53 Pathway	TRIAP1
36	p53 Pathway	TRIB3
36	p53 Pathway	TSC22D1
36	p53 Pathway	TSPYL2
36	p53 Pathway	TXNIP
36	p53 Pathway	UPP1
36	p53 Pathway	VAMP8
36	p53 Pathway	VDR
36	p53 Pathway	VWA5A
36	p53 Pathway	WRAP73
36	p53 Pathway	WWP1
36	p53 Pathway	XPC
36	p53 Pathway	ZBTB16
36	p53 Pathway	ZFP36L1
36	p53 Pathway	ZMAT3
36	p53 Pathway	ZNF365
37	UV Response Up	ABCB1
37	UV Response Up	ACAA1
37	UV Response Up	AGO2
37	UV Response Up	ALAS1
37	UV Response Up	ALDOA
37	UV Response Up	AMD1
37	UV Response Up	AP2S1
37	UV Response Up	APOM
37	UV Response Up	AQP3
37	UV Response Up	ARRB2
37	UV Response Up	ASNS
37	UV Response Up	ATF3
37	UV Response Up	ATP6V1C1
37	UV Response Up	ATP6V1F
37	UV Response Up	BAK1
37	UV Response Up	BCL2L11
37	UV Response Up	BID
37	UV Response Up	BMP2
37	UV Response Up	BSG
37	UV Response Up	BTG1
37	UV Response Up	BTG2
37	UV Response Up	BTG3
37	UV Response Up	C4BPB
37	UV Response Up	CA2
37	UV Response Up	CASP3
37	UV Response Up	CCK
37	UV Response Up	CCND3
37	UV Response Up	CCNE1
37	UV Response Up	CDC34
37	UV Response Up	CDC5L
37	UV Response Up	CDK2
37	UV Response Up	CDKN1C
37	UV Response Up	CDKN2B
37	UV Response Up	CDO1
37	UV Response Up	CEBPG
37	UV Response Up	CHKA
37	UV Response Up	CHRNA5
37	UV Response Up	CLCN2
37	UV Response Up	CLTB
37	UV Response Up	CNP
37	UV Response Up	COL2A1
37	UV Response Up	CREG1
37	UV Response Up	CTSV
37	UV Response Up	CXCL2
37	UV Response Up	CYB5B
37	UV Response Up	CYB5R1
37	UV Response Up	CYP1A1
37	UV Response Up	DDX21
37	UV Response Up	DGAT1
37	UV Response Up	DLG4
37	UV Response Up	DNAJA1
37	UV Response Up	DNAJB1
37	UV Response Up	E2F5
37	UV Response Up	EIF2S3
37	UV Response Up	EIF5
37	UV Response Up	ENO2
37	UV Response Up	EPCAM
37	UV Response Up	EPHX1
37	UV Response Up	FEN1
37	UV Response Up	FGF18
37	UV Response Up	FKBP4
37	UV Response Up	FMO1
37	UV Response Up	FOS
37	UV Response Up	FOSB
37	UV Response Up	FURIN
37	UV Response Up	GAL
37	UV Response Up	GCH1
37	UV Response Up	GGH
37	UV Response Up	GLS
37	UV Response Up	GPX3
37	UV Response Up	GRINA
37	UV Response Up	GRPEL1
37	UV Response Up	H2AX
37	UV Response Up	HLA-F
37	UV Response Up	HMOX1
37	UV Response Up	HNRNPU
37	UV Response Up	HSPA13
37	UV Response Up	HSPA2
37	UV Response Up	HTR7
37	UV Response Up	HYAL2
37	UV Response Up	ICAM1
37	UV Response Up	IGFBP2
37	UV Response Up	IL6
37	UV Response Up	IL6ST
37	UV Response Up	IRF1
37	UV Response Up	JUNB
37	UV Response Up	KCNH2
37	UV Response Up	KLHDC3
37	UV Response Up	LHX2
37	UV Response Up	LYN
37	UV Response Up	MAOA
37	UV Response Up	MAPK8IP2
37	UV Response Up	MARK2
37	UV Response Up	MGAT1
37	UV Response Up	MMP14
37	UV Response Up	MRPL23
37	UV Response Up	MSX1
37	UV Response Up	NAT1
37	UV Response Up	NFKBIA
37	UV Response Up	NKX2-5
37	UV Response Up	NPTX2
37	UV Response Up	NPTXR
37	UV Response Up	NR4A1
37	UV Response Up	NTRK3
37	UV Response Up	NUP58
37	UV Response Up	NXF1
37	UV Response Up	OLFM1
37	UV Response Up	ONECUT1
37	UV Response Up	PARP2
37	UV Response Up	PDAP1
37	UV Response Up	PDLIM3
37	UV Response Up	PLCL1
37	UV Response Up	POLE3
37	UV Response Up	POLG2
37	UV Response Up	POLR2H
37	UV Response Up	PPAT
37	UV Response Up	PPIF
37	UV Response Up	PPP1R2
37	UV Response Up	PPT1
37	UV Response Up	PRKACA
37	UV Response Up	PRKCD
37	UV Response Up	PRPF3
37	UV Response Up	PSMC3
37	UV Response Up	PTPRD
37	UV Response Up	RAB27A
37	UV Response Up	RASGRP1
37	UV Response Up	RET
37	UV Response Up	RFC4
37	UV Response Up	RHOB
37	UV Response Up	RPN1
37	UV Response Up	RRAD
37	UV Response Up	RXRB
37	UV Response Up	SELENOW
37	UV Response Up	SHOX2
37	UV Response Up	SIGMAR1
37	UV Response Up	SLC25A4
37	UV Response Up	SLC6A12
37	UV Response Up	SLC6A8
37	UV Response Up	SOD2
37	UV Response Up	SPR
37	UV Response Up	SQSTM1
37	UV Response Up	STARD3
37	UV Response Up	STIP1
37	UV Response Up	STK25
37	UV Response Up	SULT1A1
37	UV Response Up	TACR3
37	UV Response Up	TAP1
37	UV Response Up	TARS1
37	UV Response Up	TCHH
37	UV Response Up	TFRC
37	UV Response Up	TGFBRAP1
37	UV Response Up	TMBIM6
37	UV Response Up	TST
37	UV Response Up	TUBA4A
37	UV Response Up	TYRO3
37	UV Response Up	UROD
37	UV Response Up	WIZ
37	UV Response Up	YKT6
38	UV Response Dn	ABCC1
38	UV Response Dn	ACVR2A
38	UV Response Dn	ADD3
38	UV Response Dn	ADGRL2
38	UV Response Dn	ADORA2B
38	UV Response Dn	AGGF1
38	UV Response Dn	AKT3
38	UV Response Dn	AMPH
38	UV Response Dn	ANXA2
38	UV Response Dn	ANXA4
38	UV Response Dn	APBB2
38	UV Response Dn	ARHGEF9
38	UV Response Dn	ATP2B1
38	UV Response Dn	ATP2B4
38	UV Response Dn	ATP2C1
38	UV Response Dn	ATRN
38	UV Response Dn	ATRX
38	UV Response Dn	ATXN1
38	UV Response Dn	BCKDHB
38	UV Response Dn	BDNF
38	UV Response Dn	BHLHE40
38	UV Response Dn	BMPR1A
38	UV Response Dn	CACNA1A
38	UV Response Dn	CAP2
38	UV Response Dn	CAV1
38	UV Response Dn	CCN1
38	UV Response Dn	CDC42BPA
38	UV Response Dn	CDK13
38	UV Response Dn	CDKN1B
38	UV Response Dn	CDON
38	UV Response Dn	CELF2
38	UV Response Dn	CITED2
38	UV Response Dn	COL11A1
38	UV Response Dn	COL1A1
38	UV Response Dn	COL1A2
38	UV Response Dn	COL3A1
38	UV Response Dn	COL5A2
38	UV Response Dn	DAB2
38	UV Response Dn	DBP
38	UV Response Dn	DDAH1
38	UV Response Dn	DLC1
38	UV Response Dn	DLG1
38	UV Response Dn	DMAC2L
38	UV Response Dn	DUSP1
38	UV Response Dn	DYRK1A
38	UV Response Dn	EFEMP1
38	UV Response Dn	ERBB2
38	UV Response Dn	F3
38	UV Response Dn	FBLN5
38	UV Response Dn	FHL2
38	UV Response Dn	FYN
38	UV Response Dn	FZD2
38	UV Response Dn	GCNT1
38	UV Response Dn	GJA1
38	UV Response Dn	GRK5
38	UV Response Dn	HAS2
38	UV Response Dn	ICA1
38	UV Response Dn	ID1
38	UV Response Dn	IGF1R
38	UV Response Dn	IGFBP5
38	UV Response Dn	INPP4B
38	UV Response Dn	INSIG1
38	UV Response Dn	IRS1
38	UV Response Dn	ITGB3
38	UV Response Dn	KALRN
38	UV Response Dn	KCNMA1
38	UV Response Dn	KIT
38	UV Response Dn	LAMC1
38	UV Response Dn	LDLR
38	UV Response Dn	LPAR1
38	UV Response Dn	LTBP1
38	UV Response Dn	MAGI2
38	UV Response Dn	MAP1B
38	UV Response Dn	MAP2K5
38	UV Response Dn	MAPK14
38	UV Response Dn	MET
38	UV Response Dn	MGLL
38	UV Response Dn	MGMT
38	UV Response Dn	MIOS
38	UV Response Dn	MMP16
38	UV Response Dn	MRPS31
38	UV Response Dn	MT1E
38	UV Response Dn	MTA1
38	UV Response Dn	MYC
38	UV Response Dn	NEK7
38	UV Response Dn	NFIB
38	UV Response Dn	NFKB1
38	UV Response Dn	NIPBL
38	UV Response Dn	NOTCH2
38	UV Response Dn	NR1D2
38	UV Response Dn	NR3C1
38	UV Response Dn	NRP1
38	UV Response Dn	PDGFRB
38	UV Response Dn	PDLIM5
38	UV Response Dn	PEX14
38	UV Response Dn	PHF3
38	UV Response Dn	PIAS3
38	UV Response Dn	PIK3CD
38	UV Response Dn	PIK3R3
38	UV Response Dn	PLCB4
38	UV Response Dn	PLPP3
38	UV Response Dn	PMP22
38	UV Response Dn	PPARG
38	UV Response Dn	PRDM2
38	UV Response Dn	PRKAR2B
38	UV Response Dn	PRKCA
38	UV Response Dn	PRKCE
38	UV Response Dn	PTEN
38	UV Response Dn	PTGFR
38	UV Response Dn	PTPN21
38	UV Response Dn	PTPRM
38	UV Response Dn	RASA2
38	UV Response Dn	RBPMS
38	UV Response Dn	RGS4
38	UV Response Dn	RND3
38	UV Response Dn	RUNX1
38	UV Response Dn	RXRA
38	UV Response Dn	SCAF8
38	UV Response Dn	SCHIP1
38	UV Response Dn	SCN8A
38	UV Response Dn	SDC2
38	UV Response Dn	SERPINE1
38	UV Response Dn	SFMBT1
38	UV Response Dn	SIPA1L1
38	UV Response Dn	SLC22A18
38	UV Response Dn	SLC7A1
38	UV Response Dn	SMAD3
38	UV Response Dn	SMAD7
38	UV Response Dn	SNAI2
38	UV Response Dn	SPOP
38	UV Response Dn	SRI
38	UV Response Dn	SYNE1
38	UV Response Dn	SYNJ2
38	UV Response Dn	TENT4A
38	UV Response Dn	TFPI
38	UV Response Dn	TGFBR2
38	UV Response Dn	TGFBR3
38	UV Response Dn	TJP1
38	UV Response Dn	TOGARAM1
38	UV Response Dn	VAV2
38	UV Response Dn	VLDLR
38	UV Response Dn	WDR37
38	UV Response Dn	YTHDC1
38	UV Response Dn	ZMIZ1
39	Angiogenesis	APOH
39	Angiogenesis	APP
39	Angiogenesis	CCND2
39	Angiogenesis	COL3A1
39	Angiogenesis	COL5A2
39	Angiogenesis	CXCL6
39	Angiogenesis	FGFR1
39	Angiogenesis	FSTL1
39	Angiogenesis	ITGAV
39	Angiogenesis	JAG1
39	Angiogenesis	JAG2
39	Angiogenesis	KCNJ8
39	Angiogenesis	LPL
39	Angiogenesis	LRPAP1
39	Angiogenesis	LUM
39	Angiogenesis	MSX1
39	Angiogenesis	NRP1
39	Angiogenesis	OLR1
39	Angiogenesis	PDGFA
39	Angiogenesis	PF4
39	Angiogenesis	PGLYRP1
39	Angiogenesis	POSTN
39	Angiogenesis	PRG2
39	Angiogenesis	PTK2
39	Angiogenesis	S100A4
39	Angiogenesis	SERPINA5
39	Angiogenesis	SLCO2A1
39	Angiogenesis	SPP1
39	Angiogenesis	STC1
39	Angiogenesis	THBD
39	Angiogenesis	TIMP1
39	Angiogenesis	TNFRSF21
39	Angiogenesis	VAV2
39	Angiogenesis	VCAN
39	Angiogenesis	VEGFA
39	Angiogenesis	VTN
40	heme Metabolism	ABCB6
40	heme Metabolism	ABCG2
40	heme Metabolism	ACKR1
40	heme Metabolism	ACP5
40	heme Metabolism	ACSL6
40	heme Metabolism	ADD1
40	heme Metabolism	ADD2
40	heme Metabolism	ADIPOR1
40	heme Metabolism	AGPAT4
40	heme Metabolism	AHSP
40	heme Metabolism	ALAD
40	heme Metabolism	ALAS2
40	heme Metabolism	ALDH1L1
40	heme Metabolism	ALDH6A1
40	heme Metabolism	ANK1
40	heme Metabolism	AQP3
40	heme Metabolism	ARHGEF12
40	heme Metabolism	ARL2BP
40	heme Metabolism	ASNS
40	heme Metabolism	ATG4A
40	heme Metabolism	ATP6V0A1
40	heme Metabolism	BACH1
40	heme Metabolism	BCAM
40	heme Metabolism	BLVRA
40	heme Metabolism	BLVRB
40	heme Metabolism	BMP2K
40	heme Metabolism	BNIP3L
40	heme Metabolism	BPGM
40	heme Metabolism	BSG
40	heme Metabolism	BTG2
40	heme Metabolism	BTRC
40	heme Metabolism	C3
40	heme Metabolism	CA1
40	heme Metabolism	CA2
40	heme Metabolism	CAST
40	heme Metabolism	CAT
40	heme Metabolism	CCDC28A
40	heme Metabolism	CCND3
40	heme Metabolism	CDC27
40	heme Metabolism	CDR2
40	heme Metabolism	CIR1
40	heme Metabolism	CLCN3
40	heme Metabolism	CLIC2
40	heme Metabolism	CPOX
40	heme Metabolism	CROCCP2
40	heme Metabolism	CTNS
40	heme Metabolism	CTSB
40	heme Metabolism	CTSE
40	heme Metabolism	DAAM1
40	heme Metabolism	DCAF10
40	heme Metabolism	DCAF11
40	heme Metabolism	DCUN1D1
40	heme Metabolism	DMTN
40	heme Metabolism	E2F2
40	heme Metabolism	EIF2AK1
40	heme Metabolism	ELL2
40	heme Metabolism	ENDOD1
40	heme Metabolism	EPB41
40	heme Metabolism	EPB42
40	heme Metabolism	EPOR
40	heme Metabolism	ERMAP
40	heme Metabolism	EZH1
40	heme Metabolism	FBXO34
40	heme Metabolism	FBXO7
40	heme Metabolism	FBXO9
40	heme Metabolism	FECH
40	heme Metabolism	FN3K
40	heme Metabolism	FOXJ2
40	heme Metabolism	FOXO3
40	heme Metabolism	FTCD
40	heme Metabolism	GAPVD1
40	heme Metabolism	GATA1
40	heme Metabolism	GCLC
40	heme Metabolism	GCLM
40	heme Metabolism	GDE1
40	heme Metabolism	GLRX5
40	heme Metabolism	GMPS
40	heme Metabolism	GYPA
40	heme Metabolism	GYPB
40	heme Metabolism	GYPC
40	heme Metabolism	GYPE
40	heme Metabolism	H1-0
40	heme Metabolism	H4C3
40	heme Metabolism	HAGH
40	heme Metabolism	HBB
40	heme Metabolism	HBBP1
40	heme Metabolism	HBD
40	heme Metabolism	HBQ1
40	heme Metabolism	HBZ
40	heme Metabolism	HDGF
40	heme Metabolism	HEBP1
40	heme Metabolism	HMBS
40	heme Metabolism	HTATIP2
40	heme Metabolism	HTRA2
40	heme Metabolism	ICAM4
40	heme Metabolism	IGSF3
40	heme Metabolism	ISCA1
40	heme Metabolism	KAT2B
40	heme Metabolism	KDM7A
40	heme Metabolism	KEL
40	heme Metabolism	KHNYN
40	heme Metabolism	KLF1
40	heme Metabolism	KLF3
40	heme Metabolism	LAMP2
40	heme Metabolism	LMO2
40	heme Metabolism	LPIN2
40	heme Metabolism	LRP10
40	heme Metabolism	MAP2K3
40	heme Metabolism	MARCHF2
40	heme Metabolism	MARCHF8
40	heme Metabolism	MARK3
40	heme Metabolism	MBOAT2
40	heme Metabolism	MFHAS1
40	heme Metabolism	MGST3
40	heme Metabolism	MINPP1
40	heme Metabolism	MKRN1
40	heme Metabolism	MOCOS
40	heme Metabolism	MOSPD1
40	heme Metabolism	MPP1
40	heme Metabolism	MXI1
40	heme Metabolism	MYL4
40	heme Metabolism	NARF
40	heme Metabolism	NCOA4
40	heme Metabolism	NEK7
40	heme Metabolism	NFE2
40	heme Metabolism	NFE2L1
40	heme Metabolism	NNT
40	heme Metabolism	NR3C1
40	heme Metabolism	NUDT4
40	heme Metabolism	OPTN
40	heme Metabolism	OSBP2
40	heme Metabolism	P4HA2
40	heme Metabolism	PC
40	heme Metabolism	PDZK1IP1
40	heme Metabolism	PGLS
40	heme Metabolism	PICALM
40	heme Metabolism	PIGQ
40	heme Metabolism	PPOX
40	heme Metabolism	PPP2R5B
40	heme Metabolism	PRDX2
40	heme Metabolism	PSMD9
40	heme Metabolism	RAD23A
40	heme Metabolism	RANBP10
40	heme Metabolism	RAP1GAP
40	heme Metabolism	RBM38
40	heme Metabolism	RBM5
40	heme Metabolism	RCL1
40	heme Metabolism	RHAG
40	heme Metabolism	RHCE
40	heme Metabolism	RHD
40	heme Metabolism	RIOK3
40	heme Metabolism	RNF123
40	heme Metabolism	RNF19A
40	heme Metabolism	SDCBP
40	heme Metabolism	SEC14L1
40	heme Metabolism	SELENBP1
40	heme Metabolism	SIDT2
40	heme Metabolism	SLC10A3
40	heme Metabolism	SLC11A2
40	heme Metabolism	SLC22A4
40	heme Metabolism	SLC25A37
40	heme Metabolism	SLC25A38
40	heme Metabolism	SLC2A1
40	heme Metabolism	SLC30A1
40	heme Metabolism	SLC30A10
40	heme Metabolism	SLC4A1
40	heme Metabolism	SLC66A2
40	heme Metabolism	SLC6A8
40	heme Metabolism	SLC6A9
40	heme Metabolism	SLC7A11
40	heme Metabolism	SMOX
40	heme Metabolism	SNCA
40	heme Metabolism	SPTA1
40	heme Metabolism	SPTB
40	heme Metabolism	SYNJ1
40	heme Metabolism	TAL1
40	heme Metabolism	TCEA1
40	heme Metabolism	TENT5C
40	heme Metabolism	TFDP2
40	heme Metabolism	TFRC
40	heme Metabolism	TMCC2
40	heme Metabolism	TMEM9B
40	heme Metabolism	TNRC6B
40	heme Metabolism	TNS1
40	heme Metabolism	TOP1
40	heme Metabolism	TRAK2
40	heme Metabolism	TRIM10
40	heme Metabolism	TRIM58
40	heme Metabolism	TSPAN5
40	heme Metabolism	TSPO2
40	heme Metabolism	TYR
40	heme Metabolism	UBAC1
40	heme Metabolism	UCP2
40	heme Metabolism	UROD
40	heme Metabolism	UROS
40	heme Metabolism	USP15
40	heme Metabolism	VEZF1
40	heme Metabolism	XK
40	heme Metabolism	XPO7
40	heme Metabolism	YPEL5
41	Coagulation	A2M
41	Coagulation	ACOX2
41	Coagulation	ADAM9
41	Coagulation	ANG
41	Coagulation	ANXA1
41	Coagulation	APOA1
41	Coagulation	APOC1
41	Coagulation	APOC2
41	Coagulation	APOC3
41	Coagulation	ARF4
41	Coagulation	BMP1
41	Coagulation	C1QA
41	Coagulation	C1R
41	Coagulation	C1S
41	Coagulation	C2
41	Coagulation	C3
41	Coagulation	C8A
41	Coagulation	C8B
41	Coagulation	C8G
41	Coagulation	C9
41	Coagulation	CAPN2
41	Coagulation	CAPN5
41	Coagulation	CASP9
41	Coagulation	CD9
41	Coagulation	CFB
41	Coagulation	CFD
41	Coagulation	CFH
41	Coagulation	CFI
41	Coagulation	CLU
41	Coagulation	COMP
41	Coagulation	CPB2
41	Coagulation	CPN1
41	Coagulation	CPQ
41	Coagulation	CRIP2
41	Coagulation	CSRP1
41	Coagulation	CTSB
41	Coagulation	CTSE
41	Coagulation	CTSH
41	Coagulation	CTSK
41	Coagulation	CTSO
41	Coagulation	CTSV
41	Coagulation	DCT
41	Coagulation	DPP4
41	Coagulation	DUSP14
41	Coagulation	DUSP6
41	Coagulation	F10
41	Coagulation	F11
41	Coagulation	F12
41	Coagulation	F13B
41	Coagulation	F2
41	Coagulation	F2RL2
41	Coagulation	F3
41	Coagulation	F8
41	Coagulation	F9
41	Coagulation	FBN1
41	Coagulation	FGA
41	Coagulation	FGG
41	Coagulation	FN1
41	Coagulation	FURIN
41	Coagulation	FYN
41	Coagulation	GDA
41	Coagulation	GNB2
41	Coagulation	GNG12
41	Coagulation	GP1BA
41	Coagulation	GP9
41	Coagulation	GSN
41	Coagulation	HMGCS2
41	Coagulation	HNF4A
41	Coagulation	HPN
41	Coagulation	HRG
41	Coagulation	HTRA1
41	Coagulation	ISCU
41	Coagulation	ITGA2
41	Coagulation	ITGB3
41	Coagulation	ITIH1
41	Coagulation	KLF7
41	Coagulation	KLK8
41	Coagulation	KLKB1
41	Coagulation	LAMP2
41	Coagulation	LEFTY2
41	Coagulation	LGMN
41	Coagulation	LRP1
41	Coagulation	LTA4H
41	Coagulation	MAFF
41	Coagulation	MASP2
41	Coagulation	MBL2
41	Coagulation	MEP1A
41	Coagulation	MMP1
41	Coagulation	MMP10
41	Coagulation	MMP11
41	Coagulation	MMP14
41	Coagulation	MMP15
41	Coagulation	MMP2
41	Coagulation	MMP3
41	Coagulation	MMP7
41	Coagulation	MMP8
41	Coagulation	MMP9
41	Coagulation	MSRB2
41	Coagulation	MST1
41	Coagulation	OLR1
41	Coagulation	P2RY1
41	Coagulation	PDGFB
41	Coagulation	PECAM1
41	Coagulation	PEF1
41	Coagulation	PF4
41	Coagulation	PLAT
41	Coagulation	PLAU
41	Coagulation	PLEK
41	Coagulation	PLG
41	Coagulation	PREP
41	Coagulation	PROC
41	Coagulation	PROS1
41	Coagulation	PROZ
41	Coagulation	PRSS23
41	Coagulation	RABIF
41	Coagulation	RAC1
41	Coagulation	RAPGEF3
41	Coagulation	RGN
41	Coagulation	S100A1
41	Coagulation	S100A13
41	Coagulation	SERPINA1
41	Coagulation	SERPINB2
41	Coagulation	SERPINC1
41	Coagulation	SERPINE1
41	Coagulation	SERPING1
41	Coagulation	SH2B2
41	Coagulation	SIRT2
41	Coagulation	SPARC
41	Coagulation	TF
41	Coagulation	TFPI2
41	Coagulation	THBD
41	Coagulation	THBS1
41	Coagulation	TIMP1
41	Coagulation	TIMP3
41	Coagulation	TMPRSS6
41	Coagulation	USP11
41	Coagulation	VWF
41	Coagulation	WDR1
42	IL-2/STAT5 Signaling	ABCB1
42	IL-2/STAT5 Signaling	ADAM19
42	IL-2/STAT5 Signaling	AGER
42	IL-2/STAT5 Signaling	AHCY
42	IL-2/STAT5 Signaling	AHNAK
42	IL-2/STAT5 Signaling	AHR
42	IL-2/STAT5 Signaling	ALCAM
42	IL-2/STAT5 Signaling	AMACR
42	IL-2/STAT5 Signaling	ANXA4
42	IL-2/STAT5 Signaling	APLP1
42	IL-2/STAT5 Signaling	ARL4A
42	IL-2/STAT5 Signaling	BATF
42	IL-2/STAT5 Signaling	BATF3
42	IL-2/STAT5 Signaling	BCL2
42	IL-2/STAT5 Signaling	BCL2L1
42	IL-2/STAT5 Signaling	BHLHE40
42	IL-2/STAT5 Signaling	BMP2
42	IL-2/STAT5 Signaling	BMPR2
42	IL-2/STAT5 Signaling	CA2
42	IL-2/STAT5 Signaling	CAPG
42	IL-2/STAT5 Signaling	CAPN3
42	IL-2/STAT5 Signaling	CASP3
42	IL-2/STAT5 Signaling	CCND2
42	IL-2/STAT5 Signaling	CCND3
42	IL-2/STAT5 Signaling	CCNE1
42	IL-2/STAT5 Signaling	CCR4
42	IL-2/STAT5 Signaling	CD44
42	IL-2/STAT5 Signaling	CD48
42	IL-2/STAT5 Signaling	CD79B
42	IL-2/STAT5 Signaling	CD81
42	IL-2/STAT5 Signaling	CD83
42	IL-2/STAT5 Signaling	CD86
42	IL-2/STAT5 Signaling	CDC42SE2
42	IL-2/STAT5 Signaling	CDC6
42	IL-2/STAT5 Signaling	CDCP1
42	IL-2/STAT5 Signaling	CDKN1C
42	IL-2/STAT5 Signaling	CISH
42	IL-2/STAT5 Signaling	CKAP4
42	IL-2/STAT5 Signaling	COCH
42	IL-2/STAT5 Signaling	COL6A1
42	IL-2/STAT5 Signaling	CSF1
42	IL-2/STAT5 Signaling	CSF2
42	IL-2/STAT5 Signaling	CST7
42	IL-2/STAT5 Signaling	CTLA4
42	IL-2/STAT5 Signaling	CTSZ
42	IL-2/STAT5 Signaling	CXCL10
42	IL-2/STAT5 Signaling	CYFIP1
42	IL-2/STAT5 Signaling	DCPS
42	IL-2/STAT5 Signaling	DENND5A
42	IL-2/STAT5 Signaling	DHRS3
42	IL-2/STAT5 Signaling	DRC1
42	IL-2/STAT5 Signaling	ECM1
42	IL-2/STAT5 Signaling	EEF1AKMT1
42	IL-2/STAT5 Signaling	EMP1
42	IL-2/STAT5 Signaling	ENO3
42	IL-2/STAT5 Signaling	ENPP1
42	IL-2/STAT5 Signaling	EOMES
42	IL-2/STAT5 Signaling	ETFBKMT
42	IL-2/STAT5 Signaling	ETV4
42	IL-2/STAT5 Signaling	F2RL2
42	IL-2/STAT5 Signaling	FAH
42	IL-2/STAT5 Signaling	FAM126B
42	IL-2/STAT5 Signaling	FGL2
42	IL-2/STAT5 Signaling	FLT3LG
42	IL-2/STAT5 Signaling	FURIN
42	IL-2/STAT5 Signaling	GABARAPL1
42	IL-2/STAT5 Signaling	GADD45B
42	IL-2/STAT5 Signaling	GALM
42	IL-2/STAT5 Signaling	GATA1
42	IL-2/STAT5 Signaling	GBP4
42	IL-2/STAT5 Signaling	GLIPR2
42	IL-2/STAT5 Signaling	GPR65
42	IL-2/STAT5 Signaling	GPR83
42	IL-2/STAT5 Signaling	GPX4
42	IL-2/STAT5 Signaling	GSTO1
42	IL-2/STAT5 Signaling	GUCY1B1
42	IL-2/STAT5 Signaling	HIPK2
42	IL-2/STAT5 Signaling	HK2
42	IL-2/STAT5 Signaling	HOPX
42	IL-2/STAT5 Signaling	HUWE1
42	IL-2/STAT5 Signaling	ICOS
42	IL-2/STAT5 Signaling	IFITM3
42	IL-2/STAT5 Signaling	IFNGR1
42	IL-2/STAT5 Signaling	IGF1R
42	IL-2/STAT5 Signaling	IGF2R
42	IL-2/STAT5 Signaling	IKZF2
42	IL-2/STAT5 Signaling	IKZF4
42	IL-2/STAT5 Signaling	IL10
42	IL-2/STAT5 Signaling	IL10RA
42	IL-2/STAT5 Signaling	IL13
42	IL-2/STAT5 Signaling	IL18R1
42	IL-2/STAT5 Signaling	IL1R2
42	IL-2/STAT5 Signaling	IL1RL1
42	IL-2/STAT5 Signaling	IL2RA
42	IL-2/STAT5 Signaling	IL2RB
42	IL-2/STAT5 Signaling	IL3RA
42	IL-2/STAT5 Signaling	IL4R
42	IL-2/STAT5 Signaling	IRF4
42	IL-2/STAT5 Signaling	IRF6
42	IL-2/STAT5 Signaling	IRF8
42	IL-2/STAT5 Signaling	ITGA6
42	IL-2/STAT5 Signaling	ITGAE
42	IL-2/STAT5 Signaling	ITGAV
42	IL-2/STAT5 Signaling	ITIH5
42	IL-2/STAT5 Signaling	KLF6
42	IL-2/STAT5 Signaling	LCLAT1
42	IL-2/STAT5 Signaling	LIF
42	IL-2/STAT5 Signaling	LRIG1
42	IL-2/STAT5 Signaling	LRRC8C
42	IL-2/STAT5 Signaling	LTB
42	IL-2/STAT5 Signaling	MAFF
42	IL-2/STAT5 Signaling	MAP3K8
42	IL-2/STAT5 Signaling	MAP6
42	IL-2/STAT5 Signaling	MAPKAPK2
42	IL-2/STAT5 Signaling	MUC1
42	IL-2/STAT5 Signaling	MXD1
42	IL-2/STAT5 Signaling	MYC
42	IL-2/STAT5 Signaling	MYO1C
42	IL-2/STAT5 Signaling	MYO1E
42	IL-2/STAT5 Signaling	NCOA3
42	IL-2/STAT5 Signaling	NCS1
42	IL-2/STAT5 Signaling	NDRG1
42	IL-2/STAT5 Signaling	NFIL3
42	IL-2/STAT5 Signaling	NFKBIZ
42	IL-2/STAT5 Signaling	NOP2
42	IL-2/STAT5 Signaling	NRP1
42	IL-2/STAT5 Signaling	NT5E
42	IL-2/STAT5 Signaling	ODC1
42	IL-2/STAT5 Signaling	P2RX4
42	IL-2/STAT5 Signaling	P4HA1
42	IL-2/STAT5 Signaling	PDCD2L
42	IL-2/STAT5 Signaling	PENK
42	IL-2/STAT5 Signaling	PHLDA1
42	IL-2/STAT5 Signaling	PHTF2
42	IL-2/STAT5 Signaling	PIM1
42	IL-2/STAT5 Signaling	PLAGL1
42	IL-2/STAT5 Signaling	PLEC
42	IL-2/STAT5 Signaling	PLIN2
42	IL-2/STAT5 Signaling	PLPP1
42	IL-2/STAT5 Signaling	PLSCR1
42	IL-2/STAT5 Signaling	PNP
42	IL-2/STAT5 Signaling	POU2F1
42	IL-2/STAT5 Signaling	PRAF2
42	IL-2/STAT5 Signaling	PRKCH
42	IL-2/STAT5 Signaling	PRNP
42	IL-2/STAT5 Signaling	PTCH1
42	IL-2/STAT5 Signaling	PTGER2
42	IL-2/STAT5 Signaling	PTH1R
42	IL-2/STAT5 Signaling	PTRH2
42	IL-2/STAT5 Signaling	PUS1
42	IL-2/STAT5 Signaling	RABGAP1L
42	IL-2/STAT5 Signaling	RGS16
42	IL-2/STAT5 Signaling	RHOB
42	IL-2/STAT5 Signaling	RHOH
42	IL-2/STAT5 Signaling	RNH1
42	IL-2/STAT5 Signaling	RORA
42	IL-2/STAT5 Signaling	RRAGD
42	IL-2/STAT5 Signaling	S100A1
42	IL-2/STAT5 Signaling	SCN9A
42	IL-2/STAT5 Signaling	SELL
42	IL-2/STAT5 Signaling	SELP
42	IL-2/STAT5 Signaling	SERPINB6
42	IL-2/STAT5 Signaling	SERPINC1
42	IL-2/STAT5 Signaling	SH3BGRL2
42	IL-2/STAT5 Signaling	SHE
42	IL-2/STAT5 Signaling	SLC1A5
42	IL-2/STAT5 Signaling	SLC29A2
42	IL-2/STAT5 Signaling	SLC2A3
42	IL-2/STAT5 Signaling	SLC39A8
42	IL-2/STAT5 Signaling	SMPDL3A
42	IL-2/STAT5 Signaling	SNX14
42	IL-2/STAT5 Signaling	SNX9
42	IL-2/STAT5 Signaling	SOCS1
42	IL-2/STAT5 Signaling	SOCS2
42	IL-2/STAT5 Signaling	SPP1
42	IL-2/STAT5 Signaling	SPRED2
42	IL-2/STAT5 Signaling	SPRY4
42	IL-2/STAT5 Signaling	ST3GAL4
42	IL-2/STAT5 Signaling	SWAP70
42	IL-2/STAT5 Signaling	SYNGR2
42	IL-2/STAT5 Signaling	SYT11
42	IL-2/STAT5 Signaling	TGM2
42	IL-2/STAT5 Signaling	TIAM1
42	IL-2/STAT5 Signaling	TLR7
42	IL-2/STAT5 Signaling	TNFRSF18
42	IL-2/STAT5 Signaling	TNFRSF1B
42	IL-2/STAT5 Signaling	TNFRSF21
42	IL-2/STAT5 Signaling	TNFRSF4
42	IL-2/STAT5 Signaling	TNFRSF8
42	IL-2/STAT5 Signaling	TNFRSF9
42	IL-2/STAT5 Signaling	TNFSF10
42	IL-2/STAT5 Signaling	TNFSF11
42	IL-2/STAT5 Signaling	TRAF1
42	IL-2/STAT5 Signaling	TTC39B
42	IL-2/STAT5 Signaling	TWSG1
42	IL-2/STAT5 Signaling	UCK2
42	IL-2/STAT5 Signaling	UMPS
42	IL-2/STAT5 Signaling	WLS
42	IL-2/STAT5 Signaling	XBP1
43	Bile Acid Metabolism	ABCA1
43	Bile Acid Metabolism	ABCA2
43	Bile Acid Metabolism	ABCA3
43	Bile Acid Metabolism	ABCA4
43	Bile Acid Metabolism	ABCA5
43	Bile Acid Metabolism	ABCA6
43	Bile Acid Metabolism	ABCA8
43	Bile Acid Metabolism	ABCA9
43	Bile Acid Metabolism	ABCD1
43	Bile Acid Metabolism	ABCD2
43	Bile Acid Metabolism	ABCD3
43	Bile Acid Metabolism	ABCG4
43	Bile Acid Metabolism	ABCG8
43	Bile Acid Metabolism	ACSL1
43	Bile Acid Metabolism	ACSL5
43	Bile Acid Metabolism	AGXT
43	Bile Acid Metabolism	AKR1D1
43	Bile Acid Metabolism	ALDH1A1
43	Bile Acid Metabolism	ALDH8A1
43	Bile Acid Metabolism	ALDH9A1
43	Bile Acid Metabolism	AMACR
43	Bile Acid Metabolism	APOA1
43	Bile Acid Metabolism	AQP9
43	Bile Acid Metabolism	AR
43	Bile Acid Metabolism	ATXN1
43	Bile Acid Metabolism	BBOX1
43	Bile Acid Metabolism	BCAR3
43	Bile Acid Metabolism	BMP6
43	Bile Acid Metabolism	CAT
43	Bile Acid Metabolism	CH25H
43	Bile Acid Metabolism	CROT
43	Bile Acid Metabolism	CYP27A1
43	Bile Acid Metabolism	CYP39A1
43	Bile Acid Metabolism	CYP46A1
43	Bile Acid Metabolism	CYP7A1
43	Bile Acid Metabolism	CYP7B1
43	Bile Acid Metabolism	CYP8B1
43	Bile Acid Metabolism	DHCR24
43	Bile Acid Metabolism	DIO1
43	Bile Acid Metabolism	DIO2
43	Bile Acid Metabolism	EFHC1
43	Bile Acid Metabolism	EPHX2
43	Bile Acid Metabolism	FADS1
43	Bile Acid Metabolism	FADS2
43	Bile Acid Metabolism	FDXR
43	Bile Acid Metabolism	GC
43	Bile Acid Metabolism	GCLM
43	Bile Acid Metabolism	GNMT
43	Bile Acid Metabolism	GNPAT
43	Bile Acid Metabolism	GSTK1
43	Bile Acid Metabolism	HACL1
43	Bile Acid Metabolism	HAO1
43	Bile Acid Metabolism	HSD17B11
43	Bile Acid Metabolism	HSD17B4
43	Bile Acid Metabolism	HSD17B6
43	Bile Acid Metabolism	HSD3B1
43	Bile Acid Metabolism	HSD3B7
43	Bile Acid Metabolism	IDH1
43	Bile Acid Metabolism	IDH2
43	Bile Acid Metabolism	IDI1
43	Bile Acid Metabolism	ISOC1
43	Bile Acid Metabolism	KLF1
43	Bile Acid Metabolism	LCK
43	Bile Acid Metabolism	LIPE
43	Bile Acid Metabolism	LONP2
43	Bile Acid Metabolism	MLYCD
43	Bile Acid Metabolism	NEDD4
43	Bile Acid Metabolism	NPC1
43	Bile Acid Metabolism	NR0B2
43	Bile Acid Metabolism	NR1H4
43	Bile Acid Metabolism	NR1I2
43	Bile Acid Metabolism	NR3C2
43	Bile Acid Metabolism	NUDT12
43	Bile Acid Metabolism	OPTN
43	Bile Acid Metabolism	PAOX
43	Bile Acid Metabolism	PECR
43	Bile Acid Metabolism	PEX1
43	Bile Acid Metabolism	PEX11A
43	Bile Acid Metabolism	PEX11G
43	Bile Acid Metabolism	PEX12
43	Bile Acid Metabolism	PEX13
43	Bile Acid Metabolism	PEX16
43	Bile Acid Metabolism	PEX19
43	Bile Acid Metabolism	PEX26
43	Bile Acid Metabolism	PEX6
43	Bile Acid Metabolism	PEX7
43	Bile Acid Metabolism	PFKM
43	Bile Acid Metabolism	PHYH
43	Bile Acid Metabolism	PIPOX
43	Bile Acid Metabolism	PNPLA8
43	Bile Acid Metabolism	PRDX5
43	Bile Acid Metabolism	PXMP2
43	Bile Acid Metabolism	RBP1
43	Bile Acid Metabolism	RETSAT
43	Bile Acid Metabolism	RXRA
43	Bile Acid Metabolism	RXRG
43	Bile Acid Metabolism	SCP2
43	Bile Acid Metabolism	SERPINA6
43	Bile Acid Metabolism	SLC22A18
43	Bile Acid Metabolism	SLC23A1
43	Bile Acid Metabolism	SLC23A2
43	Bile Acid Metabolism	SLC27A2
43	Bile Acid Metabolism	SLC27A5
43	Bile Acid Metabolism	SLC29A1
43	Bile Acid Metabolism	SLC35B2
43	Bile Acid Metabolism	SLCO1A2
43	Bile Acid Metabolism	SOAT2
43	Bile Acid Metabolism	SOD1
43	Bile Acid Metabolism	SULT1B1
43	Bile Acid Metabolism	SULT2B1
43	Bile Acid Metabolism	TFCP2L1
43	Bile Acid Metabolism	TTR
44	Pperoxisome	ABCB1
44	Pperoxisome	ABCB4
44	Pperoxisome	ABCB9
44	Pperoxisome	ABCC5
44	Pperoxisome	ABCC8
44	Pperoxisome	ABCD1
44	Pperoxisome	ABCD2
44	Pperoxisome	ABCD3
44	Pperoxisome	ACAA1
44	Pperoxisome	ACOT8
44	Pperoxisome	ACOX1
44	Pperoxisome	ACSL1
44	Pperoxisome	ACSL4
44	Pperoxisome	ACSL5
44	Pperoxisome	ALB
44	Pperoxisome	ALDH1A1
44	Pperoxisome	ALDH9A1
44	Pperoxisome	ATXN1
44	Pperoxisome	BCL10
44	Pperoxisome	CACNA1B
44	Pperoxisome	CADM1
44	Pperoxisome	CAT
44	Pperoxisome	CDK7
44	Pperoxisome	CEL
44	Pperoxisome	CLN6
44	Pperoxisome	CLN8
44	Pperoxisome	CNBP
44	Pperoxisome	CRABP1
44	Pperoxisome	CRABP2
44	Pperoxisome	CRAT
44	Pperoxisome	CTBP1
44	Pperoxisome	CTPS1
44	Pperoxisome	DHCR24
44	Pperoxisome	DHRS3
44	Pperoxisome	DIO1
44	Pperoxisome	DLG4
44	Pperoxisome	ECH1
44	Pperoxisome	ECI2
44	Pperoxisome	EHHADH
44	Pperoxisome	ELOVL5
44	Pperoxisome	EPHX2
44	Pperoxisome	ERCC1
44	Pperoxisome	ERCC3
44	Pperoxisome	ESR2
44	Pperoxisome	FABP6
44	Pperoxisome	FADS1
44	Pperoxisome	FDPS
44	Pperoxisome	FIS1
44	Pperoxisome	GNPAT
44	Pperoxisome	GSTK1
44	Pperoxisome	HAO2
44	Pperoxisome	HMGCL
44	Pperoxisome	HRAS
44	Pperoxisome	HSD11B2
44	Pperoxisome	HSD17B11
44	Pperoxisome	HSD17B4
44	Pperoxisome	HSD3B7
44	Pperoxisome	IDE
44	Pperoxisome	IDH1
44	Pperoxisome	IDH2
44	Pperoxisome	IDI1
44	Pperoxisome	ISOC1
44	Pperoxisome	ITGB1BP1
44	Pperoxisome	LONP2
44	Pperoxisome	MLYCD
44	Pperoxisome	MSH2
44	Pperoxisome	MVP
44	Pperoxisome	NR1I2
44	Pperoxisome	NUDT19
44	Pperoxisome	PABPC1
44	Pperoxisome	PEX11A
44	Pperoxisome	PEX11B
44	Pperoxisome	PEX13
44	Pperoxisome	PEX14
44	Pperoxisome	PEX2
44	Pperoxisome	PEX5
44	Pperoxisome	PEX6
44	Pperoxisome	PRDX1
44	Pperoxisome	PRDX5
44	Pperoxisome	RDH11
44	Pperoxisome	RETSAT
44	Pperoxisome	RXRG
44	Pperoxisome	SCGB1A1
44	Pperoxisome	SCP2
44	Pperoxisome	SEMA3C
44	Pperoxisome	SERPINA6
44	Pperoxisome	SIAH1
44	Pperoxisome	SLC23A2
44	Pperoxisome	SLC25A17
44	Pperoxisome	SLC25A19
44	Pperoxisome	SLC25A4
44	Pperoxisome	SLC27A2
44	Pperoxisome	SLC35B2
44	Pperoxisome	SMARCC1
44	Pperoxisome	SOD1
44	Pperoxisome	SOD2
44	Pperoxisome	STS
44	Pperoxisome	SULT2B1
44	Pperoxisome	TOP2A
44	Pperoxisome	TSPO
44	Pperoxisome	TTR
44	Pperoxisome	UGT2B17
44	Pperoxisome	VPS4B
44	Pperoxisome	YWHAH
45	Allograft Rejection	AARS1
45	Allograft Rejection	ABCE1
45	Allograft Rejection	ABI1
45	Allograft Rejection	ACHE
45	Allograft Rejection	ACVR2A
45	Allograft Rejection	AKT1
45	Allograft Rejection	APBB1
45	Allograft Rejection	B2M
45	Allograft Rejection	BCAT1
45	Allograft Rejection	BCL10
45	Allograft Rejection	BCL3
45	Allograft Rejection	BRCA1
45	Allograft Rejection	C2
45	Allograft Rejection	CAPG
45	Allograft Rejection	CARTPT
45	Allograft Rejection	CCL11
45	Allograft Rejection	CCL13
45	Allograft Rejection	CCL19
45	Allograft Rejection	CCL2
45	Allograft Rejection	CCL22
45	Allograft Rejection	CCL4
45	Allograft Rejection	CCL5
45	Allograft Rejection	CCL7
45	Allograft Rejection	CCND2
45	Allograft Rejection	CCND3
45	Allograft Rejection	CCR1
45	Allograft Rejection	CCR2
45	Allograft Rejection	CCR5
45	Allograft Rejection	CD1D
45	Allograft Rejection	CD2
45	Allograft Rejection	CD247
45	Allograft Rejection	CD28
45	Allograft Rejection	CD3D
45	Allograft Rejection	CD3E
45	Allograft Rejection	CD3G
45	Allograft Rejection	CD4
45	Allograft Rejection	CD40
45	Allograft Rejection	CD40LG
45	Allograft Rejection	CD47
45	Allograft Rejection	CD7
45	Allograft Rejection	CD74
45	Allograft Rejection	CD79A
45	Allograft Rejection	CD80
45	Allograft Rejection	CD86
45	Allograft Rejection	CD8A
45	Allograft Rejection	CD8B
45	Allograft Rejection	CD96
45	Allograft Rejection	CDKN2A
45	Allograft Rejection	CFP
45	Allograft Rejection	CRTAM
45	Allograft Rejection	CSF1
45	Allograft Rejection	CSK
45	Allograft Rejection	CTSS
45	Allograft Rejection	CXCL13
45	Allograft Rejection	CXCL9
45	Allograft Rejection	CXCR3
45	Allograft Rejection	DARS1
45	Allograft Rejection	DEGS1
45	Allograft Rejection	DYRK3
45	Allograft Rejection	EGFR
45	Allograft Rejection	EIF3A
45	Allograft Rejection	EIF3D
45	Allograft Rejection	EIF3J
45	Allograft Rejection	EIF4G3
45	Allograft Rejection	EIF5A
45	Allograft Rejection	ELANE
45	Allograft Rejection	ELF4
45	Allograft Rejection	EREG
45	Allograft Rejection	ETS1
45	Allograft Rejection	F2
45	Allograft Rejection	F2R
45	Allograft Rejection	FAS
45	Allograft Rejection	FASLG
45	Allograft Rejection	FCGR2B
45	Allograft Rejection	FGR
45	Allograft Rejection	FLNA
45	Allograft Rejection	FYB1
45	Allograft Rejection	GALNT1
45	Allograft Rejection	GBP2
45	Allograft Rejection	GCNT1
45	Allograft Rejection	GLMN
45	Allograft Rejection	GPR65
45	Allograft Rejection	GZMA
45	Allograft Rejection	GZMB
45	Allograft Rejection	HCLS1
45	Allograft Rejection	HDAC9
45	Allograft Rejection	HIF1A
45	Allograft Rejection	HLA-A
45	Allograft Rejection	HLA-DMA
45	Allograft Rejection	HLA-DMB
45	Allograft Rejection	HLA-DOA
45	Allograft Rejection	HLA-DOB
45	Allograft Rejection	HLA-DQA1
45	Allograft Rejection	HLA-DRA
45	Allograft Rejection	HLA-E
45	Allograft Rejection	HLA-G
45	Allograft Rejection	ICAM1
45	Allograft Rejection	ICOSLG
45	Allograft Rejection	IFNAR2
45	Allograft Rejection	IFNG
45	Allograft Rejection	IFNGR1
45	Allograft Rejection	IFNGR2
45	Allograft Rejection	IGSF6
45	Allograft Rejection	IKBKB
45	Allograft Rejection	IL10
45	Allograft Rejection	IL11
45	Allograft Rejection	IL12A
45	Allograft Rejection	IL12B
45	Allograft Rejection	IL12RB1
45	Allograft Rejection	IL13
45	Allograft Rejection	IL15
45	Allograft Rejection	IL16
45	Allograft Rejection	IL18
45	Allograft Rejection	IL18RAP
45	Allograft Rejection	IL1B
45	Allograft Rejection	IL2
45	Allograft Rejection	IL27RA
45	Allograft Rejection	IL2RA
45	Allograft Rejection	IL2RB
45	Allograft Rejection	IL2RG
45	Allograft Rejection	IL4
45	Allograft Rejection	IL4R
45	Allograft Rejection	IL6
45	Allograft Rejection	IL7
45	Allograft Rejection	IL9
45	Allograft Rejection	INHBA
45	Allograft Rejection	INHBB
45	Allograft Rejection	IRF4
45	Allograft Rejection	IRF7
45	Allograft Rejection	IRF8
45	Allograft Rejection	ITGAL
45	Allograft Rejection	ITGB2
45	Allograft Rejection	ITK
45	Allograft Rejection	JAK2
45	Allograft Rejection	KLRD1
45	Allograft Rejection	KRT1
45	Allograft Rejection	LCK
45	Allograft Rejection	LCP2
45	Allograft Rejection	LIF
45	Allograft Rejection	LTB
45	Allograft Rejection	LY75
45	Allograft Rejection	LY86
45	Allograft Rejection	LYN
45	Allograft Rejection	MAP3K7
45	Allograft Rejection	MAP4K1
45	Allograft Rejection	MBL2
45	Allograft Rejection	MMP9
45	Allograft Rejection	MRPL3
45	Allograft Rejection	MTIF2
45	Allograft Rejection	NCF4
45	Allograft Rejection	NCK1
45	Allograft Rejection	NCR1
45	Allograft Rejection	NLRP3
45	Allograft Rejection	NME1
45	Allograft Rejection	NOS2
45	Allograft Rejection	NPM1
45	Allograft Rejection	PF4
45	Allograft Rejection	PRF1
45	Allograft Rejection	PRKCB
45	Allograft Rejection	PRKCG
45	Allograft Rejection	PSMB10
45	Allograft Rejection	PTPN6
45	Allograft Rejection	PTPRC
45	Allograft Rejection	RARS1
45	Allograft Rejection	RIPK2
45	Allograft Rejection	RPL39
45	Allograft Rejection	RPL3L
45	Allograft Rejection	RPL9
45	Allograft Rejection	RPS19
45	Allograft Rejection	RPS3A
45	Allograft Rejection	RPS9
45	Allograft Rejection	SIT1
45	Allograft Rejection	SOCS1
45	Allograft Rejection	SOCS5
45	Allograft Rejection	SPI1
45	Allograft Rejection	SRGN
45	Allograft Rejection	ST8SIA4
45	Allograft Rejection	STAB1
45	Allograft Rejection	STAT1
45	Allograft Rejection	STAT4
45	Allograft Rejection	TAP1
45	Allograft Rejection	TAP2
45	Allograft Rejection	TAPBP
45	Allograft Rejection	TGFB1
45	Allograft Rejection	TGFB2
45	Allograft Rejection	THY1
45	Allograft Rejection	TIMP1
45	Allograft Rejection	TLR1
45	Allograft Rejection	TLR2
45	Allograft Rejection	TLR3
45	Allograft Rejection	TLR6
45	Allograft Rejection	TNF
45	Allograft Rejection	TPD52
45	Allograft Rejection	TRAF2
45	Allograft Rejection	TRAT1
45	Allograft Rejection	UBE2D1
45	Allograft Rejection	UBE2N
45	Allograft Rejection	WARS1
45	Allograft Rejection	WAS
45	Allograft Rejection	ZAP70
46	Spermatogenesis	ACE
46	Spermatogenesis	ACRBP
46	Spermatogenesis	ACRV1
46	Spermatogenesis	ACTL7B
46	Spermatogenesis	ADAD1
46	Spermatogenesis	ADAM2
46	Spermatogenesis	ADCYAP1
46	Spermatogenesis	AGFG1
46	Spermatogenesis	AKAP4
46	Spermatogenesis	ALOX15
46	Spermatogenesis	ARL4A
46	Spermatogenesis	ART3
46	Spermatogenesis	AURKA
46	Spermatogenesis	BRAF
46	Spermatogenesis	BUB1
46	Spermatogenesis	CAMK4
46	Spermatogenesis	CCNA1
46	Spermatogenesis	CCNB2
46	Spermatogenesis	CCT6B
46	Spermatogenesis	CDK1
46	Spermatogenesis	CDKN3
46	Spermatogenesis	CFTR
46	Spermatogenesis	CHFR
46	Spermatogenesis	CHRM4
46	Spermatogenesis	CLGN
46	Spermatogenesis	CLPB
46	Spermatogenesis	CLVS1
46	Spermatogenesis	CNIH2
46	Spermatogenesis	COIL
46	Spermatogenesis	CRISP2
46	Spermatogenesis	CSNK2A2
46	Spermatogenesis	CST8
46	Spermatogenesis	DBF4
46	Spermatogenesis	DCC
46	Spermatogenesis	DDX25
46	Spermatogenesis	DDX4
46	Spermatogenesis	DMC1
46	Spermatogenesis	DMRT1
46	Spermatogenesis	DNAJB8
46	Spermatogenesis	DPEP3
46	Spermatogenesis	ELOVL3
46	Spermatogenesis	EZH2
46	Spermatogenesis	GAD1
46	Spermatogenesis	GAPDHS
46	Spermatogenesis	GFI1
46	Spermatogenesis	GMCL1
46	Spermatogenesis	GPR182
46	Spermatogenesis	GRM8
46	Spermatogenesis	GSG1
46	Spermatogenesis	GSTM3
46	Spermatogenesis	H1-6
46	Spermatogenesis	HBZ
46	Spermatogenesis	HOXB1
46	Spermatogenesis	HSPA1L
46	Spermatogenesis	HSPA2
46	Spermatogenesis	HSPA4L
46	Spermatogenesis	HTR5A
46	Spermatogenesis	IDE
46	Spermatogenesis	IFT88
46	Spermatogenesis	IL12RB2
46	Spermatogenesis	IL13RA2
46	Spermatogenesis	IP6K1
46	Spermatogenesis	JAM3
46	Spermatogenesis	KIF2C
46	Spermatogenesis	LDHC
46	Spermatogenesis	LPIN1
46	Spermatogenesis	MAP7
46	Spermatogenesis	MAST2
46	Spermatogenesis	MEP1B
46	Spermatogenesis	MLF1
46	Spermatogenesis	MLLT10
46	Spermatogenesis	MTNR1A
46	Spermatogenesis	MTOR
46	Spermatogenesis	NAA11
46	Spermatogenesis	NCAPH
46	Spermatogenesis	NEFH
46	Spermatogenesis	NEK2
46	Spermatogenesis	NF2
46	Spermatogenesis	NOS1
46	Spermatogenesis	NPHP1
46	Spermatogenesis	NPY5R
46	Spermatogenesis	OAZ3
46	Spermatogenesis	ODF1
46	Spermatogenesis	PACRG
46	Spermatogenesis	PAPOLB
46	Spermatogenesis	PARP2
46	Spermatogenesis	PCSK1N
46	Spermatogenesis	PCSK4
46	Spermatogenesis	PDHA2
46	Spermatogenesis	PEBP1
46	Spermatogenesis	PGK2
46	Spermatogenesis	PGS1
46	Spermatogenesis	PHF7
46	Spermatogenesis	PHKG2
46	Spermatogenesis	PIAS2
46	Spermatogenesis	POMC
46	Spermatogenesis	PRKAR2A
46	Spermatogenesis	PRM2
46	Spermatogenesis	PSMG1
46	Spermatogenesis	RAD17
46	Spermatogenesis	RFC4
46	Spermatogenesis	RPL39L
46	Spermatogenesis	SCG3
46	Spermatogenesis	SCG5
46	Spermatogenesis	SEPTIN4
46	Spermatogenesis	SHE
46	Spermatogenesis	SIRT1
46	Spermatogenesis	SLC12A2
46	Spermatogenesis	SLC2A5
46	Spermatogenesis	SNAP91
46	Spermatogenesis	SPATA6
46	Spermatogenesis	STAM2
46	Spermatogenesis	STRBP
46	Spermatogenesis	SYCP1
46	Spermatogenesis	TALDO1
46	Spermatogenesis	TCP11
46	Spermatogenesis	TEKT2
46	Spermatogenesis	THEG
46	Spermatogenesis	TKTL1
46	Spermatogenesis	TLE4
46	Spermatogenesis	TNNI3
46	Spermatogenesis	TNP1
46	Spermatogenesis	TNP2
46	Spermatogenesis	TOPBP1
46	Spermatogenesis	TSN
46	Spermatogenesis	TSSK2
46	Spermatogenesis	TTK
46	Spermatogenesis	TUBA3C
46	Spermatogenesis	TULP2
46	Spermatogenesis	VDAC3
46	Spermatogenesis	YBX2
46	Spermatogenesis	ZC2HC1C
46	Spermatogenesis	ZC3H14
46	Spermatogenesis	ZNRF4
46	Spermatogenesis	ZPBP
47	KRAS Signaling Up	ABCB1
47	KRAS Signaling Up	ACE
47	KRAS Signaling Up	ADAM17
47	KRAS Signaling Up	ADAM8
47	KRAS Signaling Up	ADAMDEC1
47	KRAS Signaling Up	ADGRA2
47	KRAS Signaling Up	ADGRL4
47	KRAS Signaling Up	AKAP12
47	KRAS Signaling Up	AKT2
47	KRAS Signaling Up	ALDH1A2
47	KRAS Signaling Up	ALDH1A3
47	KRAS Signaling Up	AMMECR1
47	KRAS Signaling Up	ANGPTL4
47	KRAS Signaling Up	ANKH
47	KRAS Signaling Up	ANO1
47	KRAS Signaling Up	ANXA10
47	KRAS Signaling Up	APOD
47	KRAS Signaling Up	ARG1
47	KRAS Signaling Up	ATG10
47	KRAS Signaling Up	AVL9
47	KRAS Signaling Up	BIRC3
47	KRAS Signaling Up	BMP2
47	KRAS Signaling Up	BPGM
47	KRAS Signaling Up	BTBD3
47	KRAS Signaling Up	BTC
47	KRAS Signaling Up	C3AR1
47	KRAS Signaling Up	CA2
47	KRAS Signaling Up	CAB39L
47	KRAS Signaling Up	CBL
47	KRAS Signaling Up	CBR4
47	KRAS Signaling Up	CBX8
47	KRAS Signaling Up	CCL20
47	KRAS Signaling Up	CCND2
47	KRAS Signaling Up	CCSER2
47	KRAS Signaling Up	CD37
47	KRAS Signaling Up	CDADC1
47	KRAS Signaling Up	CFB
47	KRAS Signaling Up	CFH
47	KRAS Signaling Up	CFHR2
47	KRAS Signaling Up	CIDEA
47	KRAS Signaling Up	CLEC4A
47	KRAS Signaling Up	CMKLR1
47	KRAS Signaling Up	CPE
47	KRAS Signaling Up	CROT
47	KRAS Signaling Up	CSF2
47	KRAS Signaling Up	CSF2RA
47	KRAS Signaling Up	CTSS
47	KRAS Signaling Up	CXCL10
47	KRAS Signaling Up	CXCR4
47	KRAS Signaling Up	DCBLD2
47	KRAS Signaling Up	DNMBP
47	KRAS Signaling Up	DOCK2
47	KRAS Signaling Up	DUSP6
47	KRAS Signaling Up	EMP1
47	KRAS Signaling Up	ENG
47	KRAS Signaling Up	EPB41L3
47	KRAS Signaling Up	EPHB2
47	KRAS Signaling Up	EREG
47	KRAS Signaling Up	ERO1A
47	KRAS Signaling Up	ETS1
47	KRAS Signaling Up	ETV1
47	KRAS Signaling Up	ETV4
47	KRAS Signaling Up	ETV5
47	KRAS Signaling Up	EVI5
47	KRAS Signaling Up	F13A1
47	KRAS Signaling Up	F2RL1
47	KRAS Signaling Up	FBXO4
47	KRAS Signaling Up	FCER1G
47	KRAS Signaling Up	FGF9
47	KRAS Signaling Up	FLT4
47	KRAS Signaling Up	FUCA1
47	KRAS Signaling Up	G0S2
47	KRAS Signaling Up	GABRA3
47	KRAS Signaling Up	GADD45G
47	KRAS Signaling Up	GALNT3
47	KRAS Signaling Up	GFPT2
47	KRAS Signaling Up	GLRX
47	KRAS Signaling Up	GNG11
47	KRAS Signaling Up	GPNMB
47	KRAS Signaling Up	GPRC5B
47	KRAS Signaling Up	GUCY1A1
47	KRAS Signaling Up	GYPC
47	KRAS Signaling Up	H2BC3
47	KRAS Signaling Up	HBEGF
47	KRAS Signaling Up	HDAC9
47	KRAS Signaling Up	HKDC1
47	KRAS Signaling Up	HOXD11
47	KRAS Signaling Up	HSD11B1
47	KRAS Signaling Up	ID2
47	KRAS Signaling Up	IGF2
47	KRAS Signaling Up	IGFBP3
47	KRAS Signaling Up	IKZF1
47	KRAS Signaling Up	IL10RA
47	KRAS Signaling Up	IL1B
47	KRAS Signaling Up	IL1RL2
47	KRAS Signaling Up	IL2RG
47	KRAS Signaling Up	IL33
47	KRAS Signaling Up	IL7R
47	KRAS Signaling Up	INHBA
47	KRAS Signaling Up	IRF8
47	KRAS Signaling Up	ITGA2
47	KRAS Signaling Up	ITGB2
47	KRAS Signaling Up	ITGBL1
47	KRAS Signaling Up	JUP
47	KRAS Signaling Up	KCNN4
47	KRAS Signaling Up	KIF5C
47	KRAS Signaling Up	KLF4
47	KRAS Signaling Up	LAPTM5
47	KRAS Signaling Up	LAT2
47	KRAS Signaling Up	LCP1
47	KRAS Signaling Up	LIF
47	KRAS Signaling Up	LY96
47	KRAS Signaling Up	MAFB
47	KRAS Signaling Up	MALL
47	KRAS Signaling Up	MAP3K1
47	KRAS Signaling Up	MAP4K1
47	KRAS Signaling Up	MAP7
47	KRAS Signaling Up	MMD
47	KRAS Signaling Up	MMP10
47	KRAS Signaling Up	MMP11
47	KRAS Signaling Up	MMP9
47	KRAS Signaling Up	MPZL2
47	KRAS Signaling Up	MTMR10
47	KRAS Signaling Up	MYCN
47	KRAS Signaling Up	NAP1L2
47	KRAS Signaling Up	NGF
47	KRAS Signaling Up	NIN
47	KRAS Signaling Up	NR0B2
47	KRAS Signaling Up	NR1H4
47	KRAS Signaling Up	NRP1
47	KRAS Signaling Up	PCP4
47	KRAS Signaling Up	PCSK1N
47	KRAS Signaling Up	PDCD1LG2
47	KRAS Signaling Up	PECAM1
47	KRAS Signaling Up	PEG3
47	KRAS Signaling Up	PIGR
47	KRAS Signaling Up	PLAT
47	KRAS Signaling Up	PLAU
47	KRAS Signaling Up	PLAUR
47	KRAS Signaling Up	PLEK2
47	KRAS Signaling Up	PLVAP
47	KRAS Signaling Up	PPBP
47	KRAS Signaling Up	PPP1R15A
47	KRAS Signaling Up	PRDM1
47	KRAS Signaling Up	PRELID3B
47	KRAS Signaling Up	PRKG2
47	KRAS Signaling Up	PRRX1
47	KRAS Signaling Up	PSMB8
47	KRAS Signaling Up	PTBP2
47	KRAS Signaling Up	PTCD2
47	KRAS Signaling Up	PTGS2
47	KRAS Signaling Up	PTPRR
47	KRAS Signaling Up	RABGAP1L
47	KRAS Signaling Up	RBM4
47	KRAS Signaling Up	RBP4
47	KRAS Signaling Up	RELN
47	KRAS Signaling Up	RETN
47	KRAS Signaling Up	RGS16
47	KRAS Signaling Up	SATB1
47	KRAS Signaling Up	SCG3
47	KRAS Signaling Up	SCG5
47	KRAS Signaling Up	SCN1B
47	KRAS Signaling Up	SDCCAG8
47	KRAS Signaling Up	SEMA3B
47	KRAS Signaling Up	SERPINA3
47	KRAS Signaling Up	SLPI
47	KRAS Signaling Up	SNAP25
47	KRAS Signaling Up	SNAP91
47	KRAS Signaling Up	SOX9
47	KRAS Signaling Up	SPARCL1
47	KRAS Signaling Up	SPON1
47	KRAS Signaling Up	SPP1
47	KRAS Signaling Up	SPRY2
47	KRAS Signaling Up	ST6GAL1
47	KRAS Signaling Up	STRN
47	KRAS Signaling Up	TFPI
47	KRAS Signaling Up	TLR8
47	KRAS Signaling Up	TMEM100
47	KRAS Signaling Up	TMEM158
47	KRAS Signaling Up	TMEM176A
47	KRAS Signaling Up	TMEM176B
47	KRAS Signaling Up	TNFAIP3
47	KRAS Signaling Up	TNFRSF1B
47	KRAS Signaling Up	TNNT2
47	KRAS Signaling Up	TOR1AIP2
47	KRAS Signaling Up	TPH1
47	KRAS Signaling Up	TRAF1
47	KRAS Signaling Up	TRIB1
47	KRAS Signaling Up	TRIB2
47	KRAS Signaling Up	TSPAN1
47	KRAS Signaling Up	TSPAN13
47	KRAS Signaling Up	TSPAN7
47	KRAS Signaling Up	USH1C
47	KRAS Signaling Up	USP12
47	KRAS Signaling Up	VWA5A
47	KRAS Signaling Up	WDR33
47	KRAS Signaling Up	WNT7A
47	KRAS Signaling Up	YRDC
47	KRAS Signaling Up	ZNF277
47	KRAS Signaling Up	ZNF639
48	KRAS Signaling Dn	ABCB11
48	KRAS Signaling Dn	ABCG4
48	KRAS Signaling Dn	ACTC1
48	KRAS Signaling Dn	ADRA2C
48	KRAS Signaling Dn	AKR1B10
48	KRAS Signaling Dn	ALOX12B
48	KRAS Signaling Dn	AMBN
48	KRAS Signaling Dn	ARHGDIG
48	KRAS Signaling Dn	ARPP21
48	KRAS Signaling Dn	ASB7
48	KRAS Signaling Dn	ATP4A
48	KRAS Signaling Dn	ATP6V1B1
48	KRAS Signaling Dn	BARD1
48	KRAS Signaling Dn	BMPR1B
48	KRAS Signaling Dn	BRDT
48	KRAS Signaling Dn	BTG2
48	KRAS Signaling Dn	C5
48	KRAS Signaling Dn	CACNA1F
48	KRAS Signaling Dn	CACNG1
48	KRAS Signaling Dn	CALCB
48	KRAS Signaling Dn	CALML5
48	KRAS Signaling Dn	CAMK1D
48	KRAS Signaling Dn	CAPN9
48	KRAS Signaling Dn	CCDC106
48	KRAS Signaling Dn	CCNA1
48	KRAS Signaling Dn	CCR8
48	KRAS Signaling Dn	CD207
48	KRAS Signaling Dn	CD40LG
48	KRAS Signaling Dn	CD80
48	KRAS Signaling Dn	CDH16
48	KRAS Signaling Dn	CDKAL1
48	KRAS Signaling Dn	CELSR2
48	KRAS Signaling Dn	CHRNG
48	KRAS Signaling Dn	CHST2
48	KRAS Signaling Dn	CKM
48	KRAS Signaling Dn	CLDN16
48	KRAS Signaling Dn	CLDN8
48	KRAS Signaling Dn	CLPS
48	KRAS Signaling Dn	CLSTN3
48	KRAS Signaling Dn	CNTFR
48	KRAS Signaling Dn	COL2A1
48	KRAS Signaling Dn	COPZ2
48	KRAS Signaling Dn	COQ8A
48	KRAS Signaling Dn	CPA2
48	KRAS Signaling Dn	CPB1
48	KRAS Signaling Dn	CPEB3
48	KRAS Signaling Dn	CYP11B2
48	KRAS Signaling Dn	CYP39A1
48	KRAS Signaling Dn	DCC
48	KRAS Signaling Dn	DLK2
48	KRAS Signaling Dn	DTNB
48	KRAS Signaling Dn	EDAR
48	KRAS Signaling Dn	EDN1
48	KRAS Signaling Dn	EDN2
48	KRAS Signaling Dn	EFHD1
48	KRAS Signaling Dn	EGF
48	KRAS Signaling Dn	ENTPD7
48	KRAS Signaling Dn	EPHA5
48	KRAS Signaling Dn	FGF16
48	KRAS Signaling Dn	FGF22
48	KRAS Signaling Dn	FGFR3
48	KRAS Signaling Dn	FGGY
48	KRAS Signaling Dn	FSHB
48	KRAS Signaling Dn	GAMT
48	KRAS Signaling Dn	GDNF
48	KRAS Signaling Dn	GP1BA
48	KRAS Signaling Dn	GP2
48	KRAS Signaling Dn	GPR19
48	KRAS Signaling Dn	GPR3
48	KRAS Signaling Dn	GPRC5C
48	KRAS Signaling Dn	GRID2
48	KRAS Signaling Dn	GTF3C5
48	KRAS Signaling Dn	HNF1A
48	KRAS Signaling Dn	HSD11B2
48	KRAS Signaling Dn	HTR1B
48	KRAS Signaling Dn	HTR1D
48	KRAS Signaling Dn	IDUA
48	KRAS Signaling Dn	IFI44L
48	KRAS Signaling Dn	IFNG
48	KRAS Signaling Dn	IGFBP2
48	KRAS Signaling Dn	IL12B
48	KRAS Signaling Dn	IL5
48	KRAS Signaling Dn	INSL5
48	KRAS Signaling Dn	IRS4
48	KRAS Signaling Dn	ITGB1BP2
48	KRAS Signaling Dn	ITIH3
48	KRAS Signaling Dn	KCND1
48	KRAS Signaling Dn	KCNE2
48	KRAS Signaling Dn	KCNMB1
48	KRAS Signaling Dn	KCNN1
48	KRAS Signaling Dn	KCNQ2
48	KRAS Signaling Dn	KLHDC8A
48	KRAS Signaling Dn	KLK7
48	KRAS Signaling Dn	KLK8
48	KRAS Signaling Dn	KMT2D
48	KRAS Signaling Dn	KRT1
48	KRAS Signaling Dn	KRT13
48	KRAS Signaling Dn	KRT15
48	KRAS Signaling Dn	KRT4
48	KRAS Signaling Dn	KRT5
48	KRAS Signaling Dn	LFNG
48	KRAS Signaling Dn	LGALS7
48	KRAS Signaling Dn	LYPD3
48	KRAS Signaling Dn	MACROH2A2
48	KRAS Signaling Dn	MAGIX
48	KRAS Signaling Dn	MAST3
48	KRAS Signaling Dn	MEFV
48	KRAS Signaling Dn	MFSD6
48	KRAS Signaling Dn	MSH5
48	KRAS Signaling Dn	MTHFR
48	KRAS Signaling Dn	MX1
48	KRAS Signaling Dn	MYH7
48	KRAS Signaling Dn	MYO15A
48	KRAS Signaling Dn	MYOT
48	KRAS Signaling Dn	NGB
48	KRAS Signaling Dn	NOS1
48	KRAS Signaling Dn	NPHS1
48	KRAS Signaling Dn	NPY4R
48	KRAS Signaling Dn	NR4A2
48	KRAS Signaling Dn	NR6A1
48	KRAS Signaling Dn	NRIP2
48	KRAS Signaling Dn	NTF3
48	KRAS Signaling Dn	NUDT11
48	KRAS Signaling Dn	OXT
48	KRAS Signaling Dn	P2RX6
48	KRAS Signaling Dn	P2RY4
48	KRAS Signaling Dn	PAX3
48	KRAS Signaling Dn	PAX4
48	KRAS Signaling Dn	PCDHB1
48	KRAS Signaling Dn	PDCD1
48	KRAS Signaling Dn	PDE6B
48	KRAS Signaling Dn	PDK2
48	KRAS Signaling Dn	PKP1
48	KRAS Signaling Dn	PLAG1
48	KRAS Signaling Dn	PNMT
48	KRAS Signaling Dn	PRKN
48	KRAS Signaling Dn	PRODH
48	KRAS Signaling Dn	PROP1
48	KRAS Signaling Dn	PTGFR
48	KRAS Signaling Dn	PTPRJ
48	KRAS Signaling Dn	RGS11
48	KRAS Signaling Dn	RIBC2
48	KRAS Signaling Dn	RSAD2
48	KRAS Signaling Dn	RYR1
48	KRAS Signaling Dn	RYR2
48	KRAS Signaling Dn	SCGB1A1
48	KRAS Signaling Dn	SCN10A
48	KRAS Signaling Dn	SELENOP
48	KRAS Signaling Dn	SERPINA10
48	KRAS Signaling Dn	SERPINB2
48	KRAS Signaling Dn	SGK1
48	KRAS Signaling Dn	SHOX2
48	KRAS Signaling Dn	SIDT1
48	KRAS Signaling Dn	SKIL
48	KRAS Signaling Dn	SLC12A3
48	KRAS Signaling Dn	SLC16A7
48	KRAS Signaling Dn	SLC25A23
48	KRAS Signaling Dn	SLC29A3
48	KRAS Signaling Dn	SLC30A3
48	KRAS Signaling Dn	SLC38A3
48	KRAS Signaling Dn	SLC5A5
48	KRAS Signaling Dn	SLC6A14
48	KRAS Signaling Dn	SLC6A3
48	KRAS Signaling Dn	SMPX
48	KRAS Signaling Dn	SNCB
48	KRAS Signaling Dn	SNN
48	KRAS Signaling Dn	SOX10
48	KRAS Signaling Dn	SPHK2
48	KRAS Signaling Dn	SPRR3
48	KRAS Signaling Dn	SPTBN2
48	KRAS Signaling Dn	SSTR4
48	KRAS Signaling Dn	STAG3
48	KRAS Signaling Dn	SYNPO
48	KRAS Signaling Dn	TAS2R4
48	KRAS Signaling Dn	TCF7L1
48	KRAS Signaling Dn	TCL1A
48	KRAS Signaling Dn	TENM2
48	KRAS Signaling Dn	TENT5C
48	KRAS Signaling Dn	TEX15
48	KRAS Signaling Dn	TFAP2B
48	KRAS Signaling Dn	TFCP2L1
48	KRAS Signaling Dn	TFF2
48	KRAS Signaling Dn	TG
48	KRAS Signaling Dn	TGFB2
48	KRAS Signaling Dn	TGM1
48	KRAS Signaling Dn	THNSL2
48	KRAS Signaling Dn	THRB
48	KRAS Signaling Dn	TLX1
48	KRAS Signaling Dn	TNNI3
48	KRAS Signaling Dn	TSHB
48	KRAS Signaling Dn	UGT2B17
48	KRAS Signaling Dn	UPK3B
48	KRAS Signaling Dn	VPREB1
48	KRAS Signaling Dn	VPS50
48	KRAS Signaling Dn	WNT16
48	KRAS Signaling Dn	YBX2
48	KRAS Signaling Dn	YPEL1
48	KRAS Signaling Dn	ZBTB16
48	KRAS Signaling Dn	ZC2HC1C
48	KRAS Signaling Dn	ZNF112
49	Pancreas Beta Cells	ABCC8
49	Pancreas Beta Cells	AKT3
49	Pancreas Beta Cells	CHGA
49	Pancreas Beta Cells	DCX
49	Pancreas Beta Cells	DPP4
49	Pancreas Beta Cells	ELP4
49	Pancreas Beta Cells	FOXA2
49	Pancreas Beta Cells	FOXO1
49	Pancreas Beta Cells	G6PC2
49	Pancreas Beta Cells	GCG
49	Pancreas Beta Cells	GCK
49	Pancreas Beta Cells	HNF1A
49	Pancreas Beta Cells	IAPP
49	Pancreas Beta Cells	INS
49	Pancreas Beta Cells	INSM1
49	Pancreas Beta Cells	ISL1
49	Pancreas Beta Cells	LMO2
49	Pancreas Beta Cells	MAFB
49	Pancreas Beta Cells	NEUROD1
49	Pancreas Beta Cells	NEUROG3
49	Pancreas Beta Cells	NKX2-2
49	Pancreas Beta Cells	NKX6-1
49	Pancreas Beta Cells	PAK3
49	Pancreas Beta Cells	PAX4
49	Pancreas Beta Cells	PAX6
49	Pancreas Beta Cells	PCSK1
49	Pancreas Beta Cells	PCSK2
49	Pancreas Beta Cells	PDX1
49	Pancreas Beta Cells	PKLR
49	Pancreas Beta Cells	SCGN
49	Pancreas Beta Cells	SEC11A
49	Pancreas Beta Cells	SLC2A2
49	Pancreas Beta Cells	SPCS1
49	Pancreas Beta Cells	SRP14
49	Pancreas Beta Cells	SRP9
49	Pancreas Beta Cells	SRPRB
49	Pancreas Beta Cells	SST
49	Pancreas Beta Cells	STXBP1
49	Pancreas Beta Cells	SYT13
49	Pancreas Beta Cells	VDR
