complex_id	gene
0	BCL6
0	HDAC4
1	BCL6
1	HDAC5
2	BCL6
2	HDAC7
3	EP300
3	CREBBP
3	KAT2B
3	NCOA3
4	HPS1
4	HPS4
5	HPS6
5	HPS3
5	HPS5
6	CDS1
6	MUS81
7	HDAC3
7	TBL1X
7	NCOR1
7	GPS2
7	CORO2A
7	TBL1XR1
8	SNAPIN
8	BLOC1S1
8	BLOC1S3
8	BLOC1S2
8	BLOC1S5
8	DTNBP1
8	BLOC1S4
8	BLOC1S6
9	ARPC1B
9	ARPC2
9	ARPC3
9	ARPC5
9	ARPC4
9	ACTR3
9	ACTR2
10	PSME3
11	PSME1
11	PSME2
12	PSMD11
12	PSMD12
12	PSMD9
12	PSMD14
12	PSMD3
12	PSMD10
12	PSMC3
12	PSMC2
12	PSMC4
12	PSMD8
12	PSMD7
12	PSMD4
12	PSMC1
12	PSMC5
12	PSMC6
12	PSMD2
12	PSMD6
12	PSMD5
12	PSMD1
12	PSMD13
13	AP1G1
13	AP1G2
13	AP1S2
13	AP1S1
13	AP1B1
13	AP1S3
13	AP1M1
13	AP1M2
14	MTA2
14	MBD3
14	BCL6
14	HDAC1
14	MTA3
15	SMARCA5
15	KIF4A
15	SMC2
15	HDAC1
15	SIN3A
15	SMC4
15	DNMT3B
16	RAB5A
16	RABEP1
16	RABGEF1
17	SAP18
17	SAP30
17	RBBP4
17	HDAC1
17	RBBP7
17	HDAC2
17	SIN3A
18	MAPK3
18	HDAC4
19	MAPK1
19	HDAC4
20	HDAC3
20	TBL1X
20	GPS2
20	TBL1XR1
20	NCOR2
21	AP3B1
21	AP3D1
21	AP3M2
21	AP3S2
21	AP3B2
21	AP3S1
21	AP3M1
22	STAT1
22	STAT2
22	IRF9
23	MTA2
23	MBD3
23	RBBP4
23	HDAC1
23	CHD4
23	RBBP7
23	HDAC2
24	MTA2
24	MBD3
24	RBBP4
24	HDAC1
24	CHD4
24	RBBP7
24	HDAC2
24	MBD2
25	MED14
25	MED24
25	THRA
25	MED1
25	MED12
25	MED17
25	THRAP3
25	MED16
26	AP4M1
26	AP4E1
26	AP4S1
26	AP4B1
27	TRPC1
27	ITPR3
27	HOMER3
28	RBX1
28	SKP1
28	SKP2
28	CUL1
29	RBX1
29	SKP1
29	CUL7
29	FBXW8
30	ARID1A
30	SMARCA4
30	ACTB
30	SMARCB1
30	CARM1
30	SMARCC2
30	SMARCC1
30	SMARCE1
30	SMARCD1
30	SCYL1
31	NUP98
31	SEC13
31	NUP107
31	NUP160
31	NUP43
31	NUP37
31	NUP133
31	SEH1L
31	NUP85
32	FANCG
32	FANCA
32	FANCC
32	FANCF
33	CD28
33	NCL
34	CDC27
34	CDC16
34	ANAPC1
34	CDC23
34	ANAPC7
34	ANAPC5
34	ANAPC4
34	ANAPC2
35	XRCC6
35	XRCC5
35	NAA15
36	CDC27
36	CDC16
36	ANAPC1
36	CDC23
36	ANAPC7
36	ANAPC5
36	ANAPC4
36	ANAPC2
36	ANAPC10
37	TP53
37	MDM2
37	EP300
38	SMARCA1
38	RBBP4
38	BPTF
38	RBBP7
39	POLR2D
39	GTF2F2
39	ERCC2
39	POLR2C
39	POLR2E
39	ERCC3
39	TBP
39	POLR2A
39	GTF2E1
39	GTF2E2
39	POLR2B
39	GTF2H1
39	GTF2F1
39	POLR2I
39	POLR2H
39	POLR2J
39	POLR2K
39	POLR2F
39	POLR2G
39	POLR2L
39	GTF2B
39	GTF2H2
39	GTF2H3
39	GTF2H4
40	POLR2D
40	POLR2C
40	POLR2E
40	POLR2A
40	POLR2B
40	POLR2I
40	POLR2H
40	POLR2J
40	POLR2K
40	POLR2F
40	POLR2G
40	POLR2L
41	ERCC2
41	ERCC3
41	GTF2H1
41	CDK7
41	CCNH
41	MNAT1
41	GTF2H2
41	GTF2H3
41	GTF2H4
42	PFDN6
42	PFDN1
42	VBP1
42	PFDN5
42	PFDN4
42	PFDN2
43	SNAPC5
43	SNAPC2
43	SNAPC1
43	SNAPC4
43	SNAPC3
44	CBX4
44	SMARCA5
44	HSPA1A
44	YY1
44	BMI1
44	PHC1
44	RING1
44	CBX2
44	PHC2
44	PHC3
44	SCMH1
44	RNF2
44	CBX8
45	GNA11
45	GNAQ
45	CD81
45	GNB1
45	ADGRG1
46	PIGA
46	PIGH
46	PIGC
46	PIGQ
47	LTA
47	LTBR
47	LTB
48	POP7
48	RPP40
48	RPP14
48	POP4
48	RPP38
48	RPP30
48	POP5
48	POP1
48	RPP25
48	RPP21
49	TCP1
49	CCT6A
49	CCT5
49	CCT3
49	CCT8
49	CCT4
49	CCT2
49	CCT7
50	NDC80
50	SPC24
50	NUF2
50	SPC25
51	CASP2
51	CRADD
51	PIDD1
52	LMO2
52	NHLH2
52	LDB1
52	BEX2
53	BSG
53	PSEN1
53	NCSTN
53	APH1A
53	PSENEN
54	APBB1
54	APP
54	LRP1
55	AP1G1
55	AP1G2
55	AP1S2
55	AP1S1
55	AP1B1
55	AP1AR
55	AP1S3
55	AP1M1
55	AP1M2
56	ACTL6A
56	SMARCA4
56	ACTB
56	SMARCB1
56	ARID2
56	PBRM1
56	SMARCC2
56	SMARCC1
56	SMARCE1
56	SMARCD1
57	GTF2E1
57	GTF2E2
58	GTF2F2
58	GTF2F1
59	GEMIN4
59	SYVN1
59	DERL1
60	SMC2
60	PARP1
60	XRCC1
60	NCAPH
60	NCAPD2
60	NCAPG
60	SMC4
61	SMC2
61	NCAPD3
61	NCAPH2
61	NCAPG2
61	SMC4
62	COG7
62	COG2
62	COG1
62	COG3
62	COG8
62	COG4
62	COG5
62	COG6
63	RAD21
63	SMC1A
63	STAG1
63	SMC3
64	RAD21
64	SMC1A
64	STAG2
64	SMC3
65	NBN
65	MRE11A
65	RAD50
66	OGT
66	TRAK2
66	TRAK1
67	NDUFS8
67	NDUFA4
67	NDUFAB1
67	NDUFA1
67	NDUFS4
67	NDUFB5
67	NDUFB3
67	NDUFC1
67	NDUFA2
67	NDUFS5
67	NDUFS7
67	NDUFS2
67	NDUFS6
67	NDUFB1
67	NDUFS3
67	NDUFB6
67	NDUFA3
67	NDUFB4
67	NDUFB8
67	NDUFB2
67	NDUFA7
67	NDUFC2
67	NDUFA10
67	NDUFB10
67	MT-ND1
67	MT-ND2
67	MT-ND3
67	MT-ND4L
67	MT-ND5
67	MT-ND6
67	NDUFB7
67	NDUFV2
67	NDUFS1
67	NDUFV1
67	NDUFA8
67	NDUFV3
67	NDUFA6
67	NDUFA5
67	NDUFA9
67	NDUFA11
67	NDUFB11
67	NDUFA13
67	NDUFA12
67	NDUFB9
68	PPP1CA
68	PPP1R10
69	PSMA7
69	PSMC3
69	PSMB1
69	PSMA1
69	PSMA2
69	PSMA3
69	PSMA4
69	PSMA5
69	PSMB4
69	PSMB6
69	PSMB5
69	PSMC2
69	PSMC4
69	PSMB3
69	PSMB2
69	PSMD4
69	PSMA6
69	PSMC1
69	PSMC5
69	PSMC6
69	PSMB7
69	PSMD13
70	CYFIP1
70	ABI1
70	BRK1
70	NCKAP1
70	WASF2
71	ARID1A
71	ACTL6B
71	ACTL6A
71	SMARCA2
71	SMARCA4
71	ACTB
71	ACTG1
71	SMARCB1
71	ARID1B
71	SMARCC2
71	SMARCC1
71	SMARCE1
71	SMARCD1
72	BUB3
72	BUB1B
72	CDC20
72	MAD2L1
73	PSMA7
73	PSMB1
73	PSMA1
73	PSMA2
73	PSMA3
73	PSMA4
73	PSMA5
73	PSMB4
73	PSMB6
73	PSMB5
73	PSMB3
73	PSMB2
73	PSMA6
73	PSMB7
74	PSMA7
74	PSMB1
74	PSMA1
74	PSMA2
74	PSMA3
74	PSMA4
74	PSMA5
74	PSMB4
74	PSMB6
74	PSMB5
74	PSMB3
74	PSMB2
74	PSMA6
74	PSME1
74	PSMB7
74	PSME2
75	PSMD11
75	PSMD12
75	PSMD9
75	PSMD14
75	PSMA7
75	PSMD3
75	PSMD10
75	PSMC3
75	PSMB1
75	PSMA1
75	PSMA2
75	PSMA3
75	PSMA4
75	PSMA5
75	PSMB4
75	PSMB6
75	PSMB5
75	PSMC2
75	PSMC4
75	PSMD8
75	PSMB3
75	PSMB2
75	PSMD7
75	PSMD4
75	PSMA6
75	PSMC1
75	PSMC5
75	PSMC6
75	PSME1
75	PSMD2
75	PSMD6
75	PSMD5
75	PSMB7
75	PSMD1
75	PSME2
75	PSMD13
76	PSMA7
76	PSMB1
76	PSMA1
76	PSMA2
76	PSMA3
76	PSMA4
76	PSMA5
76	PSMB4
76	PSMB6
76	PSMB5
76	PSMB3
76	PSMB2
76	PSMA6
76	PSME3
76	PSMB7
77	BRCA1
77	BARD1
78	VHL
78	RBX1
78	CUL2
78	TCEB1
78	TCEB2
79	TCEB1
79	TCEB2
79	CUL5
79	ASB2
79	RNF7
80	TCEB1
80	TCEB2
80	CUL5
80	RNF7
80	ASB1
81	TCEB1
81	TCEB2
81	CUL5
81	ASB6
81	RNF7
82	TCEB1
82	TCEB2
82	CUL5
82	ASB7
82	RNF7
83	TCEB1
83	TCEB2
83	ASB12
83	CUL5
83	RNF7
84	XRCC1
84	LIG4
85	RBX1
85	TCEB1
85	TCEB2
85	CUL5
85	WSB1
86	RBX1
86	CUL1
86	CAND1
87	NPM1
87	HUWE1
87	CDKN2A
88	RBX1
88	CUL2
88	CAND1
89	RBX1
89	CUL3
89	CAND1
90	RBX1
90	CUL4A
90	CAND1
91	RBX1
91	CUL4B
91	CAND1
92	SKP1
92	SKP2
92	CUL1
93	SKP1
93	CUL1
93	BTRC
94	MED14
94	MED24
94	MED6
94	CCNC
94	CDK8
94	MED21
94	MED1
94	MED31
95	MED14
95	MED6
95	CCNC
95	CDK8
95	MED21
95	MED10
95	MED23
96	MED19
96	MED7
96	MED14
96	MED24
96	MED6
96	MED26
96	CCNC
96	CDK8
96	MED21
96	MED22
96	MED1
96	MED27
96	MED13L
96	MED25
96	MED12
96	MED8
96	MED30
96	MED15
96	MED10
96	MED18
96	CDK19
96	MED28
96	MED20
96	MED4
96	MED17
96	MED9
96	MED29
96	MED11
96	MED13
96	MED23
96	MED16
96	MED31
97	MED7
97	MED14
97	MED24
97	MED6
97	MED26
97	MED1
97	MED25
97	MED12
97	MED8
97	MED15
97	MED4
97	MED17
97	MED13
97	ACAD8
97	MED23
98	SMARCA5
98	POLE3
98	CHRAC1
98	BAZ1A
99	SMARCA5
99	BAZ1B
100	ARID1A
100	ACTL6A
100	BRCA1
100	SMARCA2
100	SMARCA4
100	SMARCB1
100	SMARCC2
100	SMARCC1
100	SMARCD2
100	SMARCE1
101	BRCA1
101	RBBP8
101	ZNF350
102	BRCA1
102	BRIP1
103	CDK1
103	CCNB1
103	RALBP1
104	FANCG
104	FANCA
104	RPA2
104	RPA1
104	RPA3
104	MLH1
104	BLM
104	FANCC
104	TOP3A
104	RMI1
104	FANCE
104	FANCF
104	FANCL
105	MLH1
105	BLM
105	TOP3A
105	RMI1
106	AP2A1
106	CCNB1
106	NUMB
106	RALBP1
106	EPN1
107	FANCG
107	FANCA
107	RPA2
107	RPA1
107	RPA3
107	BLM
107	FANCC
107	TOP3A
107	FANCE
107	FANCF
107	FANCL
108	RAD51B
108	RAD51C
108	XRCC2
108	RAD51D
109	RAD51C
109	XRCC3
110	MND1
110	PSMC3IP
111	RAD51B
111	RAD51C
112	RAD51B
112	RAD51C
112	XRCC3
112	XRCC2
112	RAD51D
113	MRE11A
113	RAD50
114	ATR
114	ATRIP
115	RAD17
115	RFC4
115	RFC2
115	RFC5
115	RFC3
116	RAD1
116	HUS1
116	RAD17
116	RFC4
116	RFC2
116	RFC5
116	RFC3
116	RAD9A
117	RFC4
117	RFC2
117	RFC1
117	RFC5
117	RFC3
118	RFC4
118	RFC2
118	RFC5
119	GAPDH
119	HMGB1
119	HSPA8
119	HMGB2
119	PDIA3
120	RAD21
120	SMARCA5
120	MTA2
120	MBD3
120	RBBP4
120	CHD3
120	MTA1
120	HDAC1
120	SMC1A
120	RBBP7
120	STAG2
120	STAG1
120	HDAC2
120	BAZ1A
120	MBD2
120	SMC3
121	MED7
121	MED14
121	MED24
121	MED6
121	MED26
121	MED21
121	MED1
121	MED25
121	MED15
121	MED17
121	MED23
122	PCNA
122	MLH1
122	PMS1
123	PCNA
123	MSH2
123	MSH6
124	MED7
124	MED14
124	MED24
124	MED6
124	CCNC
124	CDK8
124	MED21
124	MED1
124	MED25
124	MED12
124	MED15
124	MED17
124	MED13
124	MED23
125	MED7
125	MED14
125	MED24
125	MED6
125	MED26
125	CCNC
125	CDK8
125	MED21
125	MED1
125	MED25
125	MED12
125	MED15
125	MED17
125	MED13
125	MED23
126	PCNA
126	POLD1
126	POLD2
126	POLD3
126	POLD4
127	APEX1
127	STAT3
127	HIF1A
127	CITED1
128	IRF3
128	CITED1
129	MED7
129	MED14
129	MED24
129	MED6
129	MED21
129	MED27
129	MED10
129	MED20
129	MED17
129	THRAP3
129	MED16
129	MED31
130	MED7
130	MED14
130	MED24
130	MED6
130	CCNC
130	CDK8
130	MED21
130	MED1
130	MED27
130	MED12
130	MED10
130	MED20
130	MED17
130	MED13
130	THRAP3
130	MED16
130	MED31
131	ACTL6A
131	TCF3
131	INO80D
131	NFRKB
131	INO80C
131	INO80E
131	MCRS1
131	INO80B
131	ACTR8
131	ACTR5
131	INO80
131	RUVBL2
131	RUVBL1
132	ZNHIT1
132	YEATS4
132	ACTL6A
132	H2AFZ
132	VPS72
132	SRCAP
132	EAF2
132	ACTR6
132	RUVBL2
132	RUVBL1
133	RPLP1
133	RPLP2
133	RPLP0
133	RPS17
133	RPSA
133	RPS2
133	RPL35A
133	RPL7
133	RPL17
133	RPS4Y1
133	RPS3
133	RPS12
133	RPL13
133	RPL10
133	RPL12
133	RPL9
133	RPL22
133	RPL4
133	RPS19
133	RPL3
133	RPL13A
133	RPS27
133	RPL35
133	RPL27A
133	RPL5
133	RPL21
133	RPL28
133	RPS9
133	RPS5
133	RPS10
133	RPL29
133	RPL34
133	RPL14
133	RPS20
133	RPS3A
133	RPL26
133	RPL15
133	RPL27
133	RPL37A
133	RPL37
133	RPS7
133	RPS8
133	RPS15A
133	RPS16
133	RPS14
133	RPS23
133	RPS18
133	RPS29
133	RPS13
133	RPS11
133	RPL7A
133	RPS4X
133	RPL23A
133	RPS6
133	RPL23
133	RPS15
133	RPS24
133	RPS25
133	RPS26
133	RPS28
133	FAU
133	RPL30
133	RPL39
133	RPL31
133	RPL10A
133	RPL32
133	RPL11
133	RPL8
133	RPL41
133	RPS27A
133	UBA52
133	RPL38
133	RPS21
133	RPL24
133	RPL36A
133	RPL19
133	RPL18A
133	RPL6
133	RPL18
133	RPL36
134	RPLP1
134	RPLP2
134	RPLP0
134	RPL35A
134	RPL7
134	RPL17
134	RPL13
134	RPL10
134	RPL12
134	RPL9
134	RPL22
134	RPL4
134	RPL3
134	RPL13A
134	RPL35
134	RPL27A
134	RPL5
134	RPL21
134	RPL28
134	RPL29
134	RPL34
134	RPL14
134	RPL26
134	RPL15
134	RPL27
134	RPL37A
134	RPL37
134	RPL7A
134	RPL23A
134	RPL23
134	RPL30
134	RPL39
134	RPL31
134	RPL10A
134	RPL32
134	RPL11
134	RPL8
134	RPL41
134	UBA52
134	RPL38
134	RPL24
134	RPL36A
134	RPL19
134	RPL18A
134	RPL6
134	RPL18
134	RPL36
135	CCNB2
135	CDK1
135	PCNA
135	CCNB1
135	CCND1
135	CDKN1A
136	PCNA
136	CCND1
136	CDK2
136	CDKN1A
137	CDK4
137	PCNA
137	CCND1
137	CDKN1A
138	PCNA
138	CCND1
138	CCND3
138	CDKN1A
138	CDK5
139	PCNA
139	CDKN1A
140	MRPS12
140	MRPS14
140	DAP3
140	MRPS22
140	MRPS25
140	MRPS10
140	MRPS35
140	MRPS5
140	MRPS36
140	MRPS11
140	MRPS15
140	MRPS21
140	MRPS34
140	MRPS6
140	MRPS9
140	MRPS27
140	MRPS31
140	MRPS24
140	MRPS26
140	MRPS30
140	MRPS18A
140	MRPS33
140	MRPS28
140	MRPS17
140	MRPS7
140	MRPS2
140	MRPS16
140	MRPS18C
140	MRPS23
140	MRPS18B
141	MRPS12
141	MRPS14
141	MRPL33
141	MRPL3
141	MRPL19
141	DAP3
141	MRPL12
141	MRPS22
141	MRPS25
141	MRPS10
141	MRPS35
141	MRPS5
141	MRPS36
141	MRPS11
141	MRPS15
141	MRPS21
141	MRPS34
141	MRPS6
141	MRPS9
141	LACTB
141	MRPL28
141	MRPL49
141	MRPL23
141	MRPL51
141	MRPL2
141	MRPL54
141	MRPL14
141	MRPL21
141	MRPL55
141	MRPL10
141	MRPL52
141	MRPL41
141	MRPL50
141	MRPL43
141	MRPL30
141	MRPS27
141	MRPS31
141	MRPL24
141	MRPL38
141	MRPS24
141	MRPL53
141	MRPL48
141	MRPL34
141	MRPL45
141	MRPL32
141	MRPL20
141	MRPL13
141	MRPL9
141	MRPL4
141	MRPL1
141	MRPS26
141	MRPL37
141	MRPL18
141	MRPL46
141	MRPL44
141	MRPL47
141	MRPS30
141	MRPL40
141	MRPL17
141	MRPS18A
141	MRPL22
141	MRPL16
141	MRPL39
141	MRPL35
141	MRPL15
141	MRPL36
141	MRPL27
141	MRPS33
141	MRPS28
141	MRPS17
141	MRPS7
141	MRPS2
141	MRPL11
141	MRPS16
141	MRPS18C
141	MRPS23
141	MRPS18B
141	MRPL42
142	XRCC6
142	XRCC5
142	PRKDC
143	MRPL33
143	MRPL3
143	MRPL19
143	MRPL12
143	LACTB
143	MRPL28
143	MRPL49
143	MRPL23
143	MRPL51
143	MRPL2
143	MRPL54
143	MRPL14
143	MRPL21
143	MRPL55
143	MRPL10
143	MRPL52
143	MRPL41
143	MRPL50
143	MRPL43
143	MRPL30
143	MRPL24
143	MRPL38
143	MRPL53
143	MRPL48
143	MRPL34
143	MRPL45
143	MRPL32
143	MRPL20
143	MRPL13
143	MRPL9
143	MRPL4
143	MRPL1
143	MRPL37
143	MRPL18
143	MRPL46
143	MRPL44
143	MRPL47
143	MRPL40
143	MRPL17
143	MRPL22
143	MRPL16
143	MRPL39
143	MRPL35
143	MRPL15
143	MRPL36
143	MRPL27
143	MRPL11
143	MRPL42
144	XRCC6
144	XRCC5
145	SFPQ
145	NONO
146	SFPQ
146	MATR3
146	NONO
147	LIG4
147	AHNAK
147	XRCC4
148	RPS17
148	RPSA
148	RPS2
148	RPS3
148	RPS12
148	RPS19
148	RPS9
148	RPS5
148	RPS10
148	RPS20
148	RPS3A
148	RPS7
148	RPS8
148	RPS15A
148	RPS16
148	RPS14
148	RPS23
148	RPS18
148	RPS29
148	RPS13
148	RPS11
148	RPS4X
148	RPS6
148	RPS15
148	RPS24
148	RPS25
148	RPS26
148	RPS28
148	FAU
148	RPS27A
148	RPS21
149	LIG4
149	XRCC4
150	LIG4
150	XRCC4
151	LIG4
151	XRCC4
151	PNKP
152	IGF2BP3
152	DDX3X
152	TCERG1
152	U2SURP
152	PPM1G
152	DHX15
152	PRPF4
152	SART1
152	PRPF3
152	PPIH
152	PLRG1
152	ZNF207
152	HTATSF1
152	NUDT21
152	DHX16
152	AQR
152	CDC40
152	PRPF40A
152	SF3B1
152	SNRNP200
152	BCAS2
152	DNAJC8
152	SMNDC1
152	PRPF6
152	LUC7L3
152	SLU7
152	CD2BP2
152	SYF2
152	SNRPB2
152	SNRNP70
152	SNRPA
152	SNRPC
152	SNRPA1
152	PABPC1
152	SNRPB
152	DDX5
152	U2AF2
152	EIF4A3
152	BUD31
152	MTREX
152	RBM25
152	NCBP2
152	MFAP1
152	SNU13
152	MAGOH
152	SNRPE
152	SNRPF
152	SNRPG
152	LSM3
152	LSM6
152	SNRPD1
152	SNRPD2
152	SNRPD3
152	TRA2B
152	TXNL4A
152	SRSF3
152	U2AF1
152	SRSF2
152	SRSF11
152	SRSF1
152	SRSF4
152	DHX9
152	NCBP1
152	SF3A3
152	IK
152	SRSF9
152	SRSF5
152	SRSF6
152	PPIL2
152	SF3B2
152	PRPF4B
152	SNW1
152	THOC5
152	DDX39B
152	CIRBP
152	RBM39
152	DHX8
152	WTAP
152	EFTUD2
152	RNPS1
152	SF3B3
152	SF3B4
152	SF3A2
152	SF3A1
152	SF1
152	SRSF7
152	CPSF6
152	SMU1
152	FNBP3
152	USP39
152	KIAA1429
152	THOC7
152	PRPF8
152	DDX46
152	ALYREF
152	THOC6
152	SRRM1
152	THOC2
152	CACTIN
152	SNRNP27
152	PRPF31
152	CTNNBL1
152	DHX38
152	DDX17
152	PPWD1
152	DGCR14
152	SNRNP40
152	THOC1
152	RBM17
152	THOC3
152	RBM15
152	SPEN
152	CDC5L
152	PRPF18
152	C19ORF43
152	BUD13
152	DDX23
152	SRRT
152	CRNKL1
152	PPIL3
152	MOV10
152	CWC22
152	XAB2
152	RBM22
152	CDK12
152	CWC15
152	TFIP11
152	PUF60
152	DDX41
152	LSM7
152	ACIN1
152	ISY1
152	PRPF19
152	PPIE
152	SRRM2
152	WBP11
152	LSM2
152	SF3B6
152	PPIL1
152	LSM4
152	PAXBP1
152	RBM8A
152	CFAP20
153	SMC2
153	LIG4
153	SMC4
154	LIG4
154	XRCC4
154	NHEJ1
155	PRKDC
155	DCLRE1C
156	POLB
156	XRCC1
156	LIG3
156	PNKP
157	XRCC1
157	LIG3
158	ERCC1
158	MSH2
158	ERCC4
159	MLH1
159	MSH2
159	MSH6
159	PMS2
160	MLH1
160	MSH2
160	MSH6
160	PMS1
161	MSH2
161	MSH6
162	MSH3
162	MSH2
163	PCNA
163	MLH1
163	MSH2
163	MSH6
163	PMS2
164	MLH1
164	PMS2
165	MLH1
165	PMS1
166	RNF123
166	UBAC1
167	MCM3
167	MCM4
167	MCM5
167	MCM7
167	MCM2
167	MCM6
168	ORC5
168	ORC4
168	ORC1
168	ORC2
168	ORC3
168	ORC6
169	SKP1
169	CUL1
169	FBXW2
170	RBX1
170	CUL4A
170	DDB1
171	SUCLG1
171	SUCLG2
172	SUCLG1
172	SUCLA2
173	IDH1
174	GUCY1A2
174	GUCY1B3
175	GUCY1A3
175	GUCY1B3
176	FNTA
176	FNTB
177	CAV3
177	DAG1
178	MLH1
178	PMS2
178	EXO1
179	PCNA
179	MLH1
179	EXO1
180	MSH4
180	MSH5
180	GPS2
181	MEP1A
181	MEP1B
182	MOCS2
183	PIK3C3
183	PIK3R4
184	DHX15
184	SF3B1
184	SNRPB
184	SNRPE
184	SNRPF
184	SNRPG
184	SNRPD1
184	SNRPD2
184	SNRPD3
184	YBX1
184	SF3B2
184	SF3B3
184	SF3B4
184	ZRSR2
184	SNRNP35
184	SNRNP48
184	PRPF8
184	PDCD7
184	ZCRB1
184	RNPC3
184	SNRNP25
184	SF3B5
184	ZMAT5
184	SF3B6
185	HSPA1A
185	NOS1
185	STUB1
186	NBN
186	RFC4
186	RFC2
186	RFC1
186	BRCA1
186	MLH1
186	MSH2
186	MRE11A
186	MSH6
186	BLM
186	ATM
186	RAD50
187	SUPT3H
187	TADA3
187	TAF5L
187	BRCA1
187	MSH2
187	MSH6
187	TAF10
187	TAF9
187	KAT2A
187	TRRAP
188	MED14
188	MED24
188	ESR1
188	MED1
188	KAT2A
188	MED12
188	MED17
188	MED13
188	MED23
188	MED16
188	TRRAP
189	BACH1
189	SMAD9
189	GJB6
189	PSMC3
189	ERCC3
189	MXI1
189	KLF10
189	TGFBI
190	TAF4
190	ATXN7
190	SUPT3H
190	TADA3
190	TAF5L
190	TAF6
190	TAF10
190	SF3B3
190	TAF5
190	TAF7
190	TAF12
190	TAF9
190	TAF2
190	KAT2A
190	TRRAP
190	TAF6L
191	CRB1
191	MPP5
191	PATJ
192	CRB1
192	MPP5
192	MPP4
193	PSEN1
193	NCSTN
193	APH1A
193	PSENEN
194	PSEN2
194	APH1B
194	NCSTN
194	PSENEN
195	PSEN2
195	NCSTN
195	APH1A
195	PSENEN
196	TAF4
196	TBP
196	TAF1
196	TAF6
196	TAF10
196	TAF5
196	TAF13
196	TAF11
196	TAF7
196	TAF12
196	TAF9
196	TAF2
197	TAF4
197	ATXN7
197	SUPT3H
197	TADA3
197	TAF5L
197	TAF6
197	TAF10
197	SF3B3
197	TAF5
197	TAF13
197	TAF7
197	TAF12
197	TAF9
197	TAF2
197	KAT2A
197	TRRAP
197	TAF6L
198	TADA2A
198	SUPT3H
198	TADA3
198	TAF5L
198	TAF10
198	TAF12
198	TAF9
198	KAT2B
198	TRRAP
198	TAF6L
199	P4HB
199	P4HA1
200	P4HB
200	P4HA3
201	ATXN7
201	SUPT3H
201	TADA3
201	TAF5L
201	SUPT7L
201	TAF10
201	SF3B3
201	TAF12
201	TAF9
201	KAT2A
201	TADA1
201	TRRAP
201	TAF6L
202	SUPT3H
202	TAF9
202	KAT2A
203	TAF4
203	TBP
203	TAF1
203	TAF6
203	TAF10
203	TAF5
203	TAF13
203	TAF11
203	TAF7
203	TAF12
203	TAF9
204	TAF4
204	TBP
204	TAF1
204	TAF6
204	TAF10
204	TAF5
204	TAF13
204	TAF11
204	TAF7
204	TAF12
204	TAF9
204	TAF4B
205	WIPF1
205	MYL12A
205	MYH9
205	WAS
205	MYL6
205	ACTA2
206	GTF2A1
206	GTF2A2
207	TAF4
207	TBP
207	TAF1
207	TAF6
207	GTF2A1
207	GTF2A2
207	TAF10
207	TAF5
207	TAF13
207	TAF11
207	TAF7
207	TAF12
207	TAF9
207	TAF3
207	TAF2
208	TAF4
208	TBP
208	TAF1
208	TAF6
208	GTF2A1
208	GTF2A2
208	GTF2B
208	TAF10
208	TAF5
208	TAF13
208	TAF11
208	TAF7
208	TAF12
208	TAF9
208	TAF3
208	TAF2
209	TAF4
209	TBP
209	TAF1
209	TAF6
209	TAF10
209	TAF5
209	TAF13
209	TAF11
209	TAF7
209	TAF12
209	TAF9
209	TAF15
210	TAF4
210	ATXN7
210	SUPT3H
210	TADA3
210	TAF5L
210	TAF6
210	TAF10
210	SF3B3
210	TAF5
210	TAF7
210	TAF12
210	TAF9
210	TAF2
210	KAT2A
210	TAF9B
210	TRRAP
210	TAF6L
211	TAF4
211	TBP
211	TAF1
211	TAF6
211	TAF10
211	TAF5
211	TAF13
211	TAF11
211	TAF7
211	TAF12
211	TAF9
211	TAF9B
212	PRKAR2A
212	AKAP5
212	PPP3CA
213	PRKAR2B
213	AKAP1
213	MYCBP
214	PRKAR2A
214	PRKACA
214	KCNQ1
214	PPP1CA
214	AKAP9
215	CDH1
215	CTNNB1
215	PKD1
216	CDH1
216	CTNNB1
216	PKD1
216	FLOT2
217	ACTL6A
217	KAT5
217	RUVBL2
217	RUVBL1
217	TRRAP
218	TRPC3
218	TRPC4
219	YEATS4
219	ACTL6A
219	MORF4L2
219	KAT5
219	EP400
219	BRD8
219	EPC1
219	MEAF6
219	DMAP1
219	MRGBP
219	ING3
219	MORF4L1
219	RUVBL2
219	RUVBL1
219	TRRAP
220	YEATS4
220	ACTL6A
220	MORF4L2
220	VPS72
220	KAT5
220	EP400
220	BRD8
220	EPC1
220	MEAF6
220	DMAP1
220	MRGBP
220	ING3
220	MORF4L1
220	RUVBL2
220	RUVBL1
220	TRRAP
221	ERCC1
221	XPA
221	ERCC4
222	MPHOSPH10
222	IMP4
222	IMP3
223	MED14
223	MED24
223	MED6
223	THRA
223	CCNC
223	MED21
223	MED1
223	MED27
223	MED12
223	MED10
223	MED4
223	MED17
223	MED13
223	THRAP3
223	MED16
223	MED31
224	TRPC1
224	TRPC3
224	TRPC7
225	IGF1
225	IGFBP3
225	IGFALS
226	MED14
226	MED24
226	MED6
226	CCNC
226	CDK8
226	MED21
226	MED1
226	MED27
226	MED12
226	MED4
226	MED17
226	MED13
226	THRAP3
226	MED16
227	MED7
227	MED14
227	MED24
227	MED6
227	MED26
227	VDR
227	RXRB
227	MED1
227	MED12
227	MED4
227	MED17
227	MED13
227	MED23
227	MED16
228	NOS3
228	CAV1
228	NOSTRIN
229	DNTT
229	HIST1H4A
229	HIST1H3A
229	HIST2H2AC
229	HIST2H2BE
229	DNTTIP2
230	IFNB1
230	IFNAR1
230	IFNAR2
231	TRPC1
231	RHOA
231	ITPR1
232	ACTL6A
232	SMARCA4
232	SMARCB1
232	ARID2
232	PBRM1
232	SMARCC2
232	SMARCC1
232	SMARCE1
232	SMARCD1
233	GNA11
233	TRPC1
233	CAV1
233	ITPR3
234	TRPM7
234	TRPM6
235	DDX6
235	EDC4
235	DCP2
235	EDC3
235	DCP1A
236	LSM1
236	LSM3
236	LSM6
236	LSM7
236	LSM2
236	LSM5
236	LSM4
237	LSM8
237	LSM3
237	LSM6
237	LSM7
237	LSM2
237	LSM5
237	LSM4
238	ATP5H
238	ATP5L
238	MT-ATP6
238	MT-ATP8
238	ATP5G1
238	ATP5B
238	ATP5J
238	ATP5F1
238	ATP5A1
238	ATP5D
238	ATP5C1
238	ATP5O
238	ATP5J2
238	ATP5E
238	ATP5I
238	ATPIF1
239	ARID1A
239	SMARCA4
239	EP300
239	SMARCB1
239	SMARCC2
239	CREBBP
239	SMARCC1
240	ARID1A
240	EP300
240	CREBBP
241	NFKB1
241	MAP3K8
241	TNIP2
242	TP53
242	FHL2
242	HIPK2
243	MBD3
243	BCL6
243	HDAC1
243	CHD4
243	MTA3
244	MBD3
244	RBBP4
244	MTA1
244	CHD4
244	RBBP7
244	HDAC1
244	HDAC2
244	MTA3
245	SAP30
245	RBBP4
245	HDAC1
245	RBBP7
245	ARID4B
245	HDAC2
245	SIN3A
245	SAP130
246	SAP30
246	RBBP4
246	HDAC1
246	RBBP7
246	ARID4B
246	HDAC2
246	SIN3A
246	SAP130
246	SUDS3
247	DPP10
247	KCND2
248	SAP30
248	RBBP4
248	HDAC1
248	RBBP7
248	ARID4B
248	HDAC2
248	SIN3A
249	TIMM23
249	TIMM44
249	TIMM17B
249	TIMM17A
250	KANSL1
250	MSL3
250	KAT8
250	MSL2
251	CHTF8
251	RFC3
251	CHTF18
251	DSCC1
252	KDM1A
252	RBBP4
252	CHD3
252	MTA1
252	HDAC1
252	CHD4
252	HDAC2
253	CASK
253	APBA1
253	LIN7C
254	KDM1A
254	ZNF217
254	HDAC1
254	HDAC2
254	PHF21A
254	HMG20B
254	RCOR1
255	VHL
255	CUL2
255	TCEB1
255	TCEB2
256	TIMM10
256	TIMM9
257	KDM1A
257	RCOR1
258	KDM1A
258	ZNF217
258	HSPA1A
258	HSPA1B
258	CTBP1
258	HDAC1
258	RREB1
258	PHF21A
258	PHF21B
258	HMG20A
258	HMG20B
258	RCOR3
258	ZMYM2
258	RCOR1
259	NBN
259	MRE11A
259	RAD50
259	TRRAP
260	BLM
260	TBPL1
261	AURKA
261	TACC1
261	CKAP5
262	KDM1A
262	MTA2
262	GTF2I
262	RBBP4
262	CHD3
262	MTA1
262	HDAC1
262	ZMYM3
262	GSE1
262	CHD4
262	RBBP7
262	HDAC2
262	PHF21A
262	SIN3A
262	HMG20B
262	ZMYM2
262	RCOR1
263	KDM1A
263	ZNF217
263	GTF2I
263	HDAC1
263	ZMYM3
263	GSE1
263	HDAC2
263	PHF21A
263	HMG20B
263	ZMYM2
263	RCOR1
264	KDM1A
264	GTF2I
264	HDAC1
264	ZMYM3
264	HDAC2
265	AGPS
265	GNPAT
266	KDM1A
266	HDAC1
266	HDAC2
266	PHF21A
266	HMG20B
266	RCOR1
267	RANBP9
267	MPHOSPH8
267	GID8
267	MKLN1
268	TMEM50A
268	RANBP9
269	CBX4
269	ZEB2
269	KDM1A
269	ZNF217
269	ZEB1
269	CTBP2
269	CTBP1
269	HDAC1
269	ZNF516
269	RREB1
269	HDAC2
269	LCOR
269	EHMT2
269	EHMT1
269	RCOR3
269	RCOR1
269	CDYL
270	KDM1A
270	ZEB1
270	CTBP2
270	CTBP1
270	HDAC1
270	HDAC2
270	EHMT2
270	EHMT1
270	RCOR1
271	KHDRBS1
271	PPP1R13B
272	KDM1A
272	MTA2
272	MBD3
272	RBBP4
272	CHD3
272	HDAC1
272	RBBP7
272	MBD2
272	RCOR1
273	KDM1A
273	HDAC1
273	RCOR1
274	MTA2
274	MBD3
274	RBBP4
274	CHD3
274	HDAC1
274	RBBP7
274	GATAD2A
274	MBD2
274	RCOR1
275	MTA2
275	MBD3
275	RBBP4
275	CHD3
275	RBBP7
275	GATAD2A
275	HDAC2
276	AP3B1
276	AP3D1
276	SNAPIN
276	AP3M2
276	AP3S2
276	BLOC1S1
276	AP3B2
276	BLOC1S3
276	BLOC1S2
276	BLOC1S5
276	AP3S1
276	DTNBP1
276	BLOC1S4
276	BLOC1S6
276	AP3M1
277	SNAPIN
277	BLOC1S1
277	BLOC1S3
277	BLOC1S2
277	HPS6
277	BLOC1S5
277	HPS3
277	DTNBP1
277	BLOC1S4
277	BLOC1S6
277	HPS5
278	HSF1
278	HSF2
279	SNX2
279	VPS26A
279	SNX1
279	VPS35
279	VPS29
280	MTA2
280	MBD3
280	RBBP4
280	HDAC1
280	CHD4
280	RBBP7
280	GATAD2B
280	HDAC2
280	MBD2
281	ADRB2
281	AKAP5
281	KCNMA1
282	ADRB2
282	KCNMA1
283	GINS1
283	GINS4
283	GINS3
283	GINS2
284	RANBP1
284	ENTPD1
285	SLC9A3R1
285	CFTR
285	EZR
286	MSX1
286	PAX9
287	SLC9A3R1
287	ADRB2
287	CFTR
288	SAP18
288	SAP30
288	RBBP4
288	HDAC1
288	RBBP7
288	ARID4B
288	SAP25
288	HDAC2
288	SIN3A
288	SAP130
288	SUDS3
289	SIN3B
289	SAP30
289	RBBP4
289	HDAC1
289	RBBP7
289	HDAC2
289	SIN3A
289	BRMS1
290	ARID4B
290	BRMS1
291	TRIM23
291	NAA15
292	ZW10
292	PSMD8
292	RINT1
293	HGS
293	SNAP25
293	STX12
294	SNAP25
294	VAMP2
294	STX12
295	ARID1A
295	PRMT5
295	ACTL6A
295	SMARCA4
295	RBBP4
295	SMARCB1
295	SMARCD3
295	SMARCC2
295	HDAC2
295	SMARCC1
295	SMARCD2
295	SMARCE1
295	SMARCD1
295	SIN3A
296	ARID1A
296	PRMT5
296	ACTL6A
296	SMARCA2
296	RBBP4
296	SMARCB1
296	HDAC1
296	SMARCD3
296	SMARCC2
296	HDAC2
296	SMARCC1
296	SMARCD2
296	SMARCE1
296	SMARCD1
296	SIN3A
297	SPI1
297	HDAC1
297	SIN3A
298	SPI1
298	TBP
299	RB1
299	MORF4L1
299	MRFAP1
300	KAT8
300	MORF4L1
301	ACTN4
301	SVIL
301	ITGB2
301	HSP90AB1
301	HSPA1A
301	HSPA8
301	PTPRB
301	PI4KA
301	ACTB
301	MPP3
301	LAMA3
301	P2RX7
302	COPS2
302	RBX1
302	GPS1
302	CUL4A
302	DDB1
302	COPS6
302	DDB2
302	COPS5
302	COPS8
302	COPS4
302	COPS7A
302	COPS3
303	COPS2
303	RBX1
303	GPS1
303	ERCC8
303	CUL4A
303	DDB1
303	COPS6
303	COPS5
303	COPS8
303	COPS4
303	COPS7A
303	COPS3
304	POLR2A
304	COPS2
304	RBX1
304	GPS1
304	ERCC8
304	CUL4A
304	DDB1
304	COPS6
304	COPS5
304	COPS8
304	COPS4
304	COPS7A
304	COPS3
305	RBX1
305	SKP1
305	CUL1
305	FBXO31
306	SNAP23
306	VAMP1
306	STX4
307	SNAP23
307	VAMP2
307	STX4
308	VAMP1
308	VAMP7
308	STX4
309	SAP18
309	SAP30
309	RBBP4
309	HDAC1
309	RBBP7
309	ARID4B
309	HDAC2
309	SIN3A
309	ING1
310	SAP18
310	ARID1A
310	SAP30
310	ACTL6A
310	SMARCA4
310	RBBP4
310	SMARCB1
310	HDAC1
310	RBBP7
310	ARID4B
310	SMARCC2
310	HDAC2
310	SMARCC1
310	SMARCD1
310	SIN3A
310	ING1
311	CASC3
311	EIF4A3
311	MAGOH
311	RBM8A
312	HDAC3
312	TBL1X
312	NCOR1
312	GPS2
312	TBL1XR1
313	SAP18
313	SAP30
313	RBBP4
313	HDAC1
313	RBBP7
313	SAP25
313	ARID4B
313	HDAC2
313	SIN3A
313	SAP130
313	SUDS3
314	SIN3B
314	HDAC2
314	SIN3A
314	NCOR2
315	CEBPA
315	ONECUT1
316	HDAC1
316	SIN3A
316	NCOR2
317	MAP3K7
317	TRAF6
318	MECP2
318	HDAC1
318	HDAC2
318	SIN3A
319	HDAC3
319	TBL1X
319	NCOR2
320	SGCE
320	NOS3
320	UTRN
320	CAV1
320	DAG1
321	CASC3
321	EIF4A3
321	MAGOH
321	UPF3B
321	PYM1
321	RBM8A
322	GSN
322	PRUNE
323	GSK3B
323	PRUNE
324	NME1
324	PRUNE
325	SAP18
325	RNPS1
325	ACIN1
326	MAGOH
326	RBM8A
327	DYSF
327	PARVB
328	THOC5
328	DDX39B
328	THOC7
328	ALYREF
328	THOC6
328	THOC2
328	THOC1
328	THOC3
329	NME1
329	PRKAA1
330	THOC5
330	THOC7
330	THOC6
330	THOC2
330	THOC1
331	RNPS1
331	ALYREF
331	SRRM1
331	UPF3B
331	UPF2
331	NXF1
331	RBM8A
332	ARID1A
332	MTA2
332	MBD3
332	ACTL6A
332	HNRNPC
332	SMARCA4
332	ACTB
332	RBBP4
332	SMARCB1
332	HDAC1
332	CHD4
332	SMARCC2
332	GATAD2B
332	HDAC2
332	DPF2
332	SMARCC1
332	SMARCD2
332	SMARCE1
332	MBD2
333	URI1
333	POLR2E
333	SKP1
333	SKP2
333	CUL1
333	PFDN2
333	STAP1
333	RUVBL2
333	RUVBL1
334	USP9X
334	ITCH
335	GSPT1
335	ETF1
335	UPF1
335	SMG1
336	EIF4A3
336	MAGOH
336	DDX39B
336	RNPS1
336	ALYREF
336	SRRM1
336	UPF3B
336	RBM8A
337	NR3C2
337	PPP3CA
337	NCOA1
338	ACTL6A
338	KAT5
338	EPC1
338	DMAP1
338	MORF4L1
338	RUVBL2
338	RUVBL1
338	TRRAP
339	EXOSC10
339	EXOSC9
339	EXOSC2
339	EXOSC7
339	EXOSC6
339	EXOSC8
339	EXOSC4
339	EXOSC5
339	EXOSC3
339	DIS3
339	EXOSC1
340	DDB1
340	DDB2
341	CPLX1
341	SNAP25
341	VAMP2
341	STX1A
342	SNAP25
342	VAMP2
342	STX1A
342	CPLX2
343	SNAP23
343	STX11
343	VAMP2
344	YEATS4
344	ACTL6A
344	EPC2
344	KAT5
344	EP400
344	BRD8
344	EPC1
344	MEAF6
344	DMAP1
344	MRGBP
344	ING3
344	MORF4L1
344	RUVBL2
344	RUVBL1
344	TRRAP
345	ACTL6A
345	VPS72
345	SRCAP
345	EP400
345	BRD8
345	EPC1
345	DMAP1
345	RUVBL2
345	RUVBL1
345	TRRAP
346	SNAP23
346	STX2
347	ARID1A
347	PRMT5
347	ACTL6A
347	SMARCA4
347	SMARCB1
347	SMARCC2
347	HDAC2
347	SMARCC1
347	SMARCE1
347	SMARCD1
347	SIN3A
348	SNAP23
348	STX4
349	ARID1A
349	PRMT5
349	ACTL6A
349	SMARCA2
349	SMARCB1
349	SMARCC2
349	HDAC2
349	SMARCC1
349	SMARCD2
349	SMARCE1
349	SMARCD1
349	SIN3A
350	GSPT1
350	ETF1
351	PRMT5
351	POLR2B
351	GTF2F1
351	ERH
351	STK38
351	WDR77
351	CTDP1
352	UPF1
352	UPF3A
352	UPF2
353	UPF1
353	UPF3B
353	UPF2
354	RNPS1
354	UPF1
354	UPF3B
354	UPF3A
354	UPF2
354	NXF1
354	RBM8A
355	PPP1R12A
355	RHOA
355	MPRIP
356	PRMT5
356	CLNS1A
356	SNRPD1
356	SNRPD3
357	SNAP23
357	STX6
358	PARN
358	EXOSC10
358	EXOSC2
358	DCP2
358	XRN1
358	UPF1
358	UPF3B
358	XRN2
358	UPF2
358	EXOSC4
359	PRMT5
359	SNRPB
359	CLNS1A
360	TRPC1
360	ORAI1
360	CTNND2
361	CDH5
361	PARD6A
362	CDH5
362	PARD3
362	PARD6A
363	PRMT5
363	GEMIN2
363	SNRPB
363	CLNS1A
363	GEMIN4
363	SMN1
363	SMN2
363	DDX20
364	CLNS1A
364	SNRPD1
364	SNRPD3
365	PRMT5
365	SNRPB
365	CLNS1A
365	SNRPD1
365	SNRPD2
365	SNRPD3
366	SNRPB
366	CLNS1A
366	SNRPE
366	SNRPF
366	SNRPG
366	SNRPD1
366	SNRPD2
366	SNRPD3
367	PRMT5
367	CLNS1A
368	MYBL2
368	LIN9
369	SERPINA5
369	KLK3
369	SCG2
370	CAPZB
370	CAPZA1
370	AMOT
370	ARHGAP17
370	MPP5
370	PATJ
370	SH3KBP1
370	CD2AP
371	PRKCI
371	ARHGAP17
371	PARD3
372	MPDZ
372	AMOT
372	MPP7
372	ARHGAP17
372	AMOTL1
372	MPP5
372	PATJ
372	AMOTL2
373	PCNA
373	DNMT1
373	EHMT2
374	DNMT1
374	EHMT2
375	MED19
375	MED22
375	MED1
375	MED25
375	MED8
375	MED18
375	MED4
375	MED17
375	MED29
375	MED11
376	KDM1A
376	BRCA2
376	HDAC1
376	HDAC2
376	PHF21A
376	HMG20B
376	RCOR1
377	SNAP29
377	STX1A
378	STX6
378	VAMP4
378	VAMP3
378	VAMP8
379	STX16
379	VAMP4
379	VAMP3
380	STX6
380	VAMP3
380	VTI1A
381	STX16
381	STX6
381	VAMP4
381	VTI1A
381	VTI1B
382	ADRB1
382	PRKAR2A
382	AKAP5
382	PRKAR2B
383	MBD3
383	RBBP4
383	MTA1
383	RBBP7
383	HDAC1
383	HDAC2
384	MTA2
384	MBD3
384	RBBP4
384	HDAC1
384	CHD4
384	RBBP7
384	HDAC2
384	SIN3A
385	RBBP4
385	MTA1
385	RBBP7
385	HDAC1
385	HDAC2
386	MED7
386	CCNC
386	CDK8
386	MED23
387	CCNC
387	CDK8
387	MED23
388	CCNC
388	CDK8
389	MED14
389	MED6
389	CCNC
389	CDK8
389	MED23
390	MED14
390	MED6
390	MED23
391	RET
391	SHC3
392	GAB1
392	SHC3
393	KIF3B
393	PRKCI
393	PARD3
393	PARD6A
393	KIF3A
394	MED7
394	MED14
394	MED6
394	MED26
394	CDK8
394	MED1
394	MED25
394	MED12
394	MED15
394	MED17
394	MED13
394	MED23
394	MED16
395	MED7
395	MED14
395	MED24
395	MED6
395	MED15
395	MED18
395	MED4
395	MED17
395	MED23
395	MED16
396	FGFR1
396	ANOS1
397	SNAP23
397	STX1A
398	SMARCA1
398	CECR2
399	MPP5
399	PARD3
399	PARD6A
400	SMARCA5
400	RSF1
401	SMARCA1
401	RSF1
402	HNRNPC
402	TOP2A
402	DHX9
402	SSRP1
402	PRPF8
402	SRPK1
402	DDX21
403	SMARCA5
403	BAZ1A
404	SCRIB
404	LLGL2
405	CENPC
405	CENPU
405	CENPT
405	CENPN
405	CENPH
405	CENPM
406	SCRIB
406	VANGL2
407	SMARCA5
407	CENPB
407	HSPA5
407	HSPA8
407	FBL
407	BMI1
407	CENPA
407	KIF23
407	CENPC
407	RING1
407	SSRP1
407	CBX3
407	CUL4A
407	WTAP
407	DDB1
407	COBLL1
407	ZC3H13
407	KIAA1429
407	PLPPR3
407	CENPU
407	CENPL
407	NUP93
407	SHCBP1
407	DHX38
407	CENPI
407	ZFP91
407	RSF1
407	RNF2
407	CENPK
407	CENPO
407	SRRT
407	WDR11
407	RACGAP1
407	CENPH
407	CBX8
407	CENPM
407	SUPT16H
408	ARHGEF7
408	SCRIB
408	GIT1
409	APC
409	SCRIB
410	SSRP1
410	NEK9
410	SUPT16H
411	SSRP1
411	SUPT16H
412	CSNK2A2
412	CSNK2B
412	CSNK2A1
412	SSRP1
412	SUPT16H
413	STX7
413	VPS11
413	VPS18
414	VPS16
414	VPS11
414	VPS18
415	CDC7
415	DBF4
416	PRKCI
416	LLGL2
416	PARD6B
417	PRKCI
417	LLGL1
417	PARD6B
418	NBN
418	BRCA1
418	MRE11A
418	RAD50
419	EED
419	RBBP4
419	SUZ12
419	EZH2
419	AEBP2
420	GPAA1
420	PIGK
420	PIGT
420	PIGS
420	PIGU
421	KIN
421	PCNA
421	RPA1
422	HNRNPA2B1
422	PTGES3
422	PDCD6
423	TOR1A
423	TOR1B
424	POLA1
424	CCNA2
424	CDK2
424	RFC4
424	RFC2
424	RFC1
424	RFC5
424	RFC3
424	POLA2
425	PARP1
425	POLA1
425	TOP1
425	RPA2
425	LIG1
425	CCNA2
425	CDK2
425	RPA1
425	POLD1
425	RPA3
425	RFC2
425	RFC1
425	POLE
426	CDK1
426	PARP1
426	POLA1
426	TOP1
426	CCNB1
426	RPA2
426	CCNA2
426	RPA1
426	POLD1
426	RPA3
426	RFC2
426	RFC1
426	POLE
427	CDK7
427	CCNH
428	CDK7
428	CCNH
428	MNAT1
429	HNF4A
429	SUB1
430	ERCC2
430	ERCC3
430	GTF2H1
430	CDK7
430	CCNH
430	MNAT1
430	GTF2H2
430	GTF2H3
430	GTF2H5
430	GTF2H4
431	ERCC2
431	CDK7
431	CCNH
431	MNAT1
432	ERCC3
432	GTF2H1
432	GTF2H2
432	GTF2H3
432	GTF2H4
433	PCNA
433	KIAA0101
434	KIAA0101
434	ING1
435	ACTB
435	TJP1
435	DTNA
436	NCOA1
436	SRA1
437	XPO1
437	SNUPN
437	RAN
438	RBX1
438	SKP1
438	CUL1
438	FBXW11
439	ESR1
439	BCL3
439	RELA
439	NCOA3
440	PML
440	ZMYM2
441	SUMO1
441	ZMYM2
442	CCDC85B
442	MCRS1
443	SNX1
443	SNX6
444	SNX2
444	SNX1
444	VPS26B
444	VPS35
444	VPS29
445	BCL2
445	CASP8
445	BFAR
446	CYTH3
446	GRASP
447	IFI35
447	NMI
448	CD8A
448	LCK
449	SNRPB
449	SNRPE
449	SNRPF
449	SNRPG
449	SNRPD1
449	SNRPD2
449	SNRPD3
449	YBX1
449	SNRNP35
449	SRSF7
449	SNRNP48
449	PDCD7
449	TOE1
449	SNRNP25
449	PRKRIP1
450	FGF2
450	API5
451	SNX2
451	SNX4
451	SNX1
452	PKHD1
452	PKD2
453	SNX2
454	CCNT1
454	CDK9
455	CCNT2
455	CDK9
456	CCNK
456	CDK9
457	PDXK
457	POLB
457	XRCC1
457	LIG3
457	NEIL2
458	PDXK
458	POLB
458	XRCC1
458	LIG3
458	NEIL1
459	BIRC5
459	EVI5
459	AURKB
459	INCENP
460	PRNP
461	LIN7A
461	MPP6
462	AP1G1
462	RABEP1
463	SNX2
463	SNX4
463	LEPR
463	SNX1
464	PCNA
464	XRCC6
464	XRCC5
465	SNX2
465	SNX4
465	INSR
465	SNX1
466	ATP5L
466	HSPD1
466	SDHA
466	HSPA9
466	FXN
466	LYRM4
466	AFG3L2
467	SNX2
467	SNX4
467	EGFR
467	SNX1
468	SNX2
468	SNX4
468	PDGFRA
468	SNX1
469	EIF3F
469	EIF3D
469	EIF3H
469	EIF3G
469	EIF3J
469	EIF3B
469	EIF3E
469	EIF3I
469	EIF3A
469	EIF3M
469	EIF3C
469	EIF3K
469	EIF3L
470	POLA1
470	PRIM1
470	PRIM2
470	POLA2
471	TFRC
471	SNX1
472	GTF3C1
472	GTF3C2
472	GTF3C4
472	GTF3C5
472	GTF3C3
473	TOP1
473	SUB1
473	GTF3C1
473	GTF3C2
473	GTF3C4
473	GTF3C5
473	GTF3C3
474	POLA1
474	TOP1
474	TOP2A
474	PCNA
474	RPA1
474	POLD1
474	RFC1
474	POLD2
474	PRIM1
474	PRIM2
474	POLE2
474	POLE
474	POLA2
474	POLD3
474	POLD4
474	POLE4
474	POLE3
475	GTF3C1
475	GTF3C2
475	GTF3A
475	GTF3C4
475	GTF3C5
475	GTF3C3
476	BDP1
476	TBP
476	GTF3C1
476	GTF3C2
476	GTF3A
476	BRF1
476	GTF3C4
476	GTF3C5
476	GTF3C3
477	XPO1
477	BIRC5
477	AURKB
478	XPO1
478	BIRC5
479	BIRC5
479	CDCA8
479	AURKB
479	INCENP
480	BIRC5
480	CDCA8
480	INCENP
481	OXSR1
481	WNK1
482	WNK1
482	STK39
483	HIP1R
483	CTTN
484	PPP2R1A
484	RFC2
485	PPP2R1A
485	RFC4
486	ATR
486	HDAC2
487	ATR
487	CHD4
487	HDAC2
488	CPLX1
488	SNAP25
488	VAMP2
488	STX1A
488	CPLX3
489	SNAP25
489	VAMP2
489	STX1A
489	CPLX4
489	CPLX3
490	CPLX1
490	SNAP25
490	VAMP2
490	STX3
490	STX1A
490	CPLX4
490	CPLX3
491	CPLX1
491	STX3
491	CPLX3
492	NUDT21
492	DHX16
492	PCF11
492	ERCC3
492	SFPQ
492	U2AF2
492	PTBP1
492	MRE11A
492	U2AF1
492	TJP1
492	CAPRIN1
492	CPSF6
492	CPSF7
492	GTF2H4
492	CLP1
492	CPSF3
493	GEMIN2
493	SNRPB
493	GEMIN4
493	SNRPE
493	SNRPF
493	SNRPG
493	SNRPD1
493	SNRPD2
493	SNRPD3
493	SMN1
493	SMN2
493	GEMIN5
493	GEMIN6
493	GEMIN7
493	GEMIN8
493	DDX20
493	STRAP
494	CPSF4
494	CPSF1
494	FIP1L1
494	CPSF2
494	CPSF3
495	CSTF2
495	CSTF1
495	CSTF3
496	CSTF2
496	CSTF1
496	CPSF1
496	CSTF3
496	SYMPK
496	CPSF2
496	CPSF3
497	SNRPA
497	DDX5
497	SFPQ
497	NONO
498	HAT1
498	NASP
498	HIST1H4A
498	HIST1H3A
498	RBBP4
498	CHAF1A
498	CHAF1B
498	IPO4
498	ASF1B
498	ASF1A
499	HAT1
499	NASP
499	HIRA
499	HIST1H4A
499	H3F3A
499	H3F
499	RBBP4
499	IPO4
499	ASF1B
499	ASF1A
500	FANCG
500	FANCA
500	FANCC
500	FANCM
500	FANCB
500	FANCE
500	FANCF
500	FANCL
501	CPSF3L
501	INTS3
501	INTS5
501	INTS8
501	INTS1
501	INTS12
501	INTS4
501	INTS2
501	INTS9
501	INTS7
501	INTS10
501	INTS6
502	SAC3D1
502	BRCA2
502	SHFM1
502	CPSF3L
502	INTS5
502	INTS8
502	INTS4
502	LENG8
502	INTS2
502	INTS9
502	INTS7
502	INTS10
502	INTS6
503	POLR2A
503	POLR2B
503	CPSF3L
503	INTS3
503	INTS5
503	INTS8
503	INTS1
503	INTS12
503	INTS4
503	INTS2
503	INTS9
503	INTS7
503	INTS10
503	INTS6
504	EP300
504	ING1
505	HDAC1
505	ING1
506	PCNA
506	EP300
506	ING1
507	RBX1
507	CUL4A
507	CUL4B
507	DDB1
507	DDB2
508	RNF40
508	UBE2E1
508	RNF20
509	ACTL6A
509	ACTB
509	EP400
509	RUVBL2
509	RUVBL1
509	TRRAP
510	CDC73
510	CTR9
510	PAF1
510	LEO1
510	WDR61
511	SKIV2L
511	TTC37
511	WDR61
512	SNAP23
512	STX4
512	VAMP3
512	VAMP8
513	ACTL6A
513	MYC
513	RUVBL2
513	RUVBL1
513	TRRAP
514	NCBP2
514	NCBP1
515	ACTL6A
515	RUVBL2
515	RUVBL1
516	NCBP2
516	NCBP1
516	PHAX
517	ACTL6A
517	TRRAP
518	XPO1
518	NCBP2
518	RAN
518	NCBP1
518	PHAX
519	EED
519	EZH2
519	SIRT1
520	HSPA8
520	SKP1
520	RING1
520	BCOR
520	RYBP
520	KDM2B
520	RNF2
520	PCGF1
521	CENPC
521	ITGB3BP
521	CENPP
521	CENPU
521	CENPQ
521	CENPL
521	APITD1
521	CENPT
521	CENPN
521	CENPK
521	CENPO
521	CENPH
521	CENPM
522	SART1
522	HNRNPR
522	PLRG1
522	AQR
522	SYNCRIP
522	CDC40
522	SF3B1
522	SNRNP200
522	PRPF6
522	SLU7
522	SYF2
522	HNRNPC
522	SNRPB2
522	HNRNPA1
522	SNRPA1
522	PABPC1
522	SNRPB
522	DDX5
522	HNRNPA2B1
522	HNRNPH1
522	RBMX
522	EIF4A3
522	MTREX
522	HNRNPA3
522	HNRNPM
522	HNRNPF
522	MAGOH
522	HNRNPK
522	SNRPE
522	SNRPF
522	SNRPG
522	LSM3
522	SNRPD1
522	SNRPD2
522	SNRPD3
522	HNRNPU
522	U2AF1
522	SRSF1
522	SF3A3
522	SF3B2
522	PRPF4B
522	SNW1
522	FRG1
522	DHX8
522	EFTUD2
522	SF3B3
522	SF3A2
522	SF3A1
522	ZCCHC8
522	PRPF8
522	CWC27
522	ALYREF
522	SRRM1
522	CACTIN
522	DHX38
522	PPWD1
522	DGCR14
522	SNRNP40
522	CDC5L
522	GPATCH1
522	WDR83
522	DDX23
522	CRNKL1
522	PPIL3
522	PNN
522	DHX35
522	CWC22
522	XAB2
522	RBM22
522	CWC15
522	TFIP11
522	DDX41
522	RALY
522	ISY1
522	PRPF19
522	PPIE
522	SRRM2
522	LSM2
522	PPIL1
522	RBM8A
523	PLRG1
523	BCAS2
523	HSPA8
523	GCN1
523	CDC5L
523	PRPF19
524	SFI1
524	PPM1D
524	PLRG1
524	SF3B1
524	BCAS2
524	SNRPA
524	SNRPA1
524	HSPA8
524	TOP2A
524	TCF4
524	SFPQ
524	RBMX
524	PPP1CA
524	SNRPD1
524	SNRPD2
524	SNRPD3
524	PRKDC
524	SRSF2
524	SRSF1
524	ILF2
524	SF3B2
524	DYNC1H1
524	SF3B4
524	BZW1
524	SRRM1
524	GCN1
524	CDC5L
524	CWC15
524	PRPF19
524	SCAF8
525	PIK3C2A
525	PIK3C2B
525	EGFR
525	ERBB2
526	CHMP2A
526	CHMP1B
526	CHMP4C
526	CHMP6
526	CHMP4A
526	CHMP4B
526	CHMP1A
526	CHMP5
526	CHMP2B
526	CHMP3
527	VPS36
527	SNF8
527	VPS25
528	NBN
528	XRCC6
528	XRCC5
528	LIG4
528	MRE11A
528	XRCC4
528	RAD50
529	NCBP1
529	NECAB3
530	SUPT5H
530	HTATSF1
530	NCL
530	POLR2A
530	CDK9
531	VPS37C
531	TSG101
531	VPS28
532	PARP1
532	XRCC6
532	XRCC5
532	MRE11A
532	TERF2
532	RAD50
532	TERF2IP
533	E2F6
533	GJB3
533	MAX
533	RING1
533	TFDP1
533	MGA
533	YAF2
533	L3MBTL2
533	EHMT2
533	RNF2
533	PCGF6
533	EHMT1
534	PRPF8
534	SRRM1
535	TERF1
535	TERF2
535	ACD
535	TINF2
535	POT1
535	TERF2IP
536	TERF2
536	ACD
536	TINF2
536	POT1
537	RPN1
537	RPN2
537	DDOST
537	STT3A
537	DAD1
537	MAGT1
538	RPN1
538	RPN2
538	DDOST
538	DAD1
538	TUSC3
538	STT3B
538	MAGT1
539	TERF1
539	ACD
539	TINF2
539	POT1
540	TNKS
540	TERF1
540	TINF2
541	TERF1
541	TERF2
541	RAD50
541	ACD
541	TINF2
541	POT1
541	TERF2IP
542	TERF2
542	TERF2IP
543	TNKS
543	TERF1
543	TERF2
543	TINF2
543	POT1
543	TERF2IP
544	ARNT
544	AHR
544	RBX1
544	TBL3
544	CUL4B
544	DDB1
545	RBX1
545	CUL4A
545	DDB1
545	DET1
545	RFWD2
546	RBX1
546	SKP1
546	CUL1
546	FBXW7
547	WRN
547	TERF2
548	BLM
548	TERF2
549	TNKS
549	TERF1
549	TNKS2
550	XRCC6
550	XRCC5
550	TERF2
551	GTF2A1
551	GTF2A2
551	TERF2
552	HNRNPR
552	SSB
552	NPM1
552	HSPA5
552	PABPC1
552	H2AFX
552	CALR
552	CALM1
552	CAL
552	HIST1H4A
552	SSRP1
552	HIST3H2BB
552	EIF3L
552	SUPT16H
553	SPOP
553	BMI1
553	CUL3
554	SPOP
554	H2AFY
554	CUL3
555	NPM1
555	PARP1
555	HSPA5
555	H2AFX
555	CALR
555	DHX30
555	HIST3H2BB
556	NPM1
556	HSPA5
556	H2AFX
556	YBX3
556	CALR
556	HIST1H2BB
556	HIST1H4A
556	HIST3H2BB
556	PTCD3
556	HIST1H2BM
557	ARID1A
557	ACTL6A
557	VDR
557	SMARCA2
557	SMARCA4
557	TOP2B
557	SMARCB1
557	CHAF1A
557	SMARCC2
557	SMARCC1
557	SMARCE1
557	SMARCD1
557	BAZ1B
557	SUPT16H
558	PRMT5
558	FBL
558	C1QBP
558	TUBA1A
558	PRMT1
558	TUBB1
559	REST
559	SIN3A
559	RCOR1
560	HDAC2
560	RCOR1
561	ARID1A
561	ACTL6A
561	SMARCA2
561	SMARCA4
561	SMARCB1
561	SMARCC2
561	SMARCC1
561	SMARCE1
561	SMARCD1
562	ACTL6A
562	SMARCA4
562	MLLT1
562	SMARCB1
562	ARID1B
562	SMARCC2
562	SMARCC1
562	SMARCD2
562	SMARCE1
562	SMARCD1
563	SPOP
563	CUL3
563	DAXX
564	PPP4C
564	PPP4R2
565	APAF1
565	CYCS
566	RB1
566	E2F1
567	ARID1A
567	ACTL6A
567	SMARCA4
567	MLLT1
567	SMARCB1
567	SMARCC2
567	SMARCC1
567	SMARCD2
567	SMARCE1
567	SMARCD1
568	MEN1
568	POLR2B
568	WDR5
568	KDM6B
568	DPY30
568	ASH2L
568	KMT2B
569	TBL1X
569	SKP1
569	SIAH1
569	CACYBP
570	MEN1
570	SERPIND1
570	HCFC1
570	WDR5
570	KMT2A
570	KDM6B
570	ASH2L
571	SAP18
571	SMARCA5
571	KDM1A
571	SAP30
571	MTA2
571	MBD3
571	TBP
571	TAF1
571	TAF6
571	SMARCA2
571	WDR5
571	RAN
571	KMT2A
571	RBBP4
571	SMARCB1
571	CHD3
571	HDAC1
571	EFTUD2
571	KDM6B
571	TAF12
571	RBBP7
571	TAF9
571	SMARCC2
571	HDAC2
571	SYMPK
571	SMARCC1
571	SIN3A
571	CPSF2
572	RBX1
572	SKP1
572	FBXW8
572	GLMN
573	RBBP4
573	CHAF1A
573	CHAF1B
574	RBX1
574	SKP1
574	CUL1
574	FBXO11
575	SNRNP70
575	SNRPA1
575	TRA2B
575	SRRM1
575	SRRM2
576	ARRB2
576	MAP2K4
576	MAP3K5
577	ARRB2
577	MAP2K4
577	MAPK10
578	MAP3K11
578	SH3RF1
579	RAMP1
579	CALCRL
580	SYNCRIP
580	CSDE1
580	PABPC1
580	HNRNPD
580	PAIP1
581	DDX3X
581	HNRNPDL
581	DHX15
581	DDX5
581	HNRNPH1
581	FUS
581	HNRNPM
581	HNRNPU
581	EWSR1
581	ILF2
581	ILF3
581	TARDBP
581	DGCR8
581	DDX1
581	TAF15
581	DDX17
581	SRPK1
581	HNRNPUL1
581	DROSHA
581	RALY
582	FOXO3
582	KAT2B
583	SEPT2
583	SEPT7
583	SEPT8
583	SEPT11
583	SEPT9
584	KAT7
584	JADE1
584	MEAF6
584	ING4
585	RB1
585	TCF3
585	TAL1
585	LMO2
585	LDB1
586	TRIP4
586	ASCC3
586	ASCC1
586	ASCC2
587	CTSA
587	GLB1
587	GALNS
587	NEU1
588	IKBKAP
588	ELP2
588	ELP4
588	ELP3
589	ZFP36
589	AGO4
590	ZFP36
590	AGO2
591	KMT2D
591	TUBB
591	TUBA4A
591	NCOA6
591	KDM6B
591	KMT2C
591	ASH2L
592	HDAC3
592	NCOR1
592	SMARCA4
592	SMARCB1
592	TRIM28
592	SF3B3
592	SF3A1
592	SRCAP
592	SMARCC2
592	SMARCC1
593	LIN7A
593	CASK
593	DLG1
594	BMI1
594	RING1
594	PHC2
594	RNF2
595	SUV39H1
595	RBL2
595	EP300
595	HDAC1
595	E2F5
596	RBL1
596	SMAD3
596	SMAD4
596	TFDP1
596	E2F5
596	E2F4
597	HDAC3
597	NCOR1
597	SAP30
597	HDAC1
597	HDAC2
597	SIN3A
597	NCOR2
598	IL6ST
598	STAT3
598	PRKCD
599	STAT3
599	EP300
599	SMAD1
600	STAT3
601	RAF1
601	GNG2
601	RACK1
602	XRCC6
602	XRCC5
602	PRKDC
602	HDLBP
603	GNG2
603	GNB1
603	GNAS
604	CACNA1A
604	GNG2
604	GNB1
605	GNG2
605	GNB1
605	HDAC5
606	HDAC4
606	GNG2
606	GNB1
607	FANCG
607	FANCA
607	FANCC
607	FANCE
607	FANCF
608	FANCG
608	FANCA
608	FANCC
608	FAAP100
608	FANCM
608	FANCB
608	FANCE
608	FANCF
608	FANCL
609	FANCG
609	FANCA
609	FANCC
609	FANCM
609	FANCB
609	FANCE
609	FANCF
610	CDK4
610	CCND1
610	CDKN1A
611	CCNE1
611	CDK2
611	CDKN1B
612	NPM1
612	PARP1
612	NCL
612	HSPA4
612	MYH10
612	ACTB
612	TOP2B
612	TLE1
612	NONO
612	RAD50
613	PRMT1
614	SF3A3
614	SF3A2
614	SF3A1
615	SF3B1
615	SF3B2
615	SF3B3
615	SF3B4
615	PHF5A
615	DDX42
615	SF3B5
615	SF3B6
616	SNRPE
616	SNRPF
616	SNRPG
617	GEMIN2
617	SNRPA
617	SNRPB
617	GEMIN4
617	SNRPE
617	SNRPF
617	SNRPG
617	SNRPD1
617	SNRPD2
617	SNRPD3
617	SNRPN
617	GEMIN5
617	GEMIN6
617	GEMIN7
617	DDX20
618	GEMIN2
618	LGALS1
618	LGALS3
618	GEMIN4
618	SNRPD1
618	SNRPD2
618	SNRPD3
618	SMN1
618	SMN2
619	GEMIN2
619	SNRPB2
619	SNRPB
619	TBP
619	POLR2A
619	GEMIN4
619	SNRPN
619	GTF2B
619	DHX9
619	DDX20
620	GEMIN4
620	PPP4C
620	PPP4R2
620	DDX20
621	GEMIN2
621	SNRPA
621	SNRPB
621	GEMIN4
621	SMN1
621	SMN2
621	GEMIN5
621	GEMIN6
621	GEMIN7
621	DDX20
621	STRAP
622	GEMIN2
622	GEMIN4
622	SMN1
622	SMN2
622	GEMIN5
622	GEMIN6
622	GEMIN7
622	DDX20
623	NUDT21
623	POLR2A
623	UBAP2L
623	CPSF6
623	ITCH
624	NUDT21
624	POLR2A
624	EWSR1
624	UBAP2L
624	CPSF6
624	ITCH
625	NUDT21
625	POLR2A
625	CPSF6
625	ITCH
626	SMAD7
626	TGFBR1
626	TGFBR2
626	SMURF2
627	TGFBR1
627	TGFBR2
627	PARD6A
628	SMAD7
628	TGFBR1
628	SMURF1
629	KCNA2
629	CNTNAP1
629	KCNA1
629	RTN4
630	NGFR
630	LINGO1
630	RTN4R
631	ITGA4
631	PXN
631	GIT1
632	AXIN1
632	DIXDC1
632	MAP3K4
633	CDH1
633	SMAD3
633	NEDD9
633	ANAPC10
634	ZFYVE9
634	PML
634	SMAD3
634	SMAD2
635	AXIN1
635	TGFBR1
635	SMAD3
636	SMAD3
636	EP300
636	PIAS3
637	APC
637	IQGAP1
638	APC
638	CLIP1
638	IQGAP1
639	BUB1
639	BUB3
640	SNAP25
640	VAMP2
640	VAMP3
640	STX12
640	NAPB
641	MTOR
641	RICTOR
641	MLST8
642	MALT1
643	BCL10
644	BCL10
644	MALT1
645	BCL10
645	FADD
645	CASP8
645	MALT1
646	IKBKB
646	CHUK
646	BCL10
646	CASP8
646	MALT1
647	TRAF6
648	CHUK
648	ESR1
648	NCOA3
649	ITGB2
649	CD63
649	ITGAM
650	AR
650	AKT1
650	APPL1
651	NAE1
651	UBA3
652	CDC34
652	RBX1
652	CUL1
653	CHEK1
653	CUL4A
654	RBX1
654	CUL4A
654	DDB1
654	CDT1
655	COPS2
655	GPS1
655	COPS6
655	COPS5
655	COPS8
655	COPS4
655	COPS7A
655	COPS3
656	HDAC3
656	TBL1X
656	KDM4A
656	NCOR1
656	KIF11
656	GPS2
656	ZBTB33
656	CORO2A
656	TBL1XR1
656	TRIM33
657	RBX1
657	SKP1
657	CUL1
657	NEDD8
657	BTRC
658	RBX1
658	SKP1
658	SMAD3
658	CUL1
658	BTRC
659	RBX1
659	SKP1
659	CUL1
659	FBXO18
660	RBX1
660	SKP1
660	CUL1
660	ZC3HC1
661	RAD1
661	HUS1
661	LIG1
661	RAD9A
662	RAD1
662	HUS1
662	FEN1
662	RAD9A
663	RAD1
663	HUS1
663	POLB
663	RAD9A
664	RFC4
664	RFC2
664	RFC5
664	RFC3
664	CHTF18
665	RFC4
665	RFC2
665	RFC5
665	RFC3
666	BRD4
666	RFC4
666	RFC2
666	RFC1
666	RFC5
666	RFC3
667	ORC2
667	CDC6
667	MCM8
668	GMNN
668	ORC1
668	BRCA1
668	CDC6
669	CSTF2
669	BRCA1
669	CSTF1
669	CSTF3
669	BARD1
670	POLR2A
670	BRCA1
670	BARD1
671	BRCA1
671	LMO4
671	LDB1
671	RBBP8
672	BRCA1
672	LMO4
672	RBBP8
673	NBN
673	MRE11A
673	ATM
673	MDC1
673	RAD50
673	FANCD2
674	NBN
674	MRE11A
674	MDC1
674	RAD50
675	TERF1
676	ERCC1
676	RAD52
676	ERCC4
677	BLM
677	TOP3A
678	TP53
678	MSH2
678	MSH6
678	BLM
678	RAD51
679	MSH2
679	MSH6
679	PRKCZ
680	XRCC2
680	RAD51D
680	BLM
681	PCNA
682	CHAF1A
682	SETDB1
682	MBD1
683	HIRA
683	HIST1H3A
683	CHAF1A
683	CHAF1B
683	ASF1B
683	ASF1A
684	CHEK2
684	NASP
684	ST13
684	HIST1H3A
684	CHAF1B
684	ASF1B
684	ASF1A
685	SP1
685	ATF7IP2
686	SETDB1
686	ATF7IP
686	MBD1
687	CTGF
687	ACTB
687	ACTG1
688	CFL1
688	ACTB
688	CAP1
689	RAP1A
689	APBB1IP
690	CHRNB2
690	CHRNA4
690	VSNL1
691	LAMA5
691	LAMB1
691	LAMC1
691	ITGB4
691	ITGA6
692	LAMA5
692	LAMC1
692	ITGB4
692	ITGA6
692	LAMB2
693	ITGB4
693	ITGA6
693	CD151
694	FYN
694	ITGB4
694	ITGA6
695	LAMA5
695	ITGB4
695	ITGA6
696	ITGB4
696	ITGA6
697	TGFB1
697	ITGAV
697	ITGB8
697	MMP14
698	ITGAV
698	ITGB5
698	PLAUR
699	ITGAV
699	ITGB5
699	ICAM4
700	ITGAV
700	ITGB5
700	ADAM9
701	ITGAV
701	SPP1
701	ITGB5
702	CYR61
702	ITGAV
702	ITGB5
703	ITGAV
703	ITGB5
704	FN1
704	FYN
704	ITGB6
705	ITGAV
705	SPP1
705	ITGB6
706	ITGAV
706	TGFB3
706	ITGB6
707	ITGAV
707	ITGB6
708	ITGB3
708	FCER2
708	ITGAV
708	CD47
709	ITGB3
709	ITGAV
709	CD47
710	ITGB3
710	ITGAV
710	SPP1
711	ITGB3
711	ITGAV
711	ADAM15
712	ITGB3
712	ITGAV
712	F11R
713	ITGB3
713	ITGAV
713	PXN
713	PTK2B
714	ADAM23
714	ITGB3
714	ITGAV
715	ITGB3
715	ITGAV
715	COL4A3
716	PLPP3
716	ITGB3
716	ITGAV
717	EGFR
717	ITGB3
717	ITGAV
718	ITGB3
718	ITGA2B
718	CD9
719	ITGB3
719	ITGAV
719	LAMA4
720	FN1
720	TGM2
721	FN1
721	ITGB3
721	ITGA2B
721	TGM2
722	ITGB3
722	ITGA2B
722	SRC
722	CD47
723	ITGB3
723	ITGA2B
723	TLN1
724	ITGB3
724	ITGA2B
724	CIB1
725	ITGB3
725	ITGA2B
726	ITGB3
726	ITGA2B
726	F11R
727	FN1
727	ITGB1
727	ITGA5
727	TGM2
728	ITGB1
728	ITGA5
728	ADAM15
729	ITGB1
729	ITGA5
730	ITGB1
730	SLC3A2
730	SLC7A8
731	ITGB1
731	CD151
731	ITGA7
732	ITGB1
732	ITGA3
732	BSG
733	ITGB1
733	CD63
733	ITGA3
734	ITGB1
734	ITGA3
734	CD151
735	ITGB1
735	THBS1
735	ITGA3
736	ITGB1
736	ITGA3
737	ITGB1
737	ITGA6
737	CD151
738	ITGB1
738	ITGA6
739	ITGB1
739	RAP1A
739	PKD1
740	ITGB1
740	ITGA4
740	EMILIN1
741	ITGB1
741	ITGA4
742	ITGB1
742	ITGA4
742	CD81
743	ITGB1
743	ITGA4
743	CD53
744	ITGB1
744	ITGA4
744	VCAM1
745	ITGB1
745	ITGA4
745	JAM2
746	ITGB1
746	ITGA4
746	CD47
747	ITGB1
747	THBS1
747	ITGA4
748	ITGB1
748	ITGA4
748	THBS2
749	ITGB1
749	ITGA2
749	CD47
750	CHAD
750	ITGB1
750	ITGA2
751	ITGB1
751	COL6A3
751	ITGA2
752	ITGB1
752	ITGA2
753	ITGB1
753	COL6A3
753	ITGA1
754	ITGB1
754	PTPN2
754	ITGA1
755	ITGB1
755	ITGAV
756	CYR61
756	ITGB1
756	ITGA6
757	ITGB1
757	ADAM9
757	ITGA9
758	ITGB1
758	VCAM1
758	ITGA9
759	ITGB1
759	TNC
759	ITGA9
760	ITGB1
760	ITGA9
761	ITGB1
761	ADAM15
761	ITGA9
762	VEGFD
762	ITGB1
762	ITGA9
763	ADAM12
763	ITGB1
763	ITGA9
764	EGFR
764	CBLB
764	UBB
764	SH3KBP1
765	CAV1
766	ESR1
766	SRC
766	PIK3R1
766	BCAR1
767	SRC
767	PRKCD
767	CDCP1
768	CBL
768	PIK3R1
768	CRK
768	BCAR1
768	GRB2
768	SOS1
768	SH3KBP1
769	WASL
770	ERBB2
770	SHC1
770	MEMO1
771	LAT
771	VAV1
771	PLCG1
771	CBL
771	PIK3R1
771	GRB2
771	LCP2
772	CBL
772	GRB2
772	LCP2
773	CBL
773	SHC1
773	GRB2
773	LCP2
774	LYN
774	PLCG2
774	GRB2
774	LCP2
775	PLCG2
775	PRKCA
775	PLD1
776	MET
776	HGF
777	EGFR
777	CBL
777	GRB2
778	LAT
778	PLCG1
778	SOS1
778	LCP2
779	LCK
779	CAMLG
780	FYN
780	LYN
780	FGFR2
780	CBL
781	FYN
781	YES1
781	LYN
781	RASA1
782	LCK
782	FYN
782	LYN
782	MS4A1
783	RAB5A
783	EEA1
783	VPS39
783	VPS16
783	VPS11
783	VPS18
784	CD19
784	VAV1
784	PIK3R1
785	INSR
785	PIK3R1
785	IRS1
785	KHDRBS1
786	RASA1
786	KHDRBS1
787	BIRC5
787	AURKB
787	INCENP
788	BIRC5
789	AURKA
789	BIRC5
789	RASA1
790	BIRC5
790	CDCA8
790	AURKB
791	SRSF4
791	SRSF5
791	SRSF6
791	PPARGC1A
792	FOXO1
792	FHL2
792	SIRT1
793	SIRT1
794	FOXO3
794	SIRT1
795	NELFE
795	NELFCD
795	NELFB
795	NELFA
796	CCNT1
796	NCL
796	POLR2A
796	CDK9
796	CPSF2
796	PPARGC1A
797	MED14
797	CCNT1
797	BRD4
797	MED24
797	CDK9
797	MED1
797	MED12
797	MED17
798	CCNT1
798	BRD4
798	CDK9
798	MED1
799	CCNT1
799	HEXIM1
799	CDK9
800	SUPT5H
800	CCNT1
800	CDK9
801	CCNT1
801	CDK9
801	SKP2
802	CCNT1
802	GRN
802	CDK9
803	POLR2A
803	CDK7
803	RBPJ
803	EP300
803	SUPT6H
803	CREBBP
804	CCNT1
804	POLR2A
804	NOTCH1
804	CDK8
804	CDK7
804	CDK9
804	RBPJ
804	EP300
804	MED1
804	SUPT6H
804	MAML1
804	INPP5K
804	SUPT16H
805	MYOD1
805	CREBBP
805	KAT2B
806	EP300
806	SMAD1
807	MYC
807	ZBTB17
807	DNMT3A
808	MYC
808	MAX
808	KAT2A
808	TRRAP
809	ESR1
809	CDK7
809	CCNH
809	MNAT1
809	MTA1
809	HDAC2
810	ESR1
810	TP53
810	MDM2
811	FOXO3
811	TP53
812	TP53
812	SP1
813	TP53
814	POLR2D
814	GTF2F2
814	POLR2C
814	POLR2E
814	POLR2A
814	POLR2B
814	GTF2F1
814	POLR2I
814	POLR2H
814	POLR2J
814	POLR2K
814	POLR2F
814	POLR2G
814	POLR2L
814	GTF2B
814	RPAP1
814	CTDP1
815	POLR2D
815	POLR2C
815	POLR2E
815	POLR2A
815	POLR2B
815	POLR2I
815	BRCA1
815	POLR2H
815	POLR2J
815	POLR2K
815	POLR2F
815	POLR2G
815	POLR2L
816	CLDN1
816	MMP14
817	FOS
817	JUN
817	SMAD3
817	SMAD4
818	FOS
818	JUN
818	NFATC2
819	FOS
819	JUN
819	ERG
820	FOS
820	JUN
820	ETS2
821	ESR1
821	JUN
821	GRIP1
822	ESR1
822	JUN
823	SMAD4
823	TRIM33
824	CTCF
824	SMAD3
824	SMAD4
825	SP1
825	SMAD3
825	SMAD4
826	FOXO3
826	FOXG1
826	SMAD3
826	SMAD4
827	JUN
827	SMAD3
827	SMAD4
828	TIMP1
828	MMP9
828	LRP1
829	A2M
829	ANXA6
829	LRP1
830	APP
831	CHEK1
831	CUL1
832	RBX1
832	SKP1
832	GPS1
832	SKP2
832	CUL1
832	CUL2
832	CUL3
832	COPS8
833	DDX58
833	TRIM25
834	CDC20
834	MAD2L1
835	HMGB1
835	CSNK2A2
835	CSNK2B
835	CSNK2A1
836	CSNK2A2
836	CSNK2B
836	CSNK2A1
837	SETD1A
837	OGT
837	SIN3B
837	SAP30
837	HSP90AA1
837	SP1
837	HSPA5
837	HSPA8
837	HSPA4
837	HCFC1
837	WDR5
837	RBBP4
837	HDAC1
837	RBBP7
837	HDAC2
837	SIN3A
837	SUDS3
837	ASH2L
838	NBN
838	ATM
839	NFKBIA
839	SKP1
839	CUL1
839	BTRC
840	NFKBIA
840	SKP1
840	CUL1
840	FBXW11
841	ITGB5
841	PXN
841	PTK2
842	IKBKB
842	CHUK
842	TROVE2
842	NCOA2
842	CREBBP
842	IKBKG
842	NCOA3
843	TROVE2
843	NCOA2
843	NCOA1
843	CREBBP
844	WDR5
844	KDM6B
844	WDR82
844	CXXC1
844	ASH2L
844	SETD1B
845	SETD1A
845	WDR5
845	KDM6B
845	WDR82
845	CXXC1
845	ASH2L
846	LINGO1
846	RTN4R
846	TNFRSF19
847	RPA2
847	RPA1
847	RPA3
847	BLM
847	TOP3A
847	RMI1
848	FANCG
848	FANCA
848	RPA1
848	BLM
848	FANCC
848	TOP3A
848	FANCB
848	RMI1
848	FANCE
848	FANCF
848	FANCL
849	MALT1
849	TRAF6
850	TRAF2
850	MALT1
851	BCL10
851	UBE2V1
851	TAB2
851	MALT1
851	TRAF6
852	SETDB1
852	ATF7IP
853	BCL10
853	CARD11
853	MALT1
854	FYB
854	BCL10
854	CARD11
854	MALT1
855	JUND
855	FOSB
855	SMAD3
855	SMAD4
856	U2SURP
856	DHX15
856	SF3B1
856	DNAJC8
856	SMNDC1
856	SNRPB2
856	SNRPA1
856	HSPD1
856	SNRPB
856	U2AF2
856	SNRPE
856	SNRPF
856	SNRPG
856	SNRPD1
856	SNRPD2
856	SNRPD3
856	U2AF1
856	SRSF1
856	SF3A3
856	TRAP1
856	SF3B2
856	SF3B3
856	SF3B4
856	SF3A2
856	SF3A1
856	DDX46
856	PHF5A
856	CHERP
856	RBM17
856	SF3B5
856	HMG20B
856	PUF60
856	SF3B6
857	UBE2N
857	UBE2V2
858	SNRPB
858	SNRPE
858	SNRPF
858	SNRPG
858	SNRPD3
858	LSM11
858	LSM10
859	MAP3K7
859	TAB1
859	TAB2
860	ATF7IP
860	MBD1
861	FOXO3
861	SMAD3
861	SMAD4
862	SMAD3
862	FOXO1
862	SMAD4
863	SMAD3
863	FOXO4
863	SMAD4
864	SUV39H1
864	CBX5
864	MBD1
865	PRMT5
866	XRCC6
866	XRCC5
866	MRE11A
866	TERF2
866	RAD50
866	TINF2
866	TERF2IP
867	ITGB4
867	CD9
867	ITGA6
868	SKP1
868	CUL1
868	CRY1
868	FBXL3
869	SKP1
869	CUL1
869	CRY2
869	FBXL3
870	H2AFX
870	TP53BP1
870	MDC1
871	TP53BP1
871	MDC1
871	SMC1A
872	BRCA1
872	RAD50
873	CSTF2
873	BRCA1
873	BARD1
874	BRCA1
874	FAM175A
874	UIMC1
874	BARD1
875	BRCA1
875	UIMC1
875	RBBP8
875	BARD1
876	BACH1
876	BRCA1
876	BARD1
877	ERG
877	ETS2
878	ETS1
878	ETS2
879	MCM4
879	MCM7
879	MCM6
880	MCM4
880	MCM7
880	MCM2
880	MCM6
881	PCNA
881	RFC4
881	RFC2
881	RFC5
881	RFC3
881	CHTF18
882	CLDN1
882	MMP2
883	SOX2
883	POU5F1
884	POU2F1
884	SOX2
885	PAX6
885	SOX2
886	CHTF8
886	RFC4
886	RFC2
886	RFC5
886	RFC3
886	CHTF18
886	DSCC1
887	CHTF8
887	CHTF18
887	DSCC1
888	RAD1
888	HUS1
888	APEX1
888	RAD9A
889	RAD1
889	HUS1
889	RAD9A
890	ABL1
890	BRCA1
891	POLR2C
891	POLR2B
891	RPAP1
892	BRCA1
892	SMAD3
893	BRCA1
893	HDAC1
893	HDAC2
894	BACH1
894	NBN
894	BRCA1
894	MRE11A
894	TOPBP1
894	RAD50
894	RBBP8
894	BARD1
895	ITGB3
895	ITGAV
896	BACH1
896	BRCA1
896	MLH1
896	MSH6
896	TOPBP1
896	BARD1
897	BRCA1
897	BRCA2
897	BARD1
898	BRCA1
898	CTBP1
898	RBBP8
899	BRCA1
899	VCP
900	TP53
900	SIRT1
901	BRCA1
901	UBE2D3
901	BARD1
902	BRCA1
902	UBE2L3
902	BARD1
903	BRCA1
903	RAD51
904	POLR2D
904	GTF2F2
904	ERCC2
904	POLR2C
904	POLR2E
904	ERCC3
904	TBP
904	POLR2A
904	GTF2E1
904	GTF2E2
904	POLR2B
904	GTF2H1
904	GTF2F1
904	POLR2I
904	BRCA1
904	POLR2H
904	POLR2J
904	POLR2K
904	POLR2F
904	POLR2G
904	POLR2L
904	GTF2B
904	MED21
904	GTF2H2
904	GTF2H3
904	GTF2H4
905	VTN
905	ITGB3
905	ITGAV
906	SMARCA4
906	SMAD3
906	SMAD4
906	SMAD2
906	ARID1B
906	SMARCC2
906	CREBBP
906	SMARCC1
906	TRIM33
906	NCOA3
907	SMAD3
907	SMAD2
907	TRIM33
908	SRRM1
908	SRRM2
909	SMAD3
909	SMAD4
909	SMAD2
910	PFN1
910	HSPA8
910	VCP
910	ACTG1
910	CLTC
910	TUBB2B
911	PRMT5
911	CLNS1A
911	WDR77
912	ATRX
912	DAXX
913	AXIN1
913	TP53
913	HIPK2
913	DAXX
914	ATRX
914	DAXX
915	ITGB3
915	ITGAV
915	THBS1
916	KAT7
916	MEAF6
916	JADE2
916	ING4
917	KAT7
917	JADE3
917	MEAF6
917	ING4
918	ITGB3
918	ITGAV
918	NOV
919	FN1
919	ITGB1
919	ITGA5
919	NOV
920	ARID4B
920	SAP30
920	ARID4A
920	RBBP4
920	HDAC1
920	RBBP7
920	BRMS1L
920	HDAC2
920	SIN3A
920	SAP130
920	ING2
920	SUDS3
920	BRMS1
921	ACTL6A
921	SMARCB1
921	SMARCC2
921	SMARCC1
922	ITGB1
922	ITGA5
922	COL18A1
923	ACTL6A
923	KAT5
923	EP400
923	BRD8
923	EPC1
923	DMAP1
923	ING3
923	MORF4L1
923	RUVBL1
923	TRRAP
924	YEATS4
924	ACTL6A
924	EPC2
924	KAT5
924	EP400
924	BRD8
924	EPC1
924	MEAF6
924	DMAP1
924	ING3
924	MORF4L1
924	RUVBL2
924	RUVBL1
924	TRRAP
925	KAT7
925	JADE1
925	ING5
925	MEAF6
926	BRPF1
926	KAT6B
926	ING5
926	KAT6A
926	MEAF6
927	SUPT5H
927	SUPT4H1
928	SUPT5H
928	SUPT4H1
929	ITGB3
929	GP1BA
929	ITGA2B
929	CD9
929	CD47
930	CCNT1
930	BRD4
930	CDK9
931	CCNT1
931	BRD4
931	CDK9
932	SKP1
932	CUL1
932	FBXW11
933	RBX1
933	SKP1
933	CUL1
933	BTRC
934	ITGB3
934	ITGA5
934	COL6A3
935	NDUFS7
935	NDUFS3
935	NDUFB6
935	MT-ND1
935	NDUFA6
935	NDUFA9
935	NDUFAF1
936	ITGB1
936	ITGAV
936	SPP1
937	MT-ND1
937	MT-ND2
937	MT-ND3
937	NDUFAF1
938	GRB2
938	N/A
939	BCR/ABL FU
939	GRB2
939	SOS1
940	SHC1
940	GRB2
941	ITGB3
941	ITGA2B
941	PTK2
941	CD47
942	NOTCH1
942	RBPJ
942	MAML1
943	NDUFS2
943	NDUFS3
943	NDUFA9
944	NDUFS2
944	NDUFS3
944	MT-ND1
944	NDUFA9
945	NDUFA2
945	NDUFS2
945	NDUFS3
945	MT-ND1
945	NDUFA9
946	NDUFS4
946	NDUFA2
946	NDUFS5
946	NDUFS7
946	NDUFS2
946	NDUFS3
946	MT-ND1
946	NDUFV2
946	NDUFA6
946	NDUFA9
947	NDUFS4
947	NDUFA2
947	NDUFS5
947	NDUFS7
947	NDUFS2
947	NDUFS3
947	NDUFB6
947	MT-ND1
947	NDUFV2
947	NDUFA6
947	NDUFA9
948	NDUFS4
948	NDUFS7
948	NDUFV2
949	NOTCH1
949	RBPJ
950	RBPJ
950	SPEN
951	LAT
951	FCGR1A
951	PLCG2
951	SYK
952	LYN
952	FCGR1A
952	PLCG2
953	RBPJ
953	SNW1
953	NCOR2
954	PLCG2
954	LCP2
955	LAT
955	PLCG2
956	NDUFA4
956	NDUFAB1
956	NDUFB5
956	NDUFB3
956	NDUFB1
956	NDUFB6
956	NDUFB4
956	NDUFB8
956	NDUFB2
956	NDUFC2
956	NDUFB10
956	MT-ND4
956	MT-ND5
956	NDUFB7
956	NDUFB11
956	NDUFB9
957	XRCC6
957	XRCC5
957	YY1
958	NDUFA1
958	NDUFC1
958	NDUFS5
958	NDUFA3
958	NDUFA10
958	MT-ND1
958	MT-ND2
958	MT-ND3
958	MT-ND4L
958	MT-ND6
958	NDUFA8
958	NDUFA6
958	NDUFA9
959	NDUFS8
959	NDUFS4
959	NDUFA2
959	NDUFS7
959	NDUFS2
959	NDUFS6
959	NDUFS3
959	NDUFA7
959	NDUFV2
959	NDUFS1
959	NDUFV1
959	NDUFV3
959	NDUFA5
959	NDUFA11
959	NDUFA13
959	NDUFA12
960	CTBP2
960	CTBP1
960	SPEN
961	LAT
961	PLCG1
961	PIK3R1
961	GRB2
961	SOS1
962	CTBP1
962	SPEN
962	RBBP8
963	RBPJ
963	SPEN
963	RBBP8
964	RBPJ
964	CTBP1
964	SPEN
964	RBBP8
965	MT-CO2
965	GAPDH
965	ECSIT
965	NDUFAF1
965	TRAF6
966	PTF1A
966	TCF12
967	NDUFS3
967	TOMM20
967	ECSIT
968	NDUFA1
968	MT-CO2
968	MT-ND1
968	ECSIT
968	NDUFAF1
968	TRAF6
969	NDUFS3
969	ECSIT
969	NDUFAF1
970	MT-ND1
970	NDUFAF1
971	LCK
971	PIK3R1
971	NOTCH1
972	RBPJ
972	RING1
972	FHL1
973	YY1
973	NOTCH1
973	RBPJ
974	YY1
974	NOTCH1
975	NDUFS4
975	NDUFS7
975	NDUFS2
975	NDUFS6
975	NDUFB8
975	NDUFA10
975	NDUFV2
975	NDUFS1
975	NDUFV1
975	NDUFV3
975	NDUFA9
976	LAT
976	LCK
976	PLCG1
976	LCP2
977	LAT
977	PLCG1
977	CBL
978	LAT
978	GRB2
979	SMAD1
979	CREBBP
980	PSMB4
980	OAZ1
980	SMAD1
981	PLCG1
981	ITK
981	LCP2
982	VAV1
982	PLCG1
982	LCP2
983	CRK
983	BCAR1
983	DOCK1
984	ITK
984	LCP2
985	GNAI1
985	GPSM2
985	NUMA1
986	AXIN1
986	SMAD3
987	MTOR
987	RPTOR
987	MLST8
988	ITGB1
988	VEGFC
988	ITGA9
989	ITGB1
989	VEGFA
989	ITGA9
990	RBL1
990	SMAD3
990	TFDP1
990	E2F5
990	E2F4
991	ITGB1
991	ADAM8
991	ITGA9
992	MTOR
992	RPTOR
993	SMAD7
993	SMURF2
994	SMAD7
994	SMURF1
995	SMAD7
995	TGFBR1
995	TGFBR2
995	SMURF1
996	AXIN1
996	CTNNB1
996	GSK3B
996	PPP2R5A
997	AXIN1
997	APC
997	CTNNB1
998	TUBG1
998	APC
998	IQGAP1
998	TUBA1A
999	APC
999	IQGAP1
999	RAC1
1000	APC
1000	IQGAP1
1000	CDC42
1001	CCNE1
1001	CDK2
1001	CDKN1B
1001	CKS1B
1001	RBX1
1001	SKP1
1001	SKP2
1001	CUL1
1002	TGFB3
1002	TGFBR2
1003	TGFB1
1003	TGFBR2
1004	TGFB1
1004	TGFBR1
1004	TGFBR2
1005	TGFB3
1005	TGFBR1
1005	TGFBR2
1006	TGFB1
1006	TGFBR1
1006	TGFBR2
1007	HSP90AB1
1007	TARBP2
1007	AGO2
1007	DICER1
1008	PSMG4
1008	PSMG3
1009	PSMG1
1009	PSMG2
1010	ITGB1
1010	SLC7A8
1011	CKS1B
1011	RBX1
1011	SKP1
1011	SKP2
1011	CUL1
1012	FOXH1
1012	SMAD4
1012	SMAD2
1013	FOXH1
1013	SMAD2
1014	EEF1E1
1014	EPRS
1014	DARS
1014	IARS
1014	QARS
1014	RARS
1014	MARS
1014	AIMP1
1014	AIMP2
1014	KARS
1014	LARS
1015	TGFBR2
1016	BMP2
1016	BMP4
1016	BMPR1A
1017	NCOR1
1017	SKI
1017	HDAC1
1017	SIN3A
1018	POU2F2
1018	POU2F1
1018	NFKB1
1018	YY1
1018	RELA
1019	YY1
1019	RELB
1020	RBBP4
1020	HDAC1
1020	RBBP7
1020	HDAC2
1020	SIN3A
1021	MAX
1021	MXD1
1022	MYC
1022	MAX
1023	HDAC1
1023	HDAC2
1023	SIN3A
1024	MXD1
1024	HDAC2
1024	SIN3A
1025	NOP56
1025	RSL1D1
1025	SLC25A5
1025	RPLP1
1025	RPLP2
1025	RPLP0
1025	NPM1
1025	RPS17
1025	HNRNPA1
1025	TOP1
1025	EEF2
1025	RPS2
1025	HIST1H1D
1025	RPL35A
1025	RPL7
1025	RPL17
1025	NCL
1025	FBL
1025	RPS12
1025	U2AF2
1025	RPL13
1025	RPL10
1025	RPL12
1025	RPL9
1025	RPL22
1025	RPL4
1025	SRP14
1025	RPL3
1025	RPL13A
1025	RPL35
1025	RPL27A
1025	RPL5
1025	RPL21
1025	RPL28
1025	RPS9
1025	RPL29
1025	TUFM
1025	RPL14
1025	HNRNPM
1025	NAP1L1
1025	SNU13
1025	RPS3A
1025	RPL26
1025	RPL15
1025	RPL27
1025	RPL37A
1025	RPS7
1025	RPS8
1025	RPS15A
1025	RPS16
1025	RPS14
1025	RPS23
1025	RPS18
1025	RPS29
1025	RPS13
1025	RPS11
1025	RPL7A
1025	ACTA2
1025	RPL23A
1025	RPS6
1025	RPL23
1025	RPS15
1025	RPS24
1025	RPL30
1025	RPL39
1025	RPL31
1025	RPL10A
1025	RPL32
1025	RPL11
1025	RPL8
1025	ACTG2
1025	YBX1
1025	EEF1A1
1025	RPL24
1025	RPL36A
1025	RPL19
1025	HNRNPU
1025	U2AF1
1025	RPL18A
1025	RPL6
1025	RPL18
1025	DHX9
1025	ILF2
1025	ILF3
1025	TCOF1
1025	PWP1
1025	NOLC1
1025	SCYL2
1025	TUBA1A
1025	BRIX1
1025	H1FX
1025	SRPK1
1025	EBNA1BP2
1025	HIST1H2BM
1025	MYBBP1A
1025	GNL3
1025	TUBB1
1025	DDX21
1025	RBM28
1025	LYAR
1025	IGF2BP1
1025	NOP58
1025	LUC7L2
1025	RPL36
1026	DGCR8
1026	DROSHA
1027	ITGA10
1027	ITGB1
1028	ITGB1
1028	ITGA11
1029	COL1A1
1029	ITGB1
1029	ITGA11
1030	CCNC
1030	POLR2A
1030	GTF2F1
1030	CDK8
1030	SMARCA2
1030	SMARCB1
1030	MED21
1031	POLR2A
1031	SMARCB1
1031	CREBBP
1031	KAT2B
1032	TBP
1032	CCNC
1032	POLR2A
1032	GTF2E1
1032	GTF2H1
1032	GTF2F1
1032	CDK8
1032	SMARCA2
1032	GTF2B
1032	SMARCB1
1032	MED21
1032	DRAP1
1032	PCSK4
1032	SMARCC2
1032	SMARCC1
1032	SMARCD1
1033	ACTL6A
1033	CCNC
1033	CDK8
1033	SMARCB1
1033	MED21
1033	SMARCC2
1033	SMARCC1
1033	SMARCE1
1033	SMARCD1
1034	ERCC3
1034	CCNC
1034	POLR2A
1034	GTF2F1
1034	CDK8
1034	SMARCA2
1034	SMARCA4
1034	GTF2B
1034	SMARCB1
1034	MED21
1034	GTF2H3
1034	CREBBP
1034	KAT2B
1035	CCNC
1035	GTF2F1
1035	CDK8
1035	CCNH
1035	SMARCB1
1035	MED21
1035	SMARCC2
1035	SMARCC1
1036	CHTF8
1036	RFC4
1036	RFC2
1036	RFC5
1036	RFC3
1036	CHTF18
1036	DSCC1
1036	POLH
1037	MAEA
1037	ARMC8
1037	RANBP9
1037	RMND5A
1037	MKLN1
1038	KMT2D
1038	KDM6A
1038	WDR5
1038	NCOA6
1038	KDM6B
1038	PPP6R3
1038	PAXIP1
1038	N4BP2
1038	PROSER1
1038	KMT2C
1038	ASH2L
1038	ZNF281
1039	NCL
1039	DGCR8
1040	ILF3
1040	DGCR8
1041	ILF3
1041	XPO5
1042	HNRNPR
1042	HSPA5
1042	DDX5
1042	NCL
1042	HNRNPH1
1042	FUS
1042	HNRNPU
1042	DHX9
1042	ILF3
1042	DGCR8
1042	DDX17
1043	CDK4
1043	CCND1
1044	CDK4
1044	CCND2
1045	CDK4
1045	CCND3
1046	CCND1
1046	CDK6
1047	CCND2
1047	CDK6
1048	CCND3
1048	CDK6
1049	TOMM40
1049	APP
1050	TIMM23
1050	APP
1051	ITGB4
1051	ITGA6
1051	SHC1
1051	GRB2
1052	SMN1
1052	SMN2
1052	TIMM50
1053	COIL
1053	TIMM50
1054	XRCC6
1054	XRCC5
1054	ADAR
1054	PRKDC
1054	HDLBP
1054	DHX9
1055	ITGB3
1055	ITGAV
1055	SLC3A2
1056	NRP1
1056	ITGB1
1057	ITGAV
1057	P2RY2
1057	GNA12
1058	ITGB1
1058	SPP1
1058	ITGA9
1059	ITGB1
1059	ITGA5
1059	SPP1
1060	ITGB3
1060	ITGA2B
1060	ICAM4
1061	VTN
1061	ITGAV
1061	ITGB5
1062	GEMIN2
1062	SNRPB
1062	SNRPE
1062	SNRPD1
1062	SNRPD2
1062	SNRPD3
1062	SMN1
1062	SMN2
1063	POU2F1
1063	TLE1
1063	POU2AF1
1064	POU2F2
1064	TLE4
1065	TLE2
1066	TLE1
1066	TLE2
1067	TLE1
1068	HIST1H3A
1068	TLE1
1069	PSEN1
1069	APH1B
1069	NCSTN
1069	PSENEN
1070	STAT6
1070	DHX9
1070	SND1
1071	POU2F1
1071	POU2AF1
1072	PIK3R1
1072	PIK3CA
1073	NPM1
1073	PARP1
1073	NCL
1073	HSPA4
1073	TOP2B
1073	TLE1
1073	NONO
1073	RAD50
1074	PARP1
1074	SRC
1074	POLR2A
1074	HIST1H4A
1074	HIST1H3A
1074	HES1
1074	NONO
1074	CREBBP
1074	KAT2B
1075	AKT2
1075	SH3RF1
1076	RAMP2
1076	CALCRL
1077	RAMP3
1077	CALCRL
1078	PARP1
1078	SRC
1078	POLR2A
1078	CAMK2D
1078	HES1
1078	NONO
1078	CREBBP
1078	KAT2B
1079	GRB2
1079	SOS1
1080	TLE1
1080	RBBP4
1080	HDAC1
1080	SIN3A
1080	NKX3-1
1080	HIPK2
1081	TLE1
1081	NKX3-1
1082	PRDX1
1082	SRXN1
1083	GNAQ
1083	RHOA
1083	ARHGEF25
1084	DLL1
1084	NOTCH2
1085	CTNNB1
1085	TCF7L2
1086	RBPJ
1086	HDAC1
1086	NCOR2
1087	PRL
1087	PRLR
1088	PFN1
1088	RAP1A
1088	APBB1IP
1089	PFN1
1089	APBB1IP
1090	VASP
1090	APBB1IP
1091	PRLR
1092	F10
1092	F7
1092	TFPI
1092	F3
1093	TLE1
1093	HESX1
1094	AXIN1
1094	APC
1094	CTNNB1
1094	GSK3B
1095	SIN3B
1095	HDAC1
1095	HDAC2
1095	SIN3A
1095	HESX1
1095	NCOR2
1096	AXIN1
1096	DAXX
1097	AXIN1
1097	TP53
1097	DAXX
1098	TP53
1098	NUMB
1098	MDM2
1099	SH3KBP1
1100	BLNK
1100	SH3KBP1
1101	CBL
1101	SH3KBP1
1102	USP1
1102	WDR48
1103	GNA14
1103	ARHGEF1
1104	CREB1
1104	LMO4
1105	FHL2
1106	PDGFRA
1106	PTPN11
1107	FHL3
1108	FHL5
1109	GRB2
1109	PTPN11
1110	FHL3
1110	FHL2
1111	FHL2
1111	FHL5
1112	CREB1
1112	FHL2
1113	CREB1
1113	FHL3
1114	CREB1
1114	FHL5
1115	STX11
1115	FHL5
1116	SKI
1116	SKIL
1116	SMAD4
1117	SKI
1117	SMAD2
1118	SKI
1118	SMAD3
1119	SKI
1119	SMAD4
1120	NCOR1
1120	SKI
1120	SMAD2
1121	NCOR1
1121	SKI
1121	SMAD3
1122	NCOR1
1122	SKI
1122	SMAD4
1123	LIN7A
1123	CASK
1123	APBA1
1123	DLG1
1124	LIN7A
1124	CASK
1125	CASK
1125	DLG1
1126	KLRK1
1126	ULBP1
1126	HCST
1127	IL6ST
1127	CDK9
1128	EPS15
1128	STON2
1129	FOXH1
1129	SMAD4
1129	TGIF1
1129	SMAD2
1130	FOXH1
1130	SMAD4
1130	HDAC1
1130	TGIF1
1130	SMAD2
1131	SCAMP3
1131	SCAMP1
1131	SCAMP2
1132	HDAC1
1132	SIN3A
1132	HEY2
1132	NCOR2
1133	RB1
1133	SMARCA4
1133	HDAC1
1134	DLL1
1135	DLL1
1135	PSEN1
1135	NCSTN
1135	APH1A
1135	PSENEN
1136	GEMIN2
1136	GEMIN4
1136	SMN1
1136	SMN2
1136	GEMIN5
1136	DDX20
1137	GEMIN4
1137	GEMIN5
1137	DDX20
1138	GEMIN6
1138	GEMIN7
1138	STRAP
1139	GEMIN2
1139	SMN1
1139	SMN2
1139	GEMIN5
1140	NAIP
1141	BAX
1142	COG7
1142	COG8
1142	COG5
1142	COG6
1143	COG7
1143	COG5
1144	COG1
1144	COG8
1145	COG2
1145	COG3
1145	COG4
1146	COG7
1146	COG5
1146	COG6
1147	COG2
1147	COG1
1147	COG3
1147	COG8
1147	COG4
1148	COG7
1148	COG1
1148	COG8
1148	COG5
1148	COG6
1149	XRCC6
1149	H2AFX
1149	DHX9
1150	NR3C2
1150	UBE2I
1150	NCOA1
1151	HGS
1151	STAM2
1151	RIN1
1152	STAM2
1152	EGFR
1152	RIN1
1153	BMP2
1153	CHRDL2
1154	BMP2
1154	CHRDL2
1154	TWSG1
1155	PCNT
1155	TUBGCP3
1155	TUBGCP2
1156	SKI
1156	SMAD4
1156	SMAD2
1157	SKI
1157	SMAD3
1157	SMAD4
1158	SMAD2
1158	CREBBP
1159	SMAD3
1159	CREBBP
1160	SMAD4
1160	SMAD2
1160	CREBBP
1161	SMAD3
1161	SMAD4
1161	CREBBP
1162	PDCL
1162	DNAJC14
1163	ADRB2
1164	AKT1
1164	TCL1A
1165	AKT2
1165	TCL1A
1166	TCL1A
1167	E2F1
1167	TFDP1
1167	GABPB2
1168	SRF
1168	GATA4
1168	MYOCD
1169	RAB11A
1169	RAB11FIP1
1170	SKI
1170	SMAD3
1170	HDAC1
1170	SIN3A
1171	SKIL
1171	SMAD3
1171	SMURF2
1172	MTOR
1172	RICTOR
1172	MAPKAP1
1172	MLST8
1173	CLPP
1174	CLPX
1175	CLPX
1175	CLPP
1176	ACTN1
1176	PARVB
1177	BACE1
1177	PAWR
1178	ARNT
1178	EPAS1
1178	IKBKG
1179	RBX1
1179	SKP1
1179	CUL1
1180	XRCC6
1180	XRCC5
1180	WRN
1181	SMAD6
1181	HOXC8
1182	SMAD6
1182	HOXA9
1183	CTNNB1
1183	CTNNAL1
1184	CTNNA1
1184	CTNNB1
1185	AXIN1
1185	TSC2
1185	GSK3B
1185	TSC1
1186	HSP90AA1
1186	CALM1
1186	CAL
1186	FKBP8
1187	DNM1L
1187	FIS1
1188	NR3C1
1188	HNRNPU
1189	EIF3G
1189	EIF3B
1189	EIF3I
1189	EIF3A
1190	EIF3G
1190	EIF3B
1190	EIF3I
1190	EIF3A
1190	EIF3C
1191	EIF3G
1191	EIF3B
1191	EIF3I
1192	EIF3J
1192	EIF3B
1192	EIF3I
1193	EIF3G
1193	EIF3J
1193	EIF3B
1193	EIF3I
1193	EIF3A
1194	NFYA
1194	NFYB
1194	NFYC
1195	NFYA
1195	NFYB
1195	C1QBP
1195	NFYC
1196	ADRB1
1196	PRKAR2A
1196	AKAP5
1196	DLG1
1197	VCP
1197	SVIP
1197	DERL1
1198	VCP
1198	DERL1
1198	AMFR
1199	VCP
1199	VIMP
1199	DERL1
1200	VCP
1200	VIMP
1200	DERL2
1201	VCP
1201	SYVN1
1201	VIMP
1201	DERL1
1201	DERL2
1201	SEL1L
1202	RB1
1202	E2F4
1203	CDK4
1203	CCND3
1203	CDK6
1204	CDK4
1204	CCND3
1204	CDKN1A
1204	CDK6
1205	CDK4
1205	CCND2
1205	SERTAD1
1206	SUV39H1
1206	DNMT1
1206	RBL2
1206	HDAC1
1206	E2F5
1206	E2F4
1207	SUV39H1
1207	RBL2
1207	EP300
1207	HDAC1
1207	E2F5
1207	E2F4
1208	CCNA2
1208	RBL1
1208	E2F1
1209	TFAP2A
1209	RB1
1210	CTCF
1210	SET
1211	NPM1
1211	CTCF
1212	CCNE1
1212	RBL1
1212	E2F4
1213	RBL2
1213	E2F4
1214	SRF
1214	ELK1
1214	ELK3
1215	AP1G1
1215	FURIN
1215	PACS1
1216	EGFR
1216	CBLB
1216	SH3KBP1
1217	XRCC6
1217	XRCC5
1217	PRKDC
1217	MDC1
1218	ACTN1
1218	CDH1
1218	SRC
1218	JUP
1218	VCL
1218	CTNNB1
1218	PXN
1218	BCAR1
1218	PKD1
1218	PTK2
1218	TLN1
1219	JAK2
1219	PTAFR
1219	TYK2
1220	PARP1
1220	XRCC6
1220	XRCC5
1220	PRKDC
1220	NCOA6
1221	EIF2S1
1221	XRCC6
1221	XRCC5
1221	EIF2S2
1221	EIF2S3
1221	PRKDC
1221	ILF2
1221	ILF3
1222	SMARCA2
1222	MECP2
1222	HDAC1
1222	SMARCE1
1222	SIN3A
1223	YWHAQ
1223	CALM1
1223	CAL
1223	CABIN1
1224	EPHA2
1224	EFNB1
1224	TIAM1
1225	NFKBIE
1225	KPNA3
1225	CHUK
1225	NFKB1
1225	NFKBIA
1225	NFKB2
1225	RELB
1225	RELA
1225	REL
1225	NFKBIB
1225	TNIP2
1225	IKBKG
1226	IKBKB
1226	SEC16A
1226	CHUK
1226	USP2
1226	NFKB2
1226	RELA
1226	REL
1226	FBXW7
1226	MAP3K14
1226	IKBKG
1227	KDM6A
1227	WDR5
1227	NCOA6
1227	KDM6B
1227	PAXIP1
1227	KMT2C
1227	PAGR1
1227	DPY30
1227	ASH2L
1227	KMT2B
1228	PPP6C
1228	ANKRD28
1228	CHUK
1228	PPP6R2
1228	SKP1
1228	NFKB2
1228	RELA
1228	REL
1228	CUL1
1228	IKBKE
1228	PPP6R1
1228	BTRC
1229	NBN
1229	MRE11A
1229	BLM
1229	TP53BP1
1229	PAXIP1
1229	RAD50
1230	RARA
1230	RXRA
1230	CREBBP
1231	HSP90AA1
1231	HSP90AB1
1231	YWHAQ
1231	YWHAB
1231	HSPA4
1231	YWHAG
1231	YWHAE
1231	YWHAZ
1231	YWHAH
1231	MAP2K5
1231	CDC37
1231	TRAF7
1231	MARK2
1231	MAP3K3
1231	PDRG1
1231	PFDN2
1232	PSMA1
1232	PSMA2
1232	PSMA6
1232	UBE3A
1232	UBQLN2
1232	UBQLN1
1233	TRAF2
1233	TRAF3
1233	TANK
1234	RAF1
1234	PPP2R1A
1234	PPP2CB
1234	PPP2R2A
1234	PIN1
1235	TBKBP1
1235	HSP90AA1
1235	HSP90AB1
1235	TRAF2
1235	CDC37
1235	TANK
1235	AZI2
1235	TBK1
1236	PEX1
1236	PEX6
1236	PEX26
1237	CS
1237	TAB1
1237	TAB2
1238	CALR
1239	CHUK
1239	RELA
1239	IQGAP2
1239	TNIP2
1239	AKAP8L
1240	MAP2K1
1240	LAMTOR3
1240	LAMTOR2
1241	CSNK2A2
1241	CSNK2B
1242	CSNK2B
1242	CSNK2A1
1243	MAPK1
1243	LAMTOR3
1243	LAMTOR2
1244	MAP3K8
1244	PAPOLA
1244	RELA
1244	REL
1244	TNIP2
1245	RPA2
1245	RPA1
1245	RPA3
1246	NFKBIE
1246	CHUK
1246	SPAG9
1246	NFKB1
1246	NFKBIA
1246	COPB2
1246	NFKB2
1246	RELA
1246	REL
1246	TNIP1
1246	TNIP2
1246	IKBKG
1247	XRCC6
1247	XRCC5
1247	RPA2
1247	RPA1
1247	TP53BP1
1248	DDX3X
1248	CHUK
1248	NFKB1
1248	NFKBIA
1248	MAP3K8
1248	RPS13
1248	RPL30
1248	GTF2I
1248	NFKB2
1248	RELB
1248	RPL6
1248	RELA
1248	REL
1248	NFKBIB
1248	TNIP2
1248	GLG1
1248	IKBKG
1249	IKBKB
1249	CHUK
1249	CD3EAP
1249	POLR1A
1249	NFKB1
1249	MCC
1249	LRPPRC
1249	MTIF2
1249	KPNA2
1249	POLR2H
1249	POLR2L
1249	SKP1
1249	NFKB2
1249	RELA
1249	REL
1249	IQGAP2
1249	CUL1
1249	NFKBIB
1249	PDCD2
1249	POLR1E
1249	POLR1B
1249	RASAL2
1249	FBXW11
1249	POLR1D
1249	IKBKG
1250	IKBKB
1250	HSP90AA1
1250	HSP90AB1
1250	CDC37
1250	CCAR2
1251	PARP1
1251	XRCC6
1251	XRCC5
1251	WRN
1252	SMC2
1252	SMC4
1253	SMC1A
1253	SMC3
1254	XRCC1
1254	LIG3
1254	PNKP
1254	TDP1
1255	DPM1
1255	DPM2
1255	DPM3
1256	ORC4
1256	XRCC6
1256	XRCC5
1256	ORC2
1256	ORC3
1256	ORC6
1257	EIF4E
1257	EIF4A1
1257	EIF4G1
1257	MKNK1
1258	TCF4
1258	CTNNB1
1258	SUMO1
1258	EP300
1258	HDAC6
1259	TCF4
1259	CTNNB1
1259	EP300
1260	TCF4
1260	CTNNB1
1261	TCF4
1261	CTNNB1
1261	CREBBP
1262	IKBKB
1262	CHUK
1262	HSP90AA1
1262	HSP90AB1
1262	FBL
1262	RPL4
1262	RPS13
1262	RPS11
1262	RPL30
1262	RPL8
1262	RPL6
1262	CDC37
1262	MAP3K14
1262	IKBKG
1263	VHL
1263	TCEB1
1263	TCEB2
1263	USP33
1264	MAP3K7
1264	HSP90AA1
1264	HSP90AB1
1264	FKBP5
1264	TAB1
1264	CDC37
1264	TAB3
1264	TAB2
1265	HSP90AA1
1265	HSP90AB1
1265	FKBP5
1265	IKBKE
1265	CDC37
1265	KTN1
1266	VHL
1266	TCEB1
1266	TCEB2
1267	PSMC3
1267	VHL
1267	HIF1A
1268	ARHGAP10
1268	CTNNA1
1269	OS9
1269	HIF1A
1269	EGLN1
1270	OS9
1270	HIF1A
1270	EGLN3
1271	PLIN3
1271	IGF2R
1271	RAB9A
1272	CDH1
1272	CTNNB1
1273	SRC
1273	BCAR1
1273	PTK2
1274	TSEN54
1274	TSEN2
1274	TSEN15
1274	CLP1
1274	TSEN34
1275	TSEN54
1275	TSEN2
1275	CLP1
1276	CHUK
1276	HSP90AB1
1276	FKBP5
1276	NFKBIB
1276	CDC37
1277	CHUK
1277	HSP90AA1
1277	HSP90AB1
1277	TXLNA
1277	NFKBIB
1277	CDC37
1277	ATG16L1
1277	CCAR1
1277	TBK1
1277	IKBKG
1278	TP53
1278	XRCC6
1278	BARD1
1279	ETS2
1279	SMARCA4
1279	SMARCB1
1280	HTRA2
1280	LATS1
1280	XIAP
1281	PXN
1281	CTTN
1281	ASAP1
1282	CDH1
1282	CKS1B
1283	CDH1
1283	SKP2
1284	TP53
1284	YY1
1284	MDM2
1285	DOCK1
1285	ELMO1
1286	ELMO1
1286	DOCK2
1287	RAC1
1287	DOCK1
1287	ELMO1
1288	CRK
1288	DOCK1
1288	ELMO1
1289	FXR1
1289	AGO2
1290	CDC27
1290	CDC16
1290	ANAPC7
1291	POLR2A
1291	GTF2F1
1291	HNRNPU
1292	THRB
1292	RXRB
1293	ATM
1294	ERAP2
1294	ERAP1
1295	GCA
1295	SRI
1296	SRI
1297	TACC2
1297	KAT2B
1297	TACC3
1298	EGR1
1298	EP300
1299	EIF6
1299	RPL7A
1299	TARBP2
1299	MOV10
1299	AGO2
1299	DICER1
1300	RPLP1
1300	RPLP2
1300	RPL35A
1300	RPL7
1300	RPL13
1300	RPL12
1300	RPL21
1300	RPL28
1300	RPL34
1300	RPL14
1300	EIF6
1300	RPL15
1300	RPL27
1300	RPL37A
1300	RPL7A
1300	RPL30
1300	RPL10A
1300	RPL32
1300	RPL11
1300	RPL19
1300	RPL18A
1300	MOV10
1300	RSL24D1
1300	DICER1
1300	RPL36
1301	TARBP2
1301	AGO2
1301	DICER1
1302	ARNT
1302	HIF1A
1303	DDIT3
1303	TRIB3
1304	RAG1
1304	RAG2
1305	SYNCRIP
1305	GAPDH
1305	EPRS
1305	RPL13A
1306	TAF4
1306	MGAM
1306	E2F6
1306	TAF1
1306	HSPA4
1306	TAF6
1306	HCFC1
1306	WDR5
1306	KMT2A
1306	KDM6B
1306	TAF7
1306	TAF9
1306	INO80C
1306	KANSL1
1306	BAP18
1306	PELP1
1306	PRPF31
1306	MCRS1
1306	RNF2
1306	PHF20
1306	SENP3
1306	KAT8
1306	CHD8
1306	TEX10
1306	ASH2L
1306	RUVBL1
1306	LAS1L
1307	SERPINA1
1307	ELANE
1308	SERPINA3
1308	CTSG
1309	SERPINA1
1309	CTSG
1310	BRCA1
1310	BRCC3
1310	BRCA2
1310	RAD51
1310	BRE
1311	KIF5B
1311	PLEKHM2
1312	NGF
1312	NTRK1
1313	NGFR
1313	NTF3
1314	GRIN1
1314	TIAM1
1315	S1PR1
1315	HTR1D
1316	HTR1D
1317	HTR1A
1317	HTR1D
1318	HTR1B
1319	HTR1A
1319	HTR1B
1320	HTR1D
1320	HTR1B
1321	GABBR2
1321	HTR1A
1322	HTR1A
1322	GPR26
1323	HTR1A
1323	S1PR3
1324	HTR1A
1325	HTR1A
1325	S1PR1
1326	PARK2
1326	HSPA1A
1326	HSPA4
1326	BAG5
1327	NGF
1327	NGFR
1328	HDAC3
1328	ANKRD11
1329	RAD21
1329	SMC1A
1329	PDS5A
1329	CDCA5
1329	PDS5B
1329	SMC3
1330	NRG1
1330	IKZF4
1331	EPOR
1332	CRK
1332	RAPGEF1
1333	EPO
1333	EPOR
1334	DEK
1334	RNPS1
1334	ALYREF
1334	SRRM1
1334	RBM8A
1335	MED19
1335	MED7
1335	MED14
1335	OPA1
1335	MED24
1335	MED6
1335	MED26
1335	MED21
1335	MED22
1335	MED1
1335	MED27
1335	MED13L
1335	MED25
1335	MED8
1335	MED30
1335	MED15
1335	MED10
1335	MED18
1335	MED20
1335	MED4
1335	MED17
1335	MED29
1335	MED11
1335	MED13
1335	MED23
1335	MED16
1335	MED31
1336	MED18
1336	MED20
1336	MED29
1337	NFKB1
1337	RELA
1338	NFKB1
1338	RELA
1338	NCOA1
1339	NFKB1
1339	NFKBIA
1339	RELA
1340	NFKBIE
1340	RELA
1340	REL
1341	RELA
1341	REL
1341	NFKBIB
1342	NFKBIA
1342	RELA
1342	REL
1343	FAS
1343	FADD
1343	CASP8
1344	NFKBIA
1344	RELA
1344	COMMD1
1345	ILK
1345	ARHGEF6
1345	PARVB
1346	ARHGEF6
1346	PARVB
1347	EED
1347	YY1
1347	EZH2
1348	CBX4
1348	BMI1
1348	PHC1
1348	RING1
1349	BMI1
1349	PHC1
1349	PHC2
1350	EED
1350	EZH2
1351	BCL2
1351	CALM1
1351	CAL
1351	FKBP8
1352	TRAF2
1352	BIRC2
1353	LTBR
1354	TNFRSF1A
1354	TRAF2
1354	BIRC2
1354	TRADD
1355	PARD3
1355	PARD6A
1355	PLCB1
1356	PLCB3
1356	PARD3
1356	PARD6A
1357	TRAF2
1357	TRADD
1358	TRAF2
1358	FADD
1358	TRADD
1359	CCNB2
1359	CDK1
1360	CDK1
1360	CCNB1
1361	CDK1
1361	PCNA
1361	CCNB1
1361	GADD45A
1362	GADD45B
1362	CDK1
1362	PCNA
1362	CCNB1
1363	GADD45G
1363	CDK1
1363	PCNA
1363	CCNB1
1364	IL12A
1364	IL12B
1365	IL12B
1366	CDK1
1366	CCNB1
1366	CCNF
1367	CDK1
1367	CCNB1
1367	PTCH1
1368	CCNA2
1368	CDK2
1369	CDK1
1369	CCNA2
1370	CDC42
1370	PARD6B
1371	CDK1
1371	CCNA2
1371	CDK2
1372	CCNE1
1372	CDK2
1373	SOCS3
1373	JAK1
1373	IL6ST
1373	LMO4
1373	PTPN11
1374	STAT1
1374	CREBBP
1375	NR5A2
1375	NR0B2
1376	CNTF
1376	CNTFR
1376	IL6ST
1376	LIFR
1377	LIF
1377	IL6ST
1377	LIFR
1378	MYBL2
1378	RBL1
1378	RBBP4
1378	LIN52
1378	LIN9
1378	LIN54
1378	LIN37
1379	RBBP4
1379	LIN52
1379	LIN9
1379	LIN54
1379	LIN37
1380	RBL2
1380	RBBP4
1380	E2F4
1380	LIN52
1380	LIN9
1380	LIN54
1380	LIN37
1381	MYH9
1381	EMD
1381	ACTB
1381	MYO1E
1381	SPTAN1
1381	CNN3
1381	LMO7
1381	SIKE1
1382	EMD
1382	ACTB
1382	NMI
1382	SPTAN1
1383	EMD
1383	ACTB
1383	NMI
1384	LMNA
1384	LMNB1
1384	EMD
1384	ACTB
1384	NMI
1384	SPTAN1
1385	HDAC3
1385	BANF1
1385	RBL1
1385	EMD
1385	ACTB
1385	HIST1H3A
1385	HIST1H1A
1385	HDAC1
1385	LMO7
1386	LMNA
1386	RB1
1386	LMNB1
1386	MCM4
1386	MCM2
1386	EMD
1386	HIST1H3A
1386	HNRNPU
1386	HIST1H1A
1386	C1QBP
1386	RBL2
1386	NMI
1386	MCM6
1386	SAP130
1386	BANF2
1387	BANF1
1387	ZRANB2
1387	LSM8
1387	SSB
1387	LMNB1
1387	YWHAB
1387	EMD
1387	ACTB
1387	HNRNPK
1387	YWHAE
1387	SNRPD1
1387	G3BP1
1387	CDC37
1387	SAP130
1387	BCCIP
1387	LSM2
1388	SAP18
1388	HDAC3
1388	LMNB1
1388	RBL1
1388	EMD
1388	ACTB
1388	HIST1H3A
1388	RBL2
1388	SMARCB1
1388	TRIM28
1388	NMI
1388	HDAC1
1388	SPTAN1
1388	CHD4
1388	SMARCC2
1388	SMARCC1
1388	TBL1Y
1388	TBL1XR1
1388	DPY30
1388	BANF2
1388	MED4
1388	RCOR1
1389	DDX39A
1389	LSM8
1389	THRA
1389	CKB
1389	HNRNPL
1389	LMNB1
1389	YWHAQ
1389	IQGAP1
1389	EMD
1389	HDGF
1389	ACTB
1389	HNRNPK
1389	YWHAE
1389	SNRPD1
1389	HNRNPU
1389	HIST1H1A
1389	C1QBP
1389	RBL2
1389	ILF3
1389	NMI
1389	PDCD4
1389	API5
1389	LEMD3
1390	HSP90AA1
1390	CDKN1A
1390	FKBPL
1391	FYN
1391	DLG4
1391	GRIN2A
1392	PTTG1
1392	ESPL1
1393	CDK1
1393	ESPL1
1394	NRP1
1394	FARP2
1394	PLXNA1
1395	NRP1
1395	PLXNA2
1395	FARP2
1396	NRP1
1396	FARP2
1396	PLXNA3
1397	NRP1
1397	FARP2
1397	PLXNA4
1398	SEMA4A
1398	PLXND1
1399	ACTN4
1399	LRRC7
1399	CAMK2A
1400	RB1
1400	E2F1
1400	CEBPE
1401	NRP1
1401	PLXND1
1402	NRP1
1402	SEMA3C
1402	PLXND1
1403	PLXNC1
1403	SEMA7A
1404	PLXNB1
1404	SEMA4D
1405	RB1
1405	TRIM27
1406	NRP1
1406	PLXNA1
1407	NRP1
1407	PLXNA3
1408	NRP1
1408	PLXNB1
1409	NRP2
1409	PLXNA1
1410	XRCC2
1410	RAD51
1411	VCP
1411	SEC61B
1411	UFD1L
1412	NRP1
1412	SEMA6D
1412	PLXNA1
1413	TNFSF13B
1414	SMARCA5
1414	BAZ2A
1415	DNMT1
1415	HDAC1
1415	DNMT3B
1415	BAZ2A
1416	PRMT2
1417	NOS3
1417	CAV1
1418	HSP90AA1
1418	NOS3
1419	HSP90AA1
1419	NOS3
1419	AKT1
1420	CBL
1420	SH3KBP1
1420	SH3GL3
1421	TBP
1421	TAF1C
1421	TAF1A
1421	TAF1B
1422	IKBKG
1423	NRP1
1423	VEGFC
1424	NRP2
1424	VEGFC
1425	VEGFD
1425	NRP2
1426	NRP1
1426	VEGFD
1427	TGFBR1
1427	TGFBR2
1427	SMAD3
1428	TBP
1428	POLR2A
1428	ACTB
1429	NRP2
1429	FLT4
1430	NRP1
1430	PLXNA1
1431	NRP1
1431	SEMA3A
1431	PLXNA1
1432	ADRA2A
1432	GRIA2
1433	CFLAR
1433	BCL2L1
1433	CASP8
1434	SUMO1
1434	SAE1
1434	UBA2
1435	SAE1
1435	UBA2
1436	RANBP9
1436	PLXNA1
1437	PLXNA2
1437	RANBP9
1438	PLXNA3
1438	RANBP9
1439	RANBP9
1439	PLXNA4
1440	CRMP1
1440	MICAL1
1440	PLXNA1
1441	RUNX1
1441	CBFB
1442	CDH5
1442	CTNNB1
1442	KDR
1442	TJP1
1443	CFLAR
1443	FADD
1443	CASP8
1444	CFLAR
1444	FAS
1444	FADD
1444	CASP8
1445	KEAP1
1445	NFE2L2
1445	PGAM5
1446	FADD
1446	CASP8
1446	CD95
1447	GABRA1
1447	GABRG2
1447	GABRB2
1448	TP53
1448	BCL2
1449	TP53
1449	BCL2L1
1450	APAF1
1450	CASP9
1450	CYCS
1451	MCL1
1451	BAK1
1452	IKBKB
1452	IKBKG
1453	CHUK
1453	IKBKG
1454	SNCA
1454	PARK7
1455	RHOT2
1455	PINK1
1455	TRAK1
1456	RHOT2
1456	TRAK1
1457	PARK2
1457	PARK7
1457	PINK1
1458	AIFM1
1458	PPIA
1459	IKBKB
1459	CHUK
1459	IKBKG
1460	HSP90AB1
1460	CDC37
1460	LRRK2
1461	FAS
1461	FADD
1461	CASP8
1461	CASP10
1462	FAS
1462	FADD
1462	CASP10
1463	ESR1
1463	VDAC1
1463	CAV1
1464	APBB1
1464	HDAC1
1464	TSHZ3
1465	BRAF
1465	MAP2K2
1465	YWHAE
1465	MAP2K1
1466	RAF1
1466	YWHAE
1466	MAP2K1
1467	PPP2R1A
1467	PPP2R1B
1467	EIF4A1
1467	PPP2CA
1467	PPME1
1468	RAF1
1468	BRAF
1468	YWHAE
1468	MAP2K1
1468	KSR1
1469	KSR1
1470	RAF1
1470	BRAF
1470	YWHAZ
1471	RAF1
1471	MAP2K1
1471	KSR1
1472	BRAF
1472	MAP2K1
1472	KSR1
1473	HRAS
1473	RAF1
1474	RAF1
1474	BRAF
1475	RAF1
1475	CNKSR1
1476	BRAF
1476	CNKSR1
1477	CNKSR1
1478	RAF1
1478	SRC
1478	CNKSR1
1479	FADD
1479	CASP8
1479	LRRK2
1480	PPP3R1
1480	PPP3CA
1481	UBE2N
1481	UBE2V1
1482	PARK2
1482	EGFR
1482	EPS15
1483	MAPT
1483	HSPA8
1483	UBE2D2
1483	STUB1
1484	DYNC1I1
1484	DYNLL1
1484	DYNC1H1
1484	DYNC1LI1
1485	DYNC1I1
1485	DYNLL1
1485	DCTN1
1485	DYNC1H1
1485	DYNC1LI1
1486	FEZ1
1486	DISC1
1487	STK11
1487	STRADA
1487	CAB39
1488	TNFRSF21
1488	APP
1489	XDH
1490	TRA2B
1490	SRSF9
1490	SRSF6
1491	SRSF9
1491	SRSF6
1492	CTC1
1492	TEN1
1492	OBFC1
1493	ABL1
1493	CTTN
1493	MYLK
1494	SLC2A4
1494	CLTC
1494	ACAP1
1495	HGS
1495	ACTN4
1495	TRIM3
1495	MYO5B
1496	ELL2
1496	CCNT1
1496	CCNT2
1496	MLLT3
1496	CDK9
1496	AFF1
1496	ELL
1496	MLLT1
1496	EAF1
1496	ELL3
1496	AFF4
1497	AGT
1497	PRG2
1498	AGT
1498	C3
1498	PRG2
1499	HOOK3
1499	FAM160A2
1499	HOOK2
1499	AKTIP
1499	HOOK1
1500	HSPA8
1500	BAG1
1501	HSPA1A
1501	BAG1
1502	VPS16
1502	HOOK1
1503	VPS18
1503	HOOK1
1504	VPS39
1504	HOOK1
1505	VPS41
1505	HOOK1
1506	HOOK2
1506	VPS16
1507	VPS41
1507	HOOK2
1508	VPS41
1508	HOOK3
1509	VPS16
1509	AKTIP
1510	AKTIP
1510	VPS18
1511	VPS41
1511	AKTIP
1512	MDM2
1512	USP7
1512	DAXX
1513	RPN1
1513	RPN2
1513	CANX
1513	DDOST
1513	STT3A
1513	VCP
1513	VIMP
1513	DERL1
1513	DERL2
1513	SELK
1514	CSF2
1514	CSF2RA
1514	CSF2RB
1515	KPNA2
1515	KPNB1
1516	RAN
1516	KPNB1
1517	CENPW
1517	CENPT
1518	STRA13
1518	APITD1
1519	STRA13
1519	CENPW
1519	APITD1
1519	CENPT
1520	BANF1
1520	TMPO
1520	BANF2
1521	BANF1
1521	BANF2
1522	HIST1H4A
1522	HIST1H3A
1522	CDAN1
1522	IPO4
1522	ASF1A
1523	THOC5
1523	THOC7
1523	THOC6
1523	THOC2
1523	THOC1
1523	THOC3
1524	BBIP1
1524	BBS9
1524	BBS7
1524	BBS5
1524	BBS1
1524	TTC8
1524	BBS4
1524	BBS2
1525	CRK
1525	BCAR1
1525	CDC42
1525	TNK2
1526	BBS9
1526	BBS7
1526	BBS1
1526	BBS2
1527	BBIP1
1527	TTC8
1527	BBS4
1528	EXOC5
1528	EXOC3
1528	EXOC8
1528	EXOC6
1528	EXOC4
1528	EXOC2
1528	EXOC1
1528	EXOC7
1529	EXOC5
1529	EXOC6
1530	EXOC5
1530	EXOC6
1530	EXOC7
1531	ANG
1531	RNH1
1532	TTC26
1532	IFT88
1532	IFT20
1532	TTC30B
1532	CLUAP1
1532	TRAF3IP1
1532	IFT81
1532	IFT74
1532	IFT27
1532	IFT22
1532	IFT46
1532	IFT57
1532	IFT80
1532	IFT172
1532	IFT52
1532	HSPB11
1533	TTC26
1533	IFT88
1533	TTC30B
1533	IFT81
1533	IFT74
1533	IFT27
1533	IFT22
1533	IFT46
1533	IFT52
1533	HSPB11
1534	IFT20
1534	CLUAP1
1534	TRAF3IP1
1534	IFT57
1534	IFT80
1534	IFT172
1535	RNF31
1535	RBCK1
1535	SHARPIN
1536	PPP2R1A
1536	PPP2R3B
1537	STRN
1537	PPP2R1A
1537	PPP2CA
1538	PPP2R1A
1538	PPP2CA
1538	STRN3
1539	MYO1C
1539	SMARCA5
1539	SF3B1
1539	DEK
1539	ERCC6
1539	MYBBP1A
1539	DDX21
1539	BAZ1B
1540	PNP
1541	WIPF1
1541	WAS
1541	DOCK8
1542	DEPDC5
1542	NPRL3
1542	NPRL2
1543	SEC13
1543	WDR59
1543	SEH1L
1543	WDR24
1543	MIOS
1544	DEPDC5
1544	SEC13
1544	NPRL3
1544	WDR59
1544	NPRL2
1544	SEH1L
1544	WDR24
1544	MIOS
1545	RASGRP1
1545	HRAS
1545	DGKZ
1546	ATG13
1546	ULK1
1546	RB1CC1
1547	ATG13
1547	ULK2
1547	RB1CC1
1548	ATG13
1548	ULK1
1548	RB1CC1
1548	ATG101
1549	CUL3
1549	WNK1
1549	KLHL3
1550	TGFB3
1550	TGFBR2
1551	DYNLT3
1551	DYNLL1
1551	DYNLT1
1551	NUDCD3
1551	DYNC2H1
1551	DYNC2LI1
1551	DYNLRB2
1551	WDR60
1551	TCTEX1D2
1551	WDR34
1551	DYNLL2
1551	DYNLRB1
1552	HDAC1
1552	AJUBA
1552	GFI1
1553	DHDDS
1553	NUS1
1554	HDAC2
1554	AJUBA
1554	GFI1
1555	HDAC3
1555	AJUBA
1555	GFI1
1556	PCM1
1556	BBS4
1556	CEP131
1557	TCP1
1557	CCT5
1557	CCT3
1557	CCT8
1557	CCT4
1557	CCT2
1557	BBS12
1557	BBS7
1557	BBS10
1557	MKKS
1558	GSK3B
1558	FBXW7
1558	CSF3R
1559	MTX2
1559	MTX1
1559	IMMT
1559	MINOS1
1559	MIC13
1559	APOOL
1559	CHCHD6
1559	APOO
1559	DNAJC11
1559	CHCHD3
1559	SAMM50
1560	IMMT
1560	MINOS1
1560	MIC13
1560	APOOL
1560	CHCHD6
1560	APOO
1560	CHCHD3
1561	ANKS6
1561	NPHP3
1561	NEK8
1561	INVS
1562	USH2A
1562	GPR98
1562	PDZD7
1562	WHRN
1563	LIN7A
1563	DLG1
1563	MPP7
1564	DLG1
1564	MPP7
1564	LIN7C
1565	SORBS3
1565	CTNNB1
1565	DLG5
1566	CUL3
1566	WNK4
1566	KLHL3
1567	CUL3
1567	KLHL3
1568	TCEB1
1568	TCEB2
1568	CUL5
1568	ASB9
1569	DLL1
1569	CDH2
1569	CTNNB1
1570	DMTN
1570	SYNE1
1571	HEXB
1572	HAX1
1572	AKT1
1572	CTTN
1572	GNA13
1573	SIVA1
1573	MAP3K7
1573	XIAP
1574	SLC2A1
1574	ADD2
1574	DMTN
1575	HAX1
1575	SLC25A5
1575	PHB
1575	VDAC2
1575	PHB2
1576	UBR5
1576	DDB1
1576	DYRK2
1576	VPRBP
1577	CUL4A
1577	DDB1
1577	DDIT4
1577	BTRC
1578	HAX1
1578	XIAP
1579	DDN
1579	MAGI2
1579	SH3KBP1
1580	PRKCZ
1580	DDR1
1580	WWC1
1581	CYLD
1581	SPATA2
1582	MYO1C
1582	SMARCA5
1582	SF3B1
1582	DEK
1582	ERCC6
1582	MYBBP1A
1582	SPEF2
1582	DDX21
1582	BAZ1B
1583	RAD21
1583	SMC1A
1583	DDX11
1583	SMC3
1584	WDHD1
1584	PCNA
1584	ESCO1
1584	CHTF18
1584	DDX11
1584	DSCC1
1585	PES1
1585	BOP1
1585	DDX27
1585	WDR12
1586	RAB27A
1586	KLC1
1586	SYTL3
1587	GRSF1
1587	DHX30
1587	FASTKD5
1587	DDX28
1587	FASTKD2
1588	DEAF1
1588	XRCC6
1588	XRCC5
1589	CASP1
1589	CASP5
1589	NLRP1
1589	PYCARD
1590	DLGAP1
1590	DLG4
1590	SHANK3
1591	CASP1
1591	NLRP3
1591	PYCARD
1591	CARD8
1592	CASP1
1592	NLRP2
1592	PYCARD
1592	CARD8
1593	PXN
1593	PAK1
1593	ARHGEF7
1593	GIT1
1594	IKBKB
1594	CHUK
1594	MAP3K7
1594	TNF
1594	TNFRSF1A
1594	TRAF2
1594	BIRC3
1594	RIPK1
1594	TNIP1
1594	TRADD
1594	TAB1
1594	RNF31
1594	RBCK1
1594	TAB2
1594	IKBKG
1595	DNMT1
1595	TRIM28
1595	SETDB1
1595	ZNF304
1596	TNF
1596	TNFRSF1A
1596	TRAF2
1596	RIPK1
1596	TRADD
1597	TJP1
1597	PKP1
1598	GRM1
1599	GRM2
1600	GRM4
1601	GRM7
1602	GRM8
1603	GRM2
1603	GRM4
1604	ANXA7
1604	SRI
1605	GRM2
1605	GRM7
1606	GRM8
1606	GRM2
1607	GRM3
1607	GRM4
1608	GRM7
1608	GRM3
1609	GRM8
1609	GRM3
1610	HDAC1
1610	ELMSAN1
1610	HDAC2
1610	DNTTIP1
1611	FKBP1A
1611	PPP3R1
1611	PPP3CA
1612	PDCD6
1612	PEF1
1613	NPHP1
1613	NPHP4
1613	BCAR1
1614	VPS8
1614	TGFBRAP1
1614	VPS33A
1614	VPS16
1614	VPS11
1614	VPS18
1615	VPS41
1615	VPS33A
1615	VPS39
1615	VPS16
1615	VPS11
1615	VPS18
1616	VPS33B
1616	VIPAS39
1617	GNG2
1617	GNB1
1617	KCTD12
1618	GNG2
1618	GNB1
1618	KCTD8
1619	GNG2
1619	GNB1
1619	KCTD16
1620	CNOT1
1620	CNOT3
1620	CNOT2
1621	CNOT1
1621	DDX6
1621	EIF4ENIF1
1622	HSPA8
1622	DNAJB1
1622	DNAJC3
1623	HSP90AA1
1623	HSPA8
1623	DNAJC7
1624	HSP90AA1
1624	NMNAT2
1625	STK4
1625	SAV1
1626	STK3
1626	SAV1
1627	MT-CO1
1627	SURF1
1627	COA3
1628	MT-CO1
1628	SMIM20
1629	MAGEA1
1629	TRIM31
1629	NSMCE4A
1630	AURKA
1630	HDAC6
1631	PDGFB
1631	PDGFRB
1632	FADD
1632	RIPK1
1632	CASP8
1633	BLOC1S1
1633	BLOC1S4
1633	BLOC1S6
1634	SNAPIN
1634	BLOC1S2
1634	DTNBP1
1635	FGA
1635	FGB
1635	FGG
1636	C1QA
1636	C1QB
1636	C1QC
1637	HDAC1
1637	HDAC2
1637	ZNF541
1637	DNTTIP1
1638	SETDB1
1638	DNMT3A
1639	SETDB1
1639	DNMT3B
1640	CREB1
1640	ATF4
1641	ATL1
1642	ATL1
1642	REEP1
1642	SPAST
1643	ATL2
1643	REEP1
1644	ATL3
1644	REEP1
1645	TCAP
1645	TTN
1646	OIP5
1646	MIS18BP1
1646	MIS18A
1647	HAUS5
1647	HAUS3
1647	HAUS6
1647	HAUS4
1647	HAUS1
1647	HAUS7
1647	HAUS8
1647	HAUS2
1648	ATP4A
1648	ATP4B
1649	GABBR2
1649	GABBR1
1650	SCNN1A
1650	SCNN1B
1650	SCNN1G
1651	SCNN1B
1651	SCNN1G
1651	SCNN1D
1652	CHRNB4
1652	CHRNA2
1653	OFD1
1653	KIAA0753
1653	FOPNL
1654	MT-CO1
1654	MT-CO2
1654	MT-CO3
1654	COX6C
1654	COX4I1
1654	COX5A
1654	SURF1
1654	COX15
1654	CMC1
1654	COX14
1654	TIMM21
1654	COA1
1654	COX16
1654	COA3
1655	SIN3B
1655	HDAC1
1655	BANP
1655	SIN3A
1656	SIN3B
1656	RBL1
1656	RBL2
1656	HDAC1
1656	BANP
1656	SIN3A
1657	TIMM23
1657	TIMM50
1658	TIMM23
1658	HSD3B2
1658	TIMM50
1658	TOMM22
1659	AR
1659	EFCAB6
1659	PARK7
1660	AR
1660	MAK
1660	NCOA3
1661	TIMM8A
1661	TIMM13
1662	ARL2
1662	TBCD
1663	TIMM23
1663	TIMM17A
1664	WDR5
1664	KMT2A
1664	KDM6B
1664	ASH2L
1665	TIMM23
1665	TIMM17B
1666	VPS53
1666	VPS52
1666	VPS50
1666	VPS51
1667	MEN1
1667	KMT2D
1667	OGT
1667	PSIP1
1667	HCFC1
1667	WDR5
1667	KDM6B
1667	DPY30
1667	ASH2L
1667	HCFC2
1668	KDM6A
1668	WDR5
1668	NCOA6
1668	KDM6B
1668	PAXIP1
1668	KMT2C
1668	PAGR1
1668	DPY30
1668	ASH2L
1669	MEN1
1669	OGT
1669	HCFC1
1669	WDR5
1669	KMT2A
1669	KDM6B
1669	DPY30
1669	ASH2L
1670	VPS53
1670	VPS52
1670	VPS54
1670	VPS51
1671	NINJ1
1672	KMT2D
1672	KDM6A
1672	WDR5
1672	NCOA6
1672	KDM6B
1672	PAXIP1
1672	PAGR1
1672	DPY30
1672	ASH2L
1673	TRAPPC3
1673	TRAPPC6A
1673	TRAPPC2
1673	TRAPPC10
1673	TRAPPC3L
1673	TRAPPC11
1673	TRAPPC6B
1673	TRAPPC5
1673	TRAPPC12
1673	TRAPPC9
1673	TRAPPC2L
1673	TRAPPC4
1673	TRAPPC8
1673	TRAPPC1
1674	SETD1A
1674	OGT
1674	HCFC1
1674	WDR5
1674	KDM6B
1674	WDR82
1674	DPY30
1674	CXXC1
1674	ASH2L
1674	HCFC2
1675	OGT
1675	HCFC1
1675	WDR5
1675	KDM6B
1675	WDR82
1675	BOD1L1
1675	BOD1
1675	DPY30
1675	CXXC1
1675	ASH2L
1675	SETD1B
1675	HCFC2
1676	BCL2
1676	BECN1
1676	PIK3C3
1676	PIK3R4
1676	UVRAG
1677	MICU2
1677	MCU
1677	MICU1
1677	SMDT1
1677	MCUB
1678	CUBN
1678	AMN
1679	ERLIN1
1679	ERLIN2
1679	RNF170
1680	ZEB2
1680	KDM1A
1681	CUBN
1681	GIF
1682	WASH1
1682	KIAA0196
1682	KIAA1033
1682	CCDC53
1682	FAM21C
1683	COPS2
1683	GPS1
1683	CUL4B
1683	DDB1
1683	DTL
1684	CAPZB
1684	CAPZA1
1685	WASH1
1685	CAPZB
1685	CAPZA1
1685	KIAA0196
1685	KIAA1033
1685	CCDC53
1685	FAM21C
1686	VHL
1686	TCEB1
1686	TCEB2
1686	HIF1A
1687	CUL4A
1687	DDB1
1687	DTL
1688	TLE2
1688	CUL4B
1688	DDB1
1689	EED
1689	CUL4A
1689	DDB1
1690	WDR5
1690	CUL4A
1690	DDB1
1691	CUL4B
1691	DDB1
1691	WDR26
1692	CUL4A
1692	KDM6B
1692	DDB1
1693	CUL4A
1693	DDB1
1693	WDR5B
1694	CUL4A
1694	DDB1
1694	SNRNP40
1695	CUL4A
1695	DDB1
1695	WDR61
1696	CUL4B
1696	DDB1
1696	GRWD1
1697	OTC
1697	TOMM20
1697	TOMM22
1698	TOMM70
1698	TOMM40
1698	TOMM20
1698	TOMM5
1698	TOMM6
1698	TOMM22
1698	TOMM7
1699	TOMM40
1699	TOMM22
1699	TOMM7
1700	SOS1
1700	EPS8
1700	ABI1
1701	SOS1
1701	ABI1
1701	EPS8L1
1702	ESR1
1702	EP300
1702	NCOA1
1703	SOS1
1703	ABI1
1703	EPS8L2
1704	SOS1
1704	ABI1
1704	EPS8L3
1705	ERBB3
1705	L1CAM
1706	ERBB2
1706	L1CAM
1707	ATP2A2
1707	PLN
1708	VIM
1708	MAPK3
1708	KPNA2
1709	ATP2A2
1709	PLN
1709	ILK
1710	HSP90AA1
1710	ILK
1710	CDC37
1711	SMAD2
1711	LEMD3
1712	SLN
1712	ATP2A1
1713	SLN
1713	ATP2A1
1713	PLN
1714	SLN
1714	ATP2A2
1714	PLN
1715	ATP2A2
1715	KPNA1
1715	CALM1
1715	CAL
1715	CAMK2A
1716	TTBK2
1716	CEP164
1717	CCDC92
1717	CEP164
1718	USH1G
1718	USH1C
1719	PHLPP1
1719	USP1
1719	AKT1
1719	PHLPP2
1719	WDR48
1719	FANCD2
1719	FANCI
1720	CDH23
1720	USH1C
1721	VCP
1721	UBXN4
1721	UBQLN1
1722	GLI3
1722	DZIP1
1723	ZFYVE27
1723	ATL1
1724	KIF5A
1724	ZFYVE27
1725	UNC5B
1725	ADGRL3
1725	FLRT3
1726	UNC5D
1726	ADGRL3
1726	FLRT3
1727	ADGRL3
1727	FLRT3
1728	MYO7A
1728	PDZD7
1729	DZIP1
1729	CEP164
1730	TSC2
1730	HERC1
1731	IFT88
1731	DZIP1
1732	ZFYVE27
1732	REEP1
1733	REEP5
1733	ZFYVE27
1734	ZFYVE27
1734	VAPA
1735	GPX1
1735	SELENBP1
1736	DCDC2
1736	MAPK8IP1
1737	TLE1
1737	CUL4A
1737	DDB1
1738	KIF5B
1738	ZFYVE27
1739	TLE3
1739	CUL4B
1739	DDB1
1740	KIF5C
1740	ZFYVE27
1741	KIF5A
1741	RAB11B
1741	ZFYVE27
1742	RAB11A
1742	ZFYVE27
1743	RAB11B
1743	ZFYVE27
1744	SURF4
1744	ZFYVE27
1745	RTN3
1745	ZFYVE27
1746	VAPB
1746	ZFYVE27
1747	LRRC8E
1747	LRRC8B
1747	LRRC8D
1747	LRRC8A
1747	LRRC8C
1748	OBSL1
1748	CUL7
1748	CCDC8
1749	ZFYVE27
1749	SPAST
1750	KCNE1
1750	KCNH2
1751	OBSL1
1751	TP53
1751	RBX1
1751	CUL7
1751	CUL9
1751	FBXW8
1751	CCDC8
1752	KCNH2
1752	KCNE2
1753	USF1
1753	USF2
1754	LRRC8A
1754	LRRC8C
1755	LRRC8D
1755	LRRC8A
1756	LRRC8E
1756	LRRC8A
1757	CHRNA10
1757	CHRNA9
1758	TTC21B
1758	WDR19
1758	IFT140
1758	IFT122
1758	WDR35
1759	CDH5
1759	FLT4
1759	KDR
1760	FLOT1
1760	CBL
1760	SORBS1
1761	E2F1
1761	TFDP1
1762	CDK2
1762	CCNA1
1762	E2F1
1762	TFDP1
1763	FOXO3
1763	CREBBP
1764	HSP90AA1
1764	PTGES3
1765	ABL1
1765	BCAR1
1765	ABI1
1766	CEP290
1766	CCP110
1767	CEP290
1767	IQCB1
1768	CEP290
1768	CC2D2A
1769	CTNND1
1769	GLIS2
1770	NPHP1
1770	PKD1
1771	PKD1
1771	BBS5
1771	BBS1
1771	TTC8
1771	BBS4
1772	AP5Z1
1772	AP5B1
1772	ZFYVE26
1772	SPG11
1772	AP5M1
1772	AP5S1
1773	OBSL1
1773	CUL7
1773	CCDC8
1773	ANKRA2
1774	ZFYVE27
1774	ATL2
1775	NECTIN1
1775	PDZD11
1776	PDZD11
1776	NECTIN3
1777	ZFYVE27
1777	ATL3
1778	RTN2
1778	SPAST
1779	MPP3
1779	CADM1
1779	EPB41L3
1780	NF2
1780	WWC1
1781	SLC4A1
1781	ANK3
1781	RHBG
1782	MGAT1
1782	SLC35A3
1783	NEK2
1783	STK3
1783	SAV1
1784	MGAT2
1784	SLC35A3
1785	MGAT4B
1785	SLC35A3
1786	SLC35A2
1786	MGAT4B
1787	AP5Z1
1787	AP5B1
1787	AP5M1
1787	AP5S1
1788	MGAT5
1788	SLC35A3
1789	USP12
1789	WDR48
1789	WDR20
1790	USP46
1790	WDR48
1790	WDR20
1791	USP12
1791	WDR48
1792	USP46
1792	WDR48
1793	WASH1
1793	CCDC22
1793	CCDC93
1793	C16ORF62
1793	COMMD6
1793	COMMD7
1793	COMMD2
1793	COMMD1
1793	COMMD5
1793	COMMD4
1793	COMMD8
1793	COMMD9
1793	COMMD3
1793	FAM21C
1793	COMMD10
1794	PHKA1
1794	CALM1
1794	CAL
1794	PHKG1
1794	PHKB
1795	TADA3
1795	TAF10
1795	ATXN7L3
1795	TADA2B
1795	KAT2A
1795	TAF9B
1795	USP22
1795	TRRAP
1796	ODC1
1796	CCND1
1796	OAZ1
1797	SUPT3H
1797	TADA3
1797	TAF5L
1797	SUPT7L
1797	ADA
1797	TAF10
1797	ATXN7L3
1797	TAF12
1797	TAF9
1797	ATXN7L2
1797	TADA2B
1797	SUPT20H
1797	KAT2A
1797	SGF29
1797	TAF9B
1797	ATXN7L1
1797	USP22
1797	TRRAP
1797	TAF6L
1798	CCDC22
1798	CUL2
1798	COMMD1
1799	CCDC22
1799	CCDC93
1799	C16ORF62
1799	COMMD6
1799	COMMD7
1799	COMMD2
1799	COMMD1
1799	COMMD5
1799	COMMD4
1799	COMMD8
1799	COMMD9
1799	COMMD3
1799	COMMD10
1800	SMAD4
1800	SMAD2
1800	WWTR1
1801	MED15
1801	WWTR1
1802	SMAD3
1802	SMAD4
1802	WWTR1
1803	KCNIP4
1803	KCND3
1804	YAP1
1804	WWTR1
1805	WWTR1
1806	EP300
1806	KAT2B
1806	TBX5
1806	WWTR1
1807	ABCC9
1807	KCNJ11
1808	CTNNB1
1808	YAP1
1808	TBX5
1809	TADA2A
1809	TADA3
1809	WDR5
1809	DR1
1809	ZZZ3
1809	KAT2A
1809	SGF29
1809	KAT14
1809	MBIP
1809	YEATS2
1810	CCDC22
1810	CUL1
1810	COMMD8
1811	CCDC22
1811	CUL3
1811	COMMD8
1812	NPHP4
1812	LATS1
1813	NEK8
1813	WWTR1
1814	ATXN7
1814	SUPT3H
1814	TADA3
1814	TAF5L
1814	SUPT7L
1814	TAF10
1814	ATXN7L3
1814	TAF12
1814	TAF9
1814	TADA2B
1814	SUPT20H
1814	KAT2A
1814	TADA1
1814	SGF29
1814	SAP130
1814	ENY2
1814	USP22
1814	TRRAP
1814	TAF6L
1815	MAP3K7
1815	TADA2A
1815	TADA3
1815	WDR5
1815	DR1
1815	UBAP2L
1815	ZZZ3
1815	KAT2A
1815	SGF29
1815	KAT14
1815	POLE4
1815	POLE3
1815	MBIP
1815	YEATS2
1816	GLIS3
1816	SUFU
1817	AP3B1
1817	NEDD4
1817	CAPZB
1817	DNM2
1817	CAPZA1
1817	CLTC
1817	KIAA0196
1817	KIAA1033
1817	FKBP15
1817	FAM21A
1817	ARHGEF1
1817	ARHGEF2
1817	DOCK7
1817	PI4K2A
1818	PRDX1
1818	PI4K2A
1819	YWHAQ
1819	WWTR1
1820	CTNNB1
1820	GLIS2
1821	DVL2
1821	NPHP4
1821	RPGRIP1L
1821	INVS
1822	TMEM67
1822	MKS1
1823	TMEM67
1823	SYNE2
1824	TNF
1824	TNFRSF1B
1824	XPNPEP3
1825	IL13RA1
1825	TRAF3IP1
1826	TRIM32
1826	GLIS2
1827	TRIM32
1827	DTNBP1
1828	NEDD4
1828	PI4K2A
1829	CLTC
1829	PI4K2A
1830	PI4K2A
1830	BLOC1S6
1831	DVL1
1831	PI4K2A
1832	BBS12
1832	MKKS
1833	KCNQ1
1834	DVL1
1834	PIP5K1B
1834	PI4K2A
1835	SLC9A3R1
1835	CXCR2
1835	PLCB3
1836	TUBB
1836	TUBA1A
1836	TBCD
1837	KCNQ1
1837	KCNE2
1838	KCNQ1
1838	KCNE3
1839	CAPN1
1839	HSP90AB1
1840	PIP5K1B
1840	PI4K2A
1841	KCNQ1
1841	KCNE4
1842	KCNQ1
1842	KCNE5
1843	CAPNS1
1843	CAPN1
1844	KCNQ3
1844	KCNQ2
1845	TUBB
1845	ARL2
1845	TBCD
1846	TBCE
1846	TUBA1A
1846	TBCB
1847	TUBB
1847	ARL2
1847	TBCE
1847	TBCD
1848	STK4
1848	STK3
1848	DLG5
1849	KCNQ3
1849	KCNQ5
1850	KCNQ4
1850	CALM1
1850	CAL
1851	FLNA
1851	FILIP1
1852	RHOD
1852	FILIP1
1853	RHOD
1853	WHAMM
1854	ACTR3
1854	WHAMM
1855	GRIPAP1
1855	GRIP1
1856	RAD1
1856	HUS1
1856	RAD9A
1856	RHNO1
1857	CXCR2
1857	IQGAP1
1858	CXCR2
1858	YWHAG
1859	CXCR2
1859	VASP
1860	TOPBP1
1860	RHNO1
1861	RAD1
1861	HUS1
1861	RAD9B
1862	RAD1
1862	RAD9B
1862	HUS1B
1863	KCNH2
1863	SIGMAR1
1864	PRAME
1864	CUL2
1865	PCNA
1865	HIST2H2AC
1865	HIST2H2BE
1865	DNTTIP2
1866	PRAME
1866	TCEB1
1866	TCEB2
1867	AURKA
1867	INPP5E
1868	PDE6D
1868	RPGR
1868	INPP5E
1869	EIF4A3
1869	MAGOH
1869	SMG1
1869	UPF3B
1869	UPF2
1869	RBM8A
1870	HAP1
1870	AHI1
1871	AQP1
1872	KCNMA1
1872	LRRC26
1873	NPHP1
1873	AHI1
1874	SEC13
1874	NPRL3
1874	SZT2
1874	WDR59
1874	NPRL2
1874	SEH1L
1874	WDR24
1874	MIOS
1875	SZT2
1875	ITFG2
1875	C12ORF66
1875	KPTN
1876	BIRC5
1876	RASA1
1876	AURKB
1877	IL10RB
1877	IL10RA
1878	CNOT1
1878	CNOT3
1878	RQCD1
1878	CNOT6L
1878	CNOT10
1878	CNOT2
1878	CNOT7
1878	CNOT11
1878	CNOT6
1879	TBX18
1879	TBX20
1880	TLE1
1880	TBX20
1881	TLE3
1881	TBX20
1882	HDAC2
1882	TBX20
1883	NOS1AP
1883	SCRIB
1883	VANGL1
1884	PAK1
1884	ARHGEF7
1884	SCRIB
1884	GIT1
1885	UBE2A
1885	UBR4
1885	KCMF1
1886	VDAC1
1886	PPIF
1886	SPG7
1887	PODXL
1887	EZR
1887	CLIC5
1888	EZR
1888	SLC9A3R2
1888	SCHIP1
1889	ACTN4
1889	SLC9A3
1889	SLC9A3R2
1890	SLC9A3R1
1890	ACTN4
1891	SLC9A3R1
1891	EGFR
1891	PTEN
1892	SLC9A3R1
1892	PRKCZ
1893	SLC9A3R1
1893	EZR
1893	SLC34A1
1894	SLC9A3R1
1894	EZR
1894	PDZK1
1895	SLC9A3R2
1895	TRIP6
1895	LPAR2
1896	SIVA1
1896	LPAR2
1897	SIVA1
1897	S1PR4
1898	MET
1898	ITGB4
1898	S1PR1
1899	PRKCA
1899	S1PR1
1899	MAPK3
1899	MAPK1
1899	KDR
1900	S1PR2
1900	PRKCA
1900	MAPK3
1900	MAPK1
1900	KDR
1901	PRKCA
1901	MAPK3
1901	MAPK1
1901	KDR
1901	S1PR3
1902	PRKCA
1902	MAPK3
1902	MAPK1
1902	KDR
1902	S1PR5
1903	S1PR1
1903	ARRB2
1904	GNAI2
1904	IGF1R
1904	CXCR4
1904	GNB1
1905	ADRA1A
1905	CXCR4
1906	ADRB1
1906	CXCR4
1907	DRD4
1907	CUL3
1907	KLHL12
1908	ATG13
1908	ULK1
1908	ATG14
1908	PIK3C3
1909	APOL1
1909	HPR
1909	C3
1909	APOA1
1910	APOL1
1910	HPR
1910	IGHM
1910	APOA1
1910	FN1
1911	RBP4
1911	TTR
1912	PIP
1912	AZGP1
1913	CP
1913	LTF
1913	MPO
1914	CP
1914	LTF
1915	CP
1915	MPO
1916	S100A8
1916	S100A9
1917	S100A8
1917	S100A9
1917	NOS2
1918	FGFR1
1918	KLB
1918	FGF21
1919	FGF19
1919	FGFR4
1919	KLB
1920	FGFR4
1920	KLB
1921	FGFR4
1921	KLB
1921	FGF21
1922	SYNCRIP
1922	STAU1
1922	RPL26
1922	RPS6
1922	YBX1
1922	HNRNPU
1922	DHX9
1922	ELAVL1
1922	IGF2BP1
1923	LCK
1923	EPHA1
1923	PIK3R1
1923	PTK2B
1924	EMSY
1924	CCAR2
1924	ZNF335
1925	WDR5
1925	KDM6B
1925	ZNF335
1925	ASH2L
1926	CCAR2
1926	SIRT1
1927	ZNF326
1927	CCAR2
1928	IRF2BP2
1928	IRF2BP1
1928	IRF2BPL
1929	WDR5
1929	KDM6B
1929	DPY30
1929	ASH2L
1930	WDR5
1930	KDM6B
1930	ASH2L
1931	PRMT5
1931	RUNX1
1931	CBFB
1931	COPRS
1932	PRMT5
1932	COPRS
1933	PELP1
1933	WDR18
1933	SENP3
1933	TEX10
1933	LAS1L
1934	NOL9
1934	PELP1
1934	WDR18
1934	SENP3
1934	TEX10
1934	LAS1L
1935	PES1
1935	BOP1
1935	WDR12
1936	PRMT5
1936	ERH
1936	PRMT1
1936	WDR77
1936	CHTOP
1937	ERLIN2
1937	HSPA5
1937	HSP90B1
1937	BSG
1937	OS9
1937	SYVN1
1937	FAF2
1937	ERLEC1
1937	DERL2
1937	FAM8A1
1937	SEL1L
1937	UBE2J1
1937	AUP1
1938	HERC2
1938	UBE3A
1938	MAPK6
1938	NEURL4
1939	UBL4A
1939	BAG6
1939	GET4
1940	NR3C1
1940	CBX3
1940	EHMT2
1941	NR3C1
1941	CBX3
1941	EHMT1
1942	ERLIN2
1942	TMUB1
1942	AMFR
1943	INSIG1
1943	TMEM173
1943	AMFR
1944	BAG6
1944	FAF2
1944	AMFR
1945	RBX1
1945	CUL4A
1945	DDB1
1945	CRBN
1946	EXT1
1946	EXT2
1947	FANCG
1947	FANCA
1947	FANCC
1947	FAAP100
1947	FANCM
1947	FANCB
1947	FAAP24
1947	FANCE
1947	FANCF
1947	FANCL
1948	OS9
1948	FAF2
1948	SEL1L
1948	UBE2J1
1948	AUP1
1949	AXIN1
1949	LAMTOR5
1949	ATP6V1B2
1949	ATP6V0C
1949	ATP6V1A
1949	PRKAG1
1949	ATP6V0D1
1949	LAMTOR4
1949	PRKAA1
1949	STK11
1949	LAMTOR1
1949	LAMTOR3
1949	LAMTOR2
1949	PRKAB1
1950	TSC2
1950	TSC1
1950	TBC1D7
1951	PI4KA
1951	TTC7B
1951	GSPT2
1951	FAM126A
1952	PPHLN1
1952	MPHOSPH8
1952	FAM208A
1953	TUBG1
1953	TUBGCP3
1953	TUBGCP6
1953	TUBGCP5
1953	TUBGCP2
1953	TUBGCP4
1954	CIAO1
1954	SLC25A5
1954	ERCC2
1954	MMS19
1954	FAM96B
1955	CIAO1
1955	MMS19
1955	NARFL
1955	FAM96B
1956	CIAO1
1956	MMS19
1956	FAM96B
1957	SKP1
1957	CUL1
1957	FBXO10
1958	RBX1
1958	SKP1
1958	CUL1
1958	FBXO6
1959	RBX1
1959	SKP1
1959	CUL1
1959	FBXO17
1960	RBX1
1960	SKP1
1960	CUL1
1960	FBXO27
1961	RBX1
1961	SKP1
1961	CUL1
1961	FBXO44
1962	IRAK1
1962	PELI1
1962	IRAK4
1962	TRAF6
1963	GSK3B
1963	FBXW7
1963	CDX2
1964	CTNNB1
1964	FERMT2
1964	TCF7L2
1965	CTNNB1
1965	YBX1
1965	FERMT2
1966	ITGB3
1966	FGF1
1966	FGFR1
1967	EED
1967	EZH2
1967	PHF19
1968	ELN
1968	FBN1
1968	FBLN2
1969	ELN
1969	FBN1
1969	FBLN5
1970	FER
1970	PTK2
1970	CTTN
1971	LIMS1
1971	ILK
1971	PARVA
1972	ILK
1972	LIMS2
1972	PARVA
1973	MMP14
1973	BCAR1
1973	PTK2
1974	MAPK1
1974	PXN
1974	PTK2
1975	PXN
1975	ROBO4
1976	PAK1
1976	ARHGEF7
1976	GIT2
1977	AKT1
1977	FOXO1
1977	WDFY2
1978	VAMP2
1978	PRKCZ
1978	WDFY2
1979	TRIM28
1979	ZFP90
1979	FOXP3
1980	PRMT5
1980	SNAI1
1980	AJUBA
1981	PRKCZ
1981	SQSTM1
1981	TRAF6
1982	MYC
1982	KAT2A
1982	TRRAP
1983	KAT2A
1983	TRRAP
1984	MAPK3
1984	MAPK1
1984	PXN
1984	ARHGEF2
1985	LRP5
1985	TSPAN12
1985	NDP
1985	FZD4
1986	LRP6
1986	PTH
1986	PTH1R
1987	LGR5
1987	LRP6
1987	FZD5
1988	BRCA1
1988	RAD51
1988	BARD1
1989	IDH2
1990	IDH3B
1990	IDH3A
1990	IDH3G
1991	ITGB1
1991	LGALS3
1991	ITGA3
1991	CSPG4
1992	GFRA3
1992	RET
1992	ARTN
1993	MCIDAS
1993	GMNN
1993	CDT1
1994	RAB3A
1994	CHM
1994	RABGGTA
1995	DHX15
1995	GCFC2
1995	TFIP11
1996	GLRX3
1996	BOLA2
1997	GATC
1997	GATB
1997	QRSL1
1998	DYNC1I1
1998	DCTN1
1998	BICD2
1999	CTNNB1
1999	GID8
2000	AXIN1
2000	GSK3B
2000	GID8
2001	SPTLC1
2001	SPTLC2
2001	SPTLC3
2002	SPTLC1
2002	SPTSSB
2002	SPTLC3
2003	SPTLC1
2003	SPTSSA
2003	SPTLC3
2004	SPTLC1
2004	SPTLC2
2004	SPTSSB
2005	SPTLC1
2005	SPTLC2
2005	SPTSSA
2006	JUN
2006	PRR7
2006	FBXW7
2007	SPTLC1
2007	ORMDL3
2008	PTMA
2008	MARCKSL1
2008	ACTB
2008	SET
2009	PTMA
2009	PSMA1
2009	ANP32A
2009	SLC25A3
2009	C1QBP
2010	PTMA
2010	ANP32A
2010	ANP32B
2011	PTMA
2011	ANP32A
2011	RAB11A
2011	ANP32B
2012	PTMA
2012	SET
2013	VCL
2013	PTK2
2013	THSD1
2013	TLN1
2014	CYFIP1
2014	ABI3
2014	WASF2
2015	ITGB3
2015	FGF1
2015	ITGAV
2016	MAPK8IP2
2016	MAPK8IP1
2017	PLOD3
2017	ADIPOQ
2017	COLGALT1
2018	EGFR
2018	ST3GAL6
2019	SEPHS1
2019	TRNAU1AP
2019	SEPHS2
2019	SEPSECS
2020	PLOD2
2020	FKBP10
2021	CAPZB
2021	CAPZA3
2022	HTT
2022	PDE4B
2022	DISC1
2023	PPP2R1A
2023	PPP2R2A
2023	PPP2CA
2023	GRIN3A
2024	RACK1
2024	FERMT3
2025	ITGB1
2025	RACK1
2026	ITGB2
2026	RACK1
2027	GNB1
2027	GNAI1
2027	GNGT1
2028	GNB2
2028	GNAI1
2028	GNGT1
2029	GNB3
2029	GNAI1
2029	GNGT1
2030	GNAI1
2030	GNGT1
2030	GNB4
2031	GNB5
2031	GNAI1
2031	GNGT1
2032	GNG2
2032	GNB1
2032	GNAI1
2033	GNG2
2033	GNB2
2033	GNAI1
2034	GNB3
2034	GNG2
2034	GNAI1
2035	GNG2
2035	GNAI1
2035	GNB4
2036	GNB5
2036	GNG2
2036	GNAI1
2037	GNB1
2037	GNAI1
2037	GNG3
2038	GNB2
2038	GNAI1
2038	GNG3
2039	GNB3
2039	GNAI1
2039	GNG3
2040	GNAI1
2040	GNG3
2040	GNB4
2041	GNB5
2041	GNAI1
2041	GNG3
2042	NR3C1
2042	UPF1
2042	DCP1A
2042	PNRC2
2043	GNG4
2043	GNB1
2043	GNAI1
2044	GNG4
2044	GNB2
2044	GNAI1
2045	GNB3
2045	GNG4
2045	GNAI1
2046	GNG4
2046	GNAI1
2046	GNB4
2047	GNB5
2047	GNG4
2047	GNAI1
2048	GNB1
2048	GNAI1
2048	GNG5
2049	GNB2
2049	GNAI1
2049	GNG5
2050	MAPK1
2050	BLVRA
2050	PRKCD
2051	SSTR5
2051	PLCB3
2051	PDZK1
2052	SSTR1
2052	PLCB3
2052	PDZK1
2053	SSTR2
2053	PLCB3
2053	PDZK1
2054	SSTR3
2054	PLCB3
2054	PDZK1
2055	SSTR4
2055	PLCB3
2055	PDZK1
2056	IFNW1
2056	IFNAR1
2056	IFNAR2
2057	IFNA2
2057	IFNAR2
2058	IFNA2
2058	IFNAR1
2058	IFNAR2
2059	TLR2
2059	TLR1
2060	PIAS1
2060	SUMO1
2060	UBE2I
2061	UBE2N
2061	UBE2V2
2061	OTUB1
2062	PCCA
2062	PCCB
2063	KRIT1
2063	RAP1B
2063	HEG1
2064	GNB3
2064	GNAI1
2064	GNG5
2065	GNAI1
2065	GNG5
2065	GNB4
2066	GNB5
2066	GNAI1
2066	GNG5
2067	NFAT5
2067	WWTR1
2068	SMCR8
2068	C9ORF72
2068	WDR41
2069	SMCR8
2069	C9ORF72
2070	ATG13
2070	ULK1
2070	RB1CC1
2070	SMCR8
2070	C9ORF72
2070	ATG101
2070	WDR41
2071	GNG7
2071	GNB1
2071	GNAI1
2072	GNG7
2072	GNB2
2072	GNAI1
2073	GNG7
2073	GNB3
2073	GNAI1
2074	GNG7
2074	GNAI1
2074	GNB4
2075	GNB5
2075	GNG7
2075	GNAI1
2076	GNB1
2076	GNAI1
2076	GNG8
2077	GNB2
2077	GNAI1
2077	GNG8
2078	GNB3
2078	GNAI1
2078	GNG8
2079	GNAI1
2079	GNB4
2079	GNG8
2080	GNB5
2080	GNAI1
2080	GNG8
2081	GNG10
2081	GNB1
2081	GNAI1
2082	GNG10
2082	GNB2
2082	GNAI1
2083	GNB3
2083	GNG10
2083	GNAI1
2084	GNG10
2084	GNAI1
2084	GNB4
2085	GNB5
2085	GNG10
2085	GNAI1
2086	GNG11
2086	GNB1
2086	GNAI1
2087	GNG11
2087	GNB2
2087	GNAI1
2088	GNB3
2088	GNG11
2088	GNAI1
2089	GNG11
2089	GNAI1
2089	GNB4
2090	GNB5
2090	GNG11
2090	GNAI1
2091	GNB1
2091	GNAI1
2092	GNB2
2092	GNAI1
2092	GNG12
2093	GNB3
2093	GNAI1
2093	GNG12
2094	GNAI1
2094	GNB4
2094	GNG12
2095	GNB5
2095	GNAI1
2095	GNG12
2096	GNB1
2096	GNAI1
2096	GNG13
2097	GNB2
2097	GNAI1
2097	GNG13
2098	GNB3
2098	GNAI1
2098	GNG13
2099	GNAI1
2099	GNB4
2099	GNG13
2100	GNB5
2100	GNAI1
2100	GNG13
2101	GNB1
2101	GNAS
2101	GNGT1
2102	NR5A1
2102	ASAH1
2103	PSAP
2103	NR5A1
2103	ASAH1
2104	SPAG1
2104	DNAAF5
2104	DNAAF2
2105	AURKB
2105	VRK1
2106	SOX2
2106	VRK1
2107	NBN
2107	VRK1
2108	NBN
2108	RNF8
2108	VRK1
2109	UCHL1
2109	PRRX1
2110	UCHL1
2110	PRRX2
2111	PLG
2111	IGF2R
2111	PLAUR
2112	IGF2R
2112	PLAUR
2113	PLAU
2113	IGF2R
2113	PLAUR
2114	PLG
2114	PLAU
2114	TGFB1
2114	IGF2R
2114	PLAUR
2115	RC3H1
2115	NUFIP2
2116	PLAU
2116	PLAUR
2117	SHMT1
2117	ABRAXAS2
2118	SHMT2
2118	ABRAXAS2
2119	PTK2
2119	GRB7
2120	HSPA9
2120	GRPEL2
2120	GRPEL1
2121	GRPEL2
2121	GRPEL1
2122	HSPA9
2122	GRPEL1
2123	HSPA9
2123	GRPEL2
2124	TIMM44
2124	HSPA9
2124	GRPEL2
2124	GRPEL1
2125	PRKAR2A
2125	GSK3B
2125	GSKIP
2126	PRKAR2B
2126	GSKIP
2127	DNM1L
2127	PRKAR2A
2127	GSK3B
2127	GSKIP
2128	CCDC22
2128	CCDC93
2128	C16ORF62
2128	COMMD1
2129	CCDC22
2129	CCDC93
2129	C16ORF62
2130	CCDC93
2130	COMMD6
2130	COMMD1
2131	CCDC93
2131	C16ORF62
2131	COMMD1
2132	WASH1
2132	CCDC22
2132	CCDC93
2132	C16ORF62
2132	FAM21C
2133	VCP
2133	DERL1
2133	SELK
2134	SEC24B
2134	SEC23A
2135	SEC24B
2135	SREBF1
2135	SCAP
2135	SEC23A
2136	SEC24B
2136	SEC23A
2136	PREB
2136	SAR1B
2136	SEC23IP
2137	GNB2
2137	GNAS
2137	GNGT1
2138	GNB3
2138	GNAS
2138	GNGT1
2139	GNAS
2139	GNGT1
2139	GNB4
2140	GNB5
2140	GNAS
2140	GNGT1
2141	GNG2
2141	GNB2
2141	GNAS
2142	GNB3
2142	GNG2
2142	GNAS
2143	GNG2
2143	GNAS
2143	GNB4
2144	GNB5
2144	GNG2
2144	GNAS
2145	GNB1
2145	GNAS
2145	GNG3
2146	GNB2
2146	GNAS
2146	GNG3
2147	GNB3
2147	GNAS
2147	GNG3
2148	GNAS
2148	GNG3
2148	GNB4
2149	GNB5
2149	GNAS
2149	GNG3
2150	TSC2
2150	TSC1
2151	DVL1
2151	TSC2
2152	DVL1
2152	AXIN1
2152	TSC2
2152	GSK3B
2153	GNG4
2153	GNB1
2153	GNAS
2154	GNG4
2154	GNB2
2154	GNAS
2155	GNB3
2155	GNG4
2155	GNAS
2156	GNG4
2156	GNAS
2156	GNB4
2157	GNB5
2157	GNG4
2157	GNAS
2158	GNB1
2158	GNAS
2158	GNG5
2159	GNB2
2159	GNAS
2159	GNG5
2160	GNB3
2160	GNAS
2160	GNG5
2161	GNAS
2161	GNG5
2161	GNB4
2162	GNB5
2162	GNAS
2162	GNG5
2163	GNG7
2163	GNB1
2163	GNAS
2164	GNG7
2164	GNB2
2164	GNAS
2165	GNG7
2165	GNB3
2165	GNAS
2166	GNG7
2166	GNAS
2166	GNB4
2167	GNB5
2167	GNG7
2167	GNAS
2168	GNB1
2168	GNAS
2168	GNG8
2169	GNB2
2169	GNAS
2169	GNG8
2170	GNB3
2170	GNAS
2170	GNG8
2171	GNAS
2171	GNB4
2171	GNG8
2172	GNB5
2172	GNAS
2172	GNG8
2173	TP53
2173	MDM2
2174	CCNB1
2174	CCNF
2175	GCLC
2175	GCLM
2176	GNG10
2176	GNB1
2176	GNAS
2177	GNG10
2177	GNB2
2177	GNAS
2178	GNB3
2178	GNG10
2178	GNAS
2179	MCCC1
2179	MCCC2
2180	MAT2A
2180	MAT2B
2181	CNOT1
2181	CNOT3
2181	RQCD1
2181	TNKS1BP1
2181	CNOT10
2181	CNOT2
2181	CNOT7
2181	CNOT11
2181	CNOT6
2182	GNG10
2182	GNAS
2182	GNB4
2183	GNB5
2183	GNG10
2183	GNAS
2184	GNG11
2184	GNB1
2184	GNAS
2185	MAT1A
2185	MAT2B
2186	TIMM23
2186	TIMM8A
2186	TIMM13
2187	GNG11
2187	GNB2
2187	GNAS
2188	GNB3
2188	GNG11
2188	GNAS
2189	GNG11
2189	GNAS
2189	GNB4
2190	GNB5
2190	GNG11
2190	GNAS
2191	GNB1
2191	GNAS
2191	GNG12
2192	GNB2
2192	GNAS
2192	GNG12
2193	GNB3
2193	GNAS
2193	GNG12
2194	GNAS
2194	GNB4
2194	GNG12
2195	GNB5
2195	GNAS
2195	GNG12
2196	GNB1
2196	GNAS
2196	GNG13
2197	GNB2
2197	GNAS
2197	GNG13
2198	GNB3
2198	GNAS
2198	GNG13
2199	GNAS
2199	GNB4
2199	GNG13
2200	GNB5
2200	GNAS
2200	GNG13
2201	CNOT1
2201	CNOT3
2201	RQCD1
2201	CNOT6L
2201	TNKS1BP1
2201	CNOT10
2201	CNOT2
2201	CNOT7
2201	CNOT11
2202	CNOT1
2202	CNOT3
2202	RQCD1
2202	TNKS1BP1
2202	CNOT10
2202	CNOT2
2202	CNOT8
2202	CNOT11
2202	CNOT6
2203	CNOT1
2203	CNOT3
2203	RQCD1
2203	CNOT6L
2203	TNKS1BP1
2203	CNOT10
2203	CNOT2
2203	CNOT8
2203	CNOT11
2204	XRCC6
2204	XRCC5
2204	PRKDC
2204	DTNBP1
2205	ZDHHC6
2205	SELK
2206	MSL1
2206	MSL3
2206	KAT8
2206	MSL2
2207	OGT
2207	HCFC1
2207	WDR5
2207	KANSL1
2207	MCRS1
2207	PHF20
2207	KAT8
2207	KANSL2
2207	KANSL3
2208	ERCC2
2208	MMS19
2209	MMS19
2209	FAM96B
2210	HCFC1
2210	THAP11
2211	MTA2
2211	CHD4
2211	TWIST1
2211	RBBP7
2211	HDAC2
2212	DLGAP1
2212	DLC1
2212	MYO5A
2213	DLGAP1
2213	DLG4
2213	DYNLL2
2214	DRD2
2214	DISC1
2215	ATXN1
2215	CIC
2216	CHRNA7
2216	GRIN1
2217	CHRNA7
2217	GRIN2A
2218	SNCA
2218	TUBB3
2219	RPGRIP1
2219	SPATA7
2220	AURKA
2220	HRAS
2220	RAF1
2221	ANXA2
2221	ABCB1
2221	SRC
2221	RACK1
2222	ESR1
2222	MDM2
2223	MDM4
2223	ESR1
2224	MID1
2224	PPP2CA
2224	IGBP1
2225	BRD1
2225	KAT6B
2225	ING5
2225	KAT6A
2225	MEAF6
2226	KAT6B
2226	ING5
2226	KAT6A
2226	MEAF6
2226	BRPF3
2227	KAT7
2227	ING5
2227	MEAF6
2227	JADE2
2228	KAT7
2228	ING5
2228	JADE3
2228	MEAF6
2229	ABCB1
2229	TFPI2
2229	PPP2R3C
2230	HCFC1
2230	ZNF143
2230	THAP11
2231	HADHA
2231	HADHB
2232	ABCG8
2232	ABCG5
2233	ATP1B1
2233	AQP4
2233	KCNJ10
2233	MLC1
2233	TRPV4
2233	SNTG1
2234	NQO2
2234	AKT1
2235	DLD
2235	DLST
2235	OGDH
2235	KAT2A
2236	ATP1B1
2236	AQP4
2236	KCNJ10
2236	HEPACAM
2236	MLC1
2236	TRPV4
2237	HSPA1A
2237	CLTC
2237	HERC1
2238	ARNTL
2238	NPAS2
2239	ARNTL
2239	CLOCK
2240	ARNTL
2240	HIF1A
2241	ARNTL
2241	EPAS1
2242	BCL2
2242	CISD2
2243	CPN1
2243	CPN2
2244	BIN1
2244	RAB8A
2244	EHBP1
2245	FEN1
2245	WRN
2246	ETS1
2246	PRRX1
2247	HSP90AA1
2247	PKM
2247	GSK3B
2248	HEXIM1
2248	XRCC6
2248	XRCC5
2248	SFPQ
2248	MATR3
2248	PRKDC
2248	NONO
2248	PSPC1
2248	RBM14
2249	DTX3L
2249	ITCH
2250	HGS
2250	STAM
2250	LITAF
2251	LRP6
2251	SDC1
2251	ANGPTL4
2252	LRP6
2252	SDC2
2252	ANGPTL4
2253	LRP6
2253	SDC4
2253	ANGPTL4
2254	EIF2B2
2254	EIF2B5
2254	EIF2B3
2254	EIF2B4
2255	EIF2B2
2255	EIF2B5
2255	EIF2B1
2255	EIF2B3
2255	EIF2B4
2256	JUND
2256	TAP1
2257	ERCC1
2257	XPA
2257	RPA1
2258	EIF3B
2258	RGP1
2259	PTMA
2259	PSMA1
2259	ANP32A
2259	ACTB
2259	SLC25A3
2259	C1QBP
2260	SLC25A5
2260	PTMA
2260	PSMA3
2260	ANP32A
2260	ANP32B
2261	PRKCI
2261	PARD3B
2261	PARD6A
2262	EED
2262	HIC1
2262	SUZ12
2262	EZH2
2262	PHF19
2263	ADA
2263	DPP4
2264	EDN1
2264	EDNRA
2265	IL10
2265	IL10RA
2266	ARNTL
2266	CLOCK
2266	CRY1
2267	ESR1
2267	CTNNB1
2268	ESYT2
2268	ESYT1
2269	ESYT3
2269	ESYT1
2270	NFKB1
2270	STAT3
2271	STAT3
2271	RELA
2272	DDX5
2272	CTNNB1
2272	HDGF
2273	FCER1G
2273	CLEC4E
2274	MS4A2
2274	CLEC4E
2275	HINT1
2275	KAT5
2276	CDC34
2276	HINT1
2276	RBX1
2277	SP1
2277	HINT1
2278	RUNX1
2278	EP300
2278	HIPK2
2279	RHOA
2279	RAC1
2279	VANGL2
2280	RAB13
2280	MICALL1
2281	ZFP36
2281	HNRNPD
2282	ZFP36L1
2282	HNRNPD
2283	ZFP36L2
2283	HNRNPD
2284	CTNNAL1
2284	DTNA
2285	NLGN1
2285	NRXN1
2286	DISC1
2286	TRAK1
2287	RHOT1
2287	DISC1
2288	MTREX
2288	ZCCHC8
2288	RBM7
2289	ERBB2
2289	GDF15
2290	PARP1
2290	LIG3
2291	OGT
2291	HCFC1
2291	ASXL1
2292	IL15
2292	MFGE8
2293	TRIM25
2293	G3BP2
2294	SLC11A2
2294	NEDD4L
2294	NDFIP1
2295	TFRC
2295	TF
2296	ARAF
2296	PIK3R1
2297	SIX1
2297	EYA1
2298	EYA1
2298	SIX2
2299	KATNA1
2299	KATNB1
2299	KATNAL1
2299	KATNBL1
2300	KDM6B
2300	WDR5
2300	ASH2L
2301	RBX1
2301	CUL3
2301	KEAP1
2302	CUL3
2302	KCTD11
2303	CUL3
2303	KCTD6
2304	ARID1A
2304	PRMT5
2304	ACTL6A
2304	SMARCA2
2304	SMARCA4
2304	SMARCC2
2304	PHF10
2304	SMARCC1
2304	SMARCE1
2304	SMARCD1
2304	BRD7
2305	SMARCA2
2305	SMARCA4
2305	SUZ12
2305	BRD7
2305	PRMT7
2306	SMARCD1
2306	WDR77
2306	BRD7
2307	SUZ12
2307	EZH2
2307	BRD7
2308	PRMT5
2308	SMARCA2
2308	SMARCA4
2308	PHF10
2308	SMARCE1
2308	BRD7
2308	PAG1
2309	RCCD1
2309	KDM8
2310	OOEP
2310	NLRP5
2310	KHDC3L
2310	TLE6
2311	FYN
2311	PLCG1
2311	KHDRBS1
2312	PTBP1
2312	HNRNPH1
2312	KHSRP
2312	PTBP2
2313	PHB
2313	HIRA
2313	UBN1
2313	CABIN1
2314	OGT
2314	HIRA
2314	UBN1
2314	CABIN1
2315	PARP9
2315	DTX3L
2316	STAT1
2316	PARP9
2316	DTX3L
2317	RUNX2
2317	HIVEP3
2317	WWP1
2318	CENPB
2318	HIST1H2BB
2318	CENPA
2318	HIST1H4A
2318	CENPC
2318	SSRP1
2318	CENPL
2318	HJURP
2318	CENPI
2318	CENPT
2318	CENPN
2318	HIST1H2AA
2318	RSF1
2318	CENPH
2318	SUPT16H
2319	KCNA2
2319	KCNA1
2319	KCNAB2
2320	ITGB3BP
2320	CENPP
2320	CENPU
2320	CENPQ
2320	CENPL
2320	CENPI
2320	CENPN
2320	CENPK
2320	CENPO
2320	CENPH
2320	CENPM
2321	LGI1
2321	ADAM22
2322	PKM
2322	SREBF1
2323	TMEM173
2323	TBK1
2324	HDAC3
2324	AKT1
2324	APPL1
2325	TOP3B
2325	TDRD3
2326	ARRB1
2326	ARHGEF18
2326	ENAH
2327	PRMT5
2327	CAPG
2328	CENPA
2328	HIST1H4A
2328	HJURP
2329	GJB2
2329	PTK2
2329	NANOG
2330	STX6
2330	CFTR
2330	GOPC
2331	HK1
2331	VDAC1
2332	TP53
2332	TSPY1
2332	USP7
2333	TSPY1
2333	TSPYL5
2333	USP7
2334	CEP55
2334	PPP1R13L
2335	PPP1CA
2335	PPP1R13L
2336	ROCK1
2336	ISLR2
2337	OSBP
2337	RAB11A
2337	KIAA1468
2338	ATF2
2338	HK1
2338	VDAC1
2339	KIAA0391
2339	TRMT10C
2339	HSD17B10
2340	TRMT10C
2340	HSD17B10
2341	FLCN
2341	FNIP2
2342	KIF11
2342	MYSM1
2342	KAT2B
2343	KIF23
2343	RACGAP1
2343	ECT2
2344	KIF23
2344	RACGAP1
2345	PTPN11
2345	HOOK1
2346	RAB8A
2346	PCM1
2346	HOOK2
2347	EXOSC10
2347	EXOSC9
2347	EXOSC2
2347	EXOSC7
2347	EXOSC6
2347	DIS3L
2347	EXOSC8
2347	MPHOSPH6
2347	EXOSC4
2347	EXOSC5
2347	EXOSC3
2347	EXOSC1
2348	PRKCI
2348	PARD3
2348	HOOK2
2348	PARD6A
2349	KLC3
2349	HOOK2
2349	LRGUK
2349	RIMBP3
2350	GLRA1
2350	GLRB
2351	GABRD
2351	GABRA1
2351	GABRB2
2352	AP1G2
2352	AP1S1
2352	AP1B1
2352	AP1M1
2353	CTAGE5
2353	MIA3
2353	PREB
2354	PLK1
2354	DYNLL1
2354	SGO2
2354	SPAG5
2354	KNSTRN
2355	HDAC3
2355	NCOR1
2355	HIST1H1D
2355	NCOR2
2356	TOR1A
2356	TOR1AIP1
2357	ARL1
2357	ARFIP2
2357	ARF1
2357	PKD2
2358	HAS2
2358	HAS1
2359	HAS3
2359	HAS2
2360	HDAC3
2360	DTNBP1
2361	NFE2L1
2361	EGLN2
2361	PPARGC1A
2362	HMMR
2362	CD44
2362	MAPK3
2362	MAPK1
2363	KCNB1
2363	KCNE2
2364	KCNE1
2364	KCNB1
2365	KIT
2365	IL1RL1
2365	IL1RAP
2366	KIT
2366	IL1RAP
2367	SCAP
2367	SREBF2
2367	PAQR3
2368	SCAP
2368	SREBF2
2369	RBX1
2369	CUL3
2369	KLHL7
2370	CUL3
2370	KLHL8
2371	INSIG1
2371	SCAP
2372	INSIG1
2372	PAQR3
2373	PDCD6
2373	CUL3
2373	KLHL12
2373	PEF1
2374	RBX1
2374	CUL3
2374	KLHL9
2374	KLHL13
2375	RBX1
2375	CUL3
2375	KLHL20
2376	RBX1
2376	CUL3
2376	KLHL24
2377	CUL3
2377	KLHL25
2378	APP
2378	VDAC1
2379	CUL3
2379	KLHL42
2380	EPCAM
2380	CTNNB1
2380	FHL2
2380	LEF1
2381	CD44
2381	LRP1
2382	OGT
2382	KMT2E
2382	USP7
2383	ZW10
2383	KNTC1
2383	ZWILCH
2384	NDC80
2384	ZWINT
2384	SPC24
2384	KNL1
2384	MIS12
2385	SPN
2385	KPNB1
2385	SMN1
2385	SMN2
2386	LRP6
2386	DKK1
2386	KREMEN1
2387	SNAPIN
2387	BLOC1S1
2387	BLOC1S2
2387	BORCS5
2387	BORCS7
2387	BORCS8
2387	BORCS6
2387	KXD1
2388	SEPT7
2388	MAPK6
2388	MAPKAPK5
2389	LAGE3
2389	TP53RK
2389	OSGEP
2389	TPRKB
2390	RBX1
2390	PRAME
2390	CUL2
2390	LAGE3
2390	TCEB1
2390	TCEB2
2390	OSGEP
2391	WASL
2391	DVL2
2391	DIAPH1
2391	MAP2K2
2391	IQGAP1
2391	PXN
2391	MAP2K1
2391	PTK2
2391	LGR4
2391	RSPO3
2392	GPSM2
2392	INSC
2392	PARD3
2393	WASF3
2393	NCKAP1
2394	RAC1
2394	WASF3
2394	NCKAP1
2395	PABPC1
2395	LARP1
2395	RYDEN
2396	LGR5
2396	RSPO1
2396	RNF43
2397	CCNT1
2397	HEXIM1
2397	CDK9
2397	LARP7
2398	SYT7
2398	SUMO1
2399	SIAH2
2399	ZYX
2399	LATS2
2400	APP
2400	PSEN1
2401	APP
2401	PSEN2
2402	VHL
2402	TCEB1
2402	TCEB2
2403	APBB1
2403	APP
2403	KAT5
2404	SHLD3
2404	SHLD2
2404	SHLD1
2404	MAD2L2
2405	APP
2405	MED12
2406	MAP2K4
2406	NBR1
2406	MAP3K3
2407	MED7
2407	MED14
2407	MED24
2407	MED6
2407	ESR1
2407	CCNC
2407	CDK8
2407	EP300
2407	MED21
2407	MED1
2407	NCOA1
2407	MED12
2407	MED10
2407	MED20
2407	MED17
2407	MED13
2407	MED23
2407	MED16
2408	MED7
2408	MED14
2408	MED24
2408	MED6
2408	CCNC
2408	CDK8
2408	EP300
2408	MED21
2408	MED1
2408	NCOA1
2408	ESR2
2408	MED12
2408	MED10
2408	MED20
2408	MED17
2408	MED13
2408	MED23
2408	MED16
2409	CCNC
2409	CDK8
2409	MED12
2409	MED13
2410	CCNC
2410	CDK8
2410	MED12
2411	CCNC
2411	CDK8
2411	MED13
2412	ESR1
2412	FOXO1
2413	FOXO3
2413	APP
2414	APP
2414	FOXO1
2415	APP
2415	FOXO4
2416	MAP2K3
2416	AKAP13
2416	PKN1
2416	MAPK14
2416	MAP3K20
