gene,module,program,umap1,umap2
CD3E,1,other,3.4034755,3.115368
CORO1A,1,other,2.666958,3.1002293
RAC2,1,other,2.7637613,3.0100472
PTPRC,1,other,2.8110006,3.0925262
CD52,1,other,2.7649748,3.0410922
CD3D,1,other,3.4687884,3.1348896
CD2,1,other,3.5332854,3.1063933
HCST,1,other,2.8609655,3.102684
CD37,1,other,2.64047,3.1960516
KRT19,0,other,-3.2968159,7.617686
CD69,1,IFN_gamma,3.1688976,3.1397173
LAPTM5,1,other,2.4660466,3.3172429
LCK,1,other,3.6173453,3.216017
ARHGDIB,1,other,2.3272686,3.236094
BTG1,1,IFN_gamma,1.6692833,3.7271414
KRT18,0,other,-3.3263612,7.67188
SRGN,1,other,2.5416524,3.3037817
KRT8,0,other,-3.2858853,7.6316795
CD7,1,other,3.617009,3.0819695
C1S,2,IFN_alpha,1.1117302,10.012215
LIMD2,1,other,2.746711,3.0609355
TTK,7,G2M,1.9459205,15.512173
CXCR4,1,other,2.9356155,3.1862543
CALD1,2,other,0.8589833,9.282458
BRIP1,7,S_phase,2.0310705,15.408799
SERPING1,2,IFN_gamma,1.189256,9.109894
IL32,1,other,3.4644654,3.0821369
CST7,1,other,4.1747255,3.0234714
CD24,0,other,-3.4251506,7.5495706
HJURP,7,G2M,1.7044917,15.752838
EVL,1,other,3.2618709,3.3748152
TRBC2,1,other,3.5742218,3.2327056
IL2RG,1,other,2.9542253,3.0088313
CYTIP,1,other,3.1168797,3.2080474
FYB1,1,other,2.6595278,3.238896
SPINT2,0,other,-3.434217,7.562457
COL6A2,2,other,0.93298066,9.821879
EXO1,7,S_phase,1.975947,15.504407
GZMA,1,IFN_gamma,4.4619737,3.0268443
E2F8,7,S_phase,2.0039797,15.492904
S100A13,0,other,-0.5367319,8.029891
CCL5,1,IFN_gamma,4.1682043,3.0525513
HLA-E,1,other,1.3477988,3.9002578
CKAP2L,7,G2M,1.5113966,15.817413
KRT7,0,other,-3.3248403,7.721968
BATF2,7,IFN_alpha,2.1848261,15.183305
NEK2,7,G2M,1.7991232,15.650053
CDC25C,7,G2M,2.0939333,15.376224
FCER1G,4,other,2.9892821,7.5781245
CDC45,7,S_phase,1.8443695,15.604376
CDCA2,7,G2M,1.4034992,15.8698435
KIF2C,7,G2M,1.4581275,15.890161
CCNE2,7,S_phase,1.7609609,15.54567
AURKB,7,G2M,1.1375453,15.799084
DLGAP5,7,G2M,1.2927351,15.967657
C1R,2,IFN_gamma,1.2000738,10.172026
COL6A1,2,other,0.90050435,10.054474
TYROBP,4,other,2.8377786,7.4440484
GSN,2,other,1.2218819,8.599721
KIF11,7,G2M,1.5192089,15.821549
GAS2L3,7,G2M,2.1116216,15.232038
CST3,4,other,1.3688154,8.174296
ANLN,7,G2M,1.3181458,15.936783
SPARC,2,other,1.2269849,9.188195
IGFBP7,2,other,1.4904715,9.037226
CD9,0,other,-0.1754073,8.217612
CDC6,7,S_phase,1.8435386,15.5372715
IGFBP4,2,other,1.251248,8.986664
BUB1,7,G2M,1.4660066,15.811193
HMMR,7,G2M,1.3674318,15.895413
DTL,7,S_phase,1.6452029,15.614883
GTSE1,7,G2M,1.1176062,15.88553
LCP1,1,other,2.6235917,3.376009
KIF23,7,G2M,1.2103076,15.91357
SARAF,1,other,1.4738747,3.860693
MDK,0,other,-0.6179049,8.217006
RAD51,7,S_phase,1.8445681,15.599428
CD68,4,other,2.760659,7.698589
AIF1,4,other,2.9974566,7.679021
NKG7,1,other,4.5689726,3.047825
GPSM3,1,other,2.5336666,3.3325806
ZFP36L2,1,other,1.5134826,3.9526572
CENPA,7,G2M,1.1862707,15.944436
AZGP1,0,other,-3.3339067,7.596599
APP,2,other,0.9017032,8.631736
FXYD3,0,other,-3.4432263,7.7097383
PLA2G4A,7,IFN_gamma,2.1787035,15.032886
ACAP1,1,other,3.4648428,3.5478647
LTB,1,other,3.4557698,3.669107
AEBP1,2,other,1.0541463,10.129059
LYZ,4,other,3.0329232,7.677094
BGN,2,other,0.78901404,9.808493
FSTL1,2,other,1.0849644,10.039929
NUF2,7,G2M,1.1316129,15.886263
SPARCL1,2,other,1.7267574,9.0438385
GMFG,1,other,2.553939,3.3250742
BANK1,7,IFN_gamma,2.2777493,14.76331
IL7R,1,other,3.4710858,3.5957174
SERPINF1,2,other,1.2348572,9.878269
SPI1,4,other,3.092567,7.492051
MALAT1,5,other,1.447929,5.429045
MMP2,2,other,1.0997237,10.165435
CDCA3,7,G2M,1.058047,15.845589
CD3G,1,other,3.901488,3.4168944
CD274,7,IFN_gamma,2.2785742,14.850918
AURKA,7,G2M,1.100854,15.887843
PSRC1,7,G2M,1.4258728,15.81466
CAVIN1,2,other,1.464906,9.107395
DCN,2,other,1.0607504,10.113641
LCP2,1,IFN_gamma,2.6772828,3.3678267
GRN,4,other,1.5623024,7.924498
MYL9,2,other,0.64336467,9.323088
ITGB2,1,other,2.4027603,3.582071
DSCC1,7,S_phase,1.7812643,15.605617
IL7,7,IFN_alpha,2.1598299,14.974714
CDCA8,7,G2M,0.99675107,15.834897
NUPR1,0,other,-0.60793334,8.24181
PCOLCE,2,other,1.2193751,10.198218
TSC22D3,1,other,1.6056491,3.9057226
TNFAIP3,1,IFN_gamma,2.6147034,3.4294999
P2RY14,7,IFN_gamma,2.1455357,15.004068
SELP,7,IFN_gamma,2.1111126,14.930061
TBC1D10C,1,other,3.6596453,3.425211
MGST1,0,other,-3.349525,7.5870633
BLM,7,S_phase,1.6094943,15.52867
HSPG2,2,other,1.9545568,9.134492
SH3BGRL3,1,other,0.25714925,4.026206
KLRK1,7,IFN_gamma,2.1272879,15.142141
SERPINH1,2,other,0.9466137,9.253195
FN1,2,other,1.0222253,9.5206175
LMNA,2,other,0.8505055,8.760349
CTSK,2,other,1.1718302,10.477874
LAT,1,other,3.9058497,3.3961306
MGP,0,other,-0.71084076,8.424873
SEPT1,1,other,3.5944493,3.4774864
A2M,2,other,2.0329964,9.053852
CENPE,7,G2M,1.0657353,15.881982
COL1A2,2,other,0.92097604,9.921561
RGS1,1,other,2.5736372,3.4120672
CTSW,1,other,4.702899,3.1236048
FCGR1A,4,IFN_gamma,2.5376222,13.9201765
HLA-A,1,IFN_gamma,1.3052689,3.917692
COL5A2,2,other,0.94446635,10.373712
LUM,2,other,1.0587586,10.22548
ADIRF,0,other,-0.3725635,7.9753995
TM4SF1,6,other,0.5015782,8.224869
SPOCK2,1,other,3.9881074,3.5063396
CLSPN,7,S_phase,0.90230644,15.465609
TRAC,1,other,3.9629478,3.3520863
BCAM,6,other,1.0030845,8.3091
TIMP3,2,other,1.3526912,9.108366
C1QC,4,other,2.866477,7.6255097
CRIP2,2,other,0.6785894,8.322752
IFI30,4,IFN_alpha,2.573465,13.692431
S100A14,0,other,-3.4962225,7.6437783
MARCKSL1,0,other,-0.6728406,7.7423744
CCNB2,7,G2M,0.7554135,15.709277
HCLS1,1,other,2.678332,3.456216
ALOX5AP,1,other,3.013183,3.2250512
CD8A,1,other,4.617794,3.0778248
PSMB9,1,IFN_alpha,1.1883622,3.6978624
TPM1,2,other,0.31783018,9.082976
IL2RB,1,IFN_gamma,3.9610796,3.3983405
UHRF1,7,S_phase,0.81722987,15.4293585
SFRP2,2,other,1.0821308,10.204109
RARRES2,2,other,1.2457763,10.250385
C1QB,4,other,2.8126743,7.6022544
GPR18,7,IFN_gamma,2.1730769,15.064668
CD48,1,other,2.7866077,3.1940095
PTGS2,7,IFN_gamma,2.26503,14.870797
CD27,1,other,3.9966466,3.4325876
CNN3,2,other,0.9750397,9.052671
RNASE1,6,other,2.571189,8.883367
DUSP2,1,other,3.3157454,3.1636062
COL4A2,2,other,1.8965036,9.1471615
S100A16,0,other,-0.50255877,7.9013968
IL6,7,IFN_gamma,2.240832,14.969213
ISG20,1,IFN_alpha,2.6867726,3.0354402
DSTN,0,other,-0.6247492,7.8397417
FCGRT,4,other,1.6696216,7.874818
COL3A1,2,other,0.9132385,10.036532
RRM2,7,S_phase,0.28038567,15.29166
IDO1,7,IFN_gamma,2.224148,14.660845
FPR1,7,IFN_gamma,2.5404754,14.209344
VCAN,2,other,0.8838572,10.359093
S100A4,1,other,0.79755956,4.117537
RPS29,9,other,-1.4360758,3.2811358
CTSB,4,other,1.7243364,7.865601
STK17A,1,other,3.3112297,3.3607326
GLUL,4,other,0.075535595,7.1464615
C1QA,4,other,2.9288225,7.6197877
TPM2,2,other,0.60544914,9.494899
CHAF1B,7,S_phase,1.5975994,15.468069
LSP1,1,other,2.1379611,3.6767354
COL1A1,2,other,0.9530126,9.926086
CTHRC1,2,other,0.7172733,10.34034
CD86,4,IFN_gamma,2.5380447,13.997405
TCF4,2,other,1.8584088,9.021071
TRBC1,1,other,3.9285898,3.4185283
SECTM1,7,IFN_gamma,2.2308683,14.882011
LGALS3BP,2,IFN_alpha,1.2346731,9.442041
HLA-DRA,4,other,3.311875,6.8973637
CXCL11,7,IFN_alpha,2.2407286,14.501902
CD59,2,other,0.67154926,8.599955
HLA-B,1,IFN_gamma,1.2902977,3.8898768
LAPTM4A,2,other,0.94593316,8.536857
RPS15A,9,other,-1.6474688,2.801943
HLA-DRB5,4,other,3.3164334,6.9133644
MS4A6A,4,other,2.9797616,7.7195487
JUNB,19,other,1.5236592,4.333225
IFI27,2,IFN_alpha,1.4722477,8.742007
CCL4,1,other,4.406754,3.0329978
TRAF3IP3,1,other,3.5929163,3.6460772
RAD51AP1,7,S_phase,0.923977,15.6165085
CCDC80,2,other,1.1352595,10.412851
PRSS23,2,other,1.1074823,9.264753
TIMP1,2,other,1.1593945,8.679926
RPL35A,9,other,-1.7118763,2.6346524
SERPINA1,4,other,3.0318422,7.773713
RPS3,9,other,-1.7832844,2.5603025
RPS14,9,other,-1.8223876,2.4395173
HLA-DPA1,4,other,3.2648654,6.852643
COL6A3,2,other,0.86043227,10.186334
RPL5,9,other,-1.5132383,3.3326628
GIMAP4,1,other,2.9659846,3.6623812
ISLR,2,other,1.0942042,10.359617
NDC80,7,G2M,0.9392135,15.800528
CD53,1,other,2.671426,3.4020576
CD63,4,other,1.2209475,8.197335
LAMP3,7,IFN_alpha,2.0917544,14.8212385
HLA-DRB1,4,IFN_gamma,3.2767065,6.9185305
IFITM2,1,IFN_alpha,0.8398492,4.2656784
HLA-DQA1,4,IFN_gamma,3.2762175,6.90483
LRP1,2,other,1.347743,10.367781
TMEM176B,4,other,2.1511757,8.249274
NEAT1,5,other,1.4633055,6.0052314
RAB13,0,other,-0.52635324,7.70507
GIMAP7,1,other,3.3702056,4.086329
NNMT,2,other,1.0788665,9.475874
HLA-DQB1,4,other,3.2327702,6.9424367
GMPR,7,IFN_alpha,2.1795726,14.75421
THY1,2,other,0.98852766,10.248929
RPS27A,9,other,-1.8233284,2.3689747
CAV1,2,other,1.8295416,9.293895
PTPRCAP,1,other,3.5129716,3.3370843
RHOB,0,other,0.0052223634,7.7606454
CMKLR1,7,IFN_gamma,2.371406,14.493185
RPS21,9,other,-1.7334524,2.501139
IFITM3,2,IFN_alpha,1.0467821,8.500225
XBP1,0,other,-3.3284655,7.7474465
FXYD5,1,other,1.464238,3.7973936
RPSA,9,other,-1.527215,3.4925368
RPS3A,9,other,-1.7796519,2.721314
CD74,4,IFN_alpha,3.371256,6.855291
CDK1,7,G2M,0.15235154,15.346456
METTL7B,7,IFN_gamma,2.1291087,15.258013
SMIM22,0,other,-3.617137,7.798912
IFITM1,1,IFN_alpha,1.0017292,4.0213804
SLC9A3R1,1,other,2.1544564,4.78136
PSAP,4,other,1.4355693,7.8705707
RPS23,9,other,-1.8276725,2.512183
SELENOM,0,other,-0.16744922,8.389774
RPS12,9,other,-1.8595891,2.1580107
HLA-DMA,4,IFN_gamma,3.2688425,6.9059954
RPL30,9,other,-1.9525524,2.2495425
CDC20,7,G2M,0.2223431,15.410999
HLA-C,1,IFN_alpha,1.3199636,3.9382937
TMSB4X,1,other,0.50415945,3.7955809
RPL32,9,other,-1.8712496,2.175697
TACSTD2,0,other,-3.4404192,7.6015315
RPS27,9,other,-1.7681228,2.28724
RPL14,9,other,-1.6240256,2.8448994
CTSS,4,other,2.9653118,7.18011
CYBA,1,other,2.1219416,3.5450091
PFN1,1,other,0.013996251,4.073846
ZFP36,19,other,1.5479724,4.454856
MKI67,7,G2M,0.08437651,15.249894
RPS25,9,other,-1.5654278,2.7611725
TIMP2,2,other,1.2115463,10.310341
GATA3,0,other,-3.0586994,7.327035
BIRC5,7,G2M,0.13618378,15.257787
CD247,1,other,4.0822096,3.6191046
RPS7,9,other,-1.6541723,2.6299927
RPL21,9,other,-1.623317,3.1137323
CLDN4,0,other,-3.5387568,7.6640897
RPS6,9,other,-1.831274,3.010727
CTSL,4,other,2.2734623,8.142386
FGL2,4,IFN_gamma,2.5963624,13.715996
UBE2C,7,G2M,0.06361605,15.203962
NME4,0,other,-1.1037568,7.7410984
POLA1,7,S_phase,1.7655778,15.119943
COL4A1,2,other,1.9506015,9.15879
RPS16,9,other,-1.7973695,3.0633004
RPL10A,9,other,-1.7084911,3.3929043
RPL39,9,other,-1.81755,2.10147
CXCL10,7,IFN_alpha,2.4278789,13.989994
RPS5,9,other,-1.707481,3.0995774
TOP2A,7,G2M,0.082275786,15.298015
CYB5A,0,other,-0.87652344,8.043189
RPS13,9,other,-1.7009672,2.6682827
RPL26,9,other,-1.4288949,3.4496598
MYL12A,1,other,0.25489244,4.110708
SOX4,0,other,-0.6053569,8.000377
NPC2,4,other,1.6455806,7.835297
RPL36,9,other,-1.8473217,2.3872256
RPL23A,9,other,-1.7098268,3.0745528
B2M,1,IFN_alpha,1.1133251,3.9033022
NUSAP1,7,G2M,0.10010195,15.378248
COL5A1,2,other,0.9725883,10.764649
RPL29,9,other,-1.7308046,2.7647293
RPS18,9,other,-2.033211,2.1815715
PSME1,1,IFN_alpha,0.31199622,4.1156883
DUSP1,19,other,1.6154013,4.420667
HLA-DPB1,4,other,3.207496,6.8898673
RPL6,9,other,-1.6484499,2.844438
BTF3,9,other,-1.2919065,3.7082713
RPL18,9,other,-1.7463737,2.5746446
CRABP2,0,other,-0.8175217,8.275785
CFH,2,IFN_gamma,1.302294,10.103613
RPL34,9,other,-1.7902004,2.313299
TAGLN,2,other,0.49549383,9.406209
BEX3,0,other,-0.63373536,8.216172
ECT2,7,G2M,1.0881299,15.70617
SELL,1,IFN_alpha,3.5476682,4.067738
RPL18A,9,other,-1.8504909,2.1541924
H2AFJ,0,other,-1.5911734,7.3977895
TXN,0,other,-1.2826949,6.062435
RPS4X,9,other,-1.7705748,2.609754
TSTD1,0,other,-2.792005,7.003271
MIF,0,other,-1.3925152,5.0584445
TYMS,7,S_phase,0.17617287,15.083926
RPL7A,9,other,-1.6792637,2.7643547
RPL9,9,other,-1.6374873,3.1511662
TXNIP,5,IFN_alpha,1.6194012,3.7956893
XIST,5,other,1.7856618,6.0427275
RPL36AL,9,other,-0.9543782,3.8593688
TPX2,7,G2M,0.072163135,15.30087
PSMA2,7,IFN_gamma,2.0362153,15.009167
RPL37,9,other,-1.8992237,2.2680042
CD151,2,other,0.52287066,8.559875
FBLN1,2,other,1.4597052,10.647594
RPL15,9,other,-1.5612363,2.9847343
APOC1,4,other,2.7820385,7.726239
COTL1,1,other,2.0483425,3.7395358
RPL8,9,other,-1.8774649,2.2457888
ATOX1,0,other,-0.75232524,6.4726415
GZMK,1,other,4.5479794,3.3768926
COX6C,0,other,-1.7477311,5.2230663
RPL3,9,other,-1.8264269,3.293275
CXCL12,2,other,1.36195,10.229929
ANXA2,0,other,-0.24037962,6.2613173
DDX5,5,other,1.020748,5.2132154
EEF1B2,9,other,-1.5833257,3.5366726
RACK1,9,other,-1.5507667,3.5065837
FAU,9,other,-1.3898332,2.9636967
RAMP2,6,other,2.5758576,9.16442
LGALS3,2,other,0.057871714,6.4746923
APOE,4,other,2.449761,7.967667
IL10RA,1,IFN_gamma,2.9183447,3.588021
CCL7,7,IFN_gamma,2.2880638,14.887247
IRF8,4,IFN_gamma,2.5234926,14.089914
GZMM,1,other,4.326154,3.5138817
ENG,6,other,2.5464838,9.060369
ATP5MG,9,other,-1.1264222,4.1098156
PTMS,0,other,-0.595925,7.3910875
WDR76,7,S_phase,0.9727961,15.275846
IRF4,7,IFN_gamma,2.0405288,14.706563
CD38,7,IFN_gamma,2.0376558,14.595001
PRDX1,0,other,-0.83636713,6.1855364
MCM2,7,S_phase,0.9108232,15.336382
RPL24,9,other,-1.5663457,3.0873175
RPL19,9,other,-1.9198773,2.2021527
RPL11,9,other,-1.8232191,2.1777673
RPL12,9,other,-1.7804216,2.3275018
RPS19,9,other,-1.925725,2.1858408
MXRA8,2,other,1.2358547,10.726002
ASAH1,4,other,0.287241,7.3005204
GSTP1,0,other,-0.20121193,6.155343
GNG11,6,other,2.2263513,9.112959
NACA,9,other,-1.4740093,3.3744705
NME2,0,other,-1.3848176,6.2785087
GRINA,4,other,0.17708069,7.0240455
SELENOP,0,other,-0.6358531,8.235903
CSF2RB,7,IFN_gamma,2.2089796,14.651354
STMN1,7,other,-1.3924527,6.9382915
RPLP0,9,other,-1.8206949,3.083657
RPS8,9,other,-1.8992698,2.1044588
EMP3,1,other,1.2320933,4.044607
ITM2B,1,other,0.8285687,4.838779
GAPDH,0,other,-0.7884832,5.0461535
RPL13,9,other,-1.8612125,2.0885007
GINS2,7,S_phase,0.64936984,15.30169
RPS2,9,other,-1.7900277,3.2844412
CCRL2,7,IFN_alpha,2.3076036,14.748448
RPLP2,9,other,-1.8736258,2.3745277
VAMP8,1,IFN_gamma,2.6914246,6.5452185
ARPC2,1,other,0.20943953,4.058788
VWF,6,other,2.8424773,9.28165
LGALS1,2,other,0.06680216,6.1306734
CD8B,1,other,4.7178726,3.19728
SLC25A5,0,other,-1.1581903,5.890304
MAFB,4,other,2.4139488,8.004635
TMA7,9,other,-0.94369686,4.0129824
TMEM176A,4,other,2.1358812,8.325564
COL18A1,2,other,1.6475178,9.336153
RPS28,9,other,-1.824506,2.1061862
RNF213,5,other,1.5651853,4.942237
RPL27,9,other,-1.571282,3.4689138
FKBP4,0,other,-3.3329043,7.8255663
COX7C,9,other,-1.1225976,3.981256
RPS26,9,other,-1.1664075,3.8851979
CHCHD2,0,other,-1.3074033,4.9808207
RPL41,9,other,-1.8074917,2.0935304
S100A11,0,other,-0.6465585,5.942135
MFGE8,2,other,0.13800411,9.86499
IER3,4,other,0.09392208,6.9259768
PERP,0,other,-3.2570047,7.6914954
CIITA,7,IFN_gamma,2.3939362,14.418441
CTSH,4,other,3.2210586,7.064409
ATP5MC2,9,other,-1.1409283,4.062209
KIAA1551,1,other,3.20447,4.2439733
CXCL9,7,IFN_gamma,2.3979857,14.127246
RPS9,9,other,-1.7108378,3.276757
CFL1,1,other,-0.09739501,4.168095
FTH1,9,other,-0.632798,5.408626
SSPN,2,IFN_gamma,1.145093,10.28212
UQCRQ,0,other,-1.7025042,5.7386775
RSAD2,18,IFN_alpha,1.2711614,2.4383006
COX8A,0,other,-1.6621029,5.1901345
CDCA7,7,S_phase,0.842345,15.270337
TPI1,0,other,-0.73656344,5.3943524
PLVAP,6,other,2.731646,9.2084465
HSBP1,0,other,-1.1585088,6.3386703
ID3,2,other,1.802087,8.926929
SLC25A28,7,IFN_alpha,1.8522314,14.772221
THBS2,2,other,1.0350634,10.947905
RPL4,9,other,-1.8049488,3.6670089
CD99,1,other,0.89047,4.321774
TDRD7,7,IFN_alpha,1.9732589,14.820575
RPL22,9,other,-1.6982924,2.9483452
CLIC1,1,other,0.06717238,4.142191
CD96,1,other,4.2008905,3.8611248
TNFAIP6,7,IFN_gamma,1.8896581,14.039369
ARPC3,1,other,0.11422438,4.161246
EEF1A1,9,other,-1.776677,2.1362908
TSPAN13,0,other,0.10749515,8.148606
OASL,18,IFN_alpha,1.574014,2.3790967
PDLIM1,2,other,1.6894445,8.780209
ZAP70,1,other,4.17003,3.796095
VIM,1,other,0.6753597,4.605967
ZBP1,7,IFN_gamma,2.1036942,14.485808
RPL37A,9,other,-1.9163871,3.1444283
CCL2,4,IFN_gamma,2.5384688,8.136962
RPLP1,9,other,-1.7566377,2.0067205
COL12A1,2,other,0.9290383,10.675002
ATP5MC3,0,other,-1.6260805,5.321755
RPS24,9,other,-1.7904379,2.2537255
SPDEF,0,other,-3.8052197,7.985089
NPDC1,6,other,1.1733781,8.449371
RARRES3,1,other,3.5616834,3.2691264
H1F0,0,other,-1.0647933,7.792529
PECAM1,6,other,2.9024813,9.224641
MFAP2,2,other,0.6136524,10.538384
UBA52,9,other,-1.5973016,3.130929
BLVRB,4,other,-0.26967263,7.03322
HSPB1,0,other,-0.5779658,7.173113
SEPT6,1,other,3.272322,3.9562147
SKAP1,1,other,4.0135393,3.5373027
CENPF,7,G2M,0.07096094,15.23646
RPL38,9,other,-1.8648947,3.2118814
STK4,1,other,3.1636646,4.1994557
HNRNPA1,9,other,-1.2703687,3.6815171
RPL7,9,other,-1.9279863,3.7474148
SYNGR2,4,other,3.0497797,6.810275
RPL28,9,other,-1.7106346,2.1528525
TOMM7,9,other,-1.1048158,3.7013965
FCGR3A,4,other,2.9654467,7.85284
CALM1,1,other,0.256825,4.1042295
ELF3,0,other,-3.5545337,7.787555
DUSP4,1,other,2.4764419,5.083633
RPS15,9,other,-1.8316512,2.2319427
RPL31,9,other,-1.6956005,3.2660892
GBP6,7,IFN_gamma,2.0352514,15.391332
APLP2,4,other,1.2006446,7.93238
PRDX4,15,other,0.08234185,8.32265
GZMB,1,other,5.069181,3.2596886
HTRA1,2,other,1.2075541,10.29729
PRF1,1,other,5.0256424,3.2854047
H3F3A,0,other,-1.0554436,4.6650844
FBLN2,2,other,1.2218325,10.549031
CAPG,4,other,2.9084086,7.133001
GPNMB,4,other,1.9801416,8.330835
RPL35,9,other,-1.6896404,3.1573422
GNG5,0,other,-1.2119435,5.41655
STK17B,1,other,3.301928,3.987055
RPL10,9,other,-1.7377436,1.9797652
RNF130,4,other,2.5338104,7.8764563
UCP2,1,other,2.107895,4.1804676
IFIT3,18,IFN_alpha,1.1743696,2.680557
IL15,7,IFN_alpha,2.0603638,14.569492
PPDPF,0,other,-1.2927785,4.4649296
EGFL7,6,other,2.7978137,9.291013
C1orf162,4,other,3.2135522,7.561188
ATP5F1E,0,other,-0.97363615,4.2487817
CAVIN3,2,other,1.3269547,9.370409
NPM1,9,other,-1.5819604,3.8828962
LDHB,9,other,-1.4146044,3.864644
APOBEC3G,1,other,4.8826494,3.1893365
DBI,0,other,-1.3776731,5.5189443
COMMD6,9,other,-0.9698521,3.9302452
RAB31,4,other,2.1892364,8.1116
TNFAIP2,7,IFN_gamma,2.502594,13.9031315
SLAMF7,7,IFN_gamma,2.0914273,14.517756
IFI44L,18,IFN_alpha,1.1063135,2.6617143
ALDOA,0,other,-0.8470958,5.4562545
TYMP,4,other,2.7141967,7.499794
EEF2,9,other,-1.705206,3.7369883
PPIA,0,other,-0.7444973,4.7771916
CD81,4,other,1.387064,8.007077
MT-ND3,5,other,8.76025,10.878457
XCL1,1,IFN_gamma,4.6285453,3.1816258
S100A1,11,other,-2.5230503,9.820896
RHOA,1,other,-0.16762123,4.289974
EEF1D,9,other,-1.5563002,3.1021147
MCM4,7,S_phase,0.6596725,15.221655
EMP2,0,other,-0.25247017,8.231514
PTPN6,1,IFN_gamma,2.8348765,4.507591
CTSZ,4,other,2.3847256,8.01485
HINT1,9,other,-1.0594727,3.9868946
SUMO2,0,other,-0.99507457,4.75883
CMPK2,18,IFN_alpha,1.3592021,2.3275785
PABPC1,9,other,-1.927432,3.6647055
DYNLL1,0,other,-1.0965155,5.830862
GGCT,0,other,-2.9572728,7.5495653
HSP90B1,15,other,0.4380131,7.8763814
SPTBN1,2,other,1.9980924,9.116503
FBN1,2,other,1.0860455,10.722114
S100A9,4,other,3.2962866,7.8969383
IFIT2,18,IFN_alpha,1.3847613,2.3104172
STAT4,1,IFN_gamma,4.0005593,4.1051235
FKBP1A,0,other,-0.37781638,5.6767063
HDLBP,15,other,0.05367768,8.421271
RPL13A,9,other,-1.7899517,3.2307703
HSPE1,0,other,-1.9615179,6.4658217
CD40,4,IFN_gamma,2.9753652,7.344941
FOS,19,other,1.7209214,4.6504965
COX5A,0,other,-1.4989139,5.3216977
UBL5,0,other,-1.2876132,4.7140956
XAF1,18,IFN_gamma,1.0970702,2.8319497
IFIT1,18,IFN_gamma,1.230272,2.457945
FEN1,7,S_phase,0.66229033,15.166728
RSRP1,5,other,1.6763883,5.2871914
CCL3,4,other,3.0697188,7.578142
GNLY,1,other,4.816235,3.0421503
RRBP1,2,other,0.46988767,9.183699
CTGF,2,other,0.9271486,10.07236
P4HB,15,other,0.12730081,8.0531025
MXRA5,2,other,1.1259153,10.899783
H3F3B,9,other,-0.4421367,4.1618776
HSPA8,1,other,-0.16366084,4.3649383
AQP1,6,other,2.779592,9.242624
TPT1,9,other,-1.6573799,2.7430377
EPSTI1,18,IFN_alpha,1.2946221,2.7127707
TUBB,0,other,-0.706488,6.096515
HELLS,7,S_phase,0.70968115,15.252155
NDUFB2,0,other,-1.6529303,5.437514
C3,2,other,1.6205789,9.940667
PPP1R18,1,other,2.4986215,3.5910296
SRP14,0,other,-0.83058774,4.5559897
WIPF1,1,other,2.734618,3.722524
CXCR3,1,other,3.859394,3.4230464
POSTN,2,other,0.86239314,10.403833
MT1E,0,other,-0.28907004,8.27049
SYNE2,5,other,3.100563,5.019995
MFAP4,2,other,1.5556487,10.64965
C15orf48,4,other,3.0425742,7.8784227
IRF5,7,IFN_gamma,2.3674746,14.305549
EFHD1,0,other,-3.4654405,7.7752905
ISG15,18,IFN_alpha,1.0397391,2.918906
PFDN5,9,other,-1.1407529,3.526569
TUBA1B,0,other,-0.6363128,6.42479
MX1,18,IFN_alpha,1.1528552,2.6482906
CLU,0,other,-1.1977931,8.563069
CXCL14,2,other,1.2513834,10.511676
COX5B,0,other,-1.4881665,5.168268
APOD,2,other,1.5784135,10.495705
GPX4,0,other,-0.9955987,5.9877605
CTSD,4,other,2.022386,7.5921483
TPM4,2,other,0.050063115,6.3338265
COX6B1,0,other,-1.3877436,4.9102173
RNF31,7,IFN_alpha,1.7102003,14.848418
ANAPC11,0,other,-1.6391699,5.87031
PROCR,7,IFN_alpha,1.9297332,14.427718
OAZ1,1,other,-0.4641571,4.290311
YWHAE,0,other,-0.52453524,7.192937
TIGIT,1,other,4.925408,3.6585786
COX7A2,0,other,-1.6360905,5.0964403
NDUFA4,0,other,-1.492436,5.0904536
FTL,4,other,2.4850667,7.6139197
TSC22D1,0,other,-0.12617488,8.086183
MARCKS,4,other,2.159664,8.1882305
ATP6V0B,4,other,0.22558595,7.0751715
GSTM3,0,other,-3.5048773,8.16731
COX6A1,0,other,-1.5285617,4.981375
DDX17,5,other,1.6813779,5.750002
MAGED2,0,other,-1.0477501,8.109334
HSPD1,0,other,-1.6665397,7.0859985
IGFBP5,2,other,0.97160244,10.007839
PLAUR,4,other,2.50332,7.964926
CFB,7,IFN_gamma,1.7174635,14.8193655
LBH,1,other,2.99786,4.1573105
SPP1,4,other,2.7889628,7.870485
FABP5,4,other,1.9820454,7.7537518
KRT15,0,other,-3.0420926,8.237729
GABARAP,0,other,-0.8599477,5.0884275
MGST3,2,other,-0.020952156,7.583271
FYN,1,other,4.140851,4.0887504
MYL12B,1,other,-0.21158862,4.2613497
MT-CO3,5,other,8.812827,10.849469
YBX1,0,other,-1.2243882,5.315559
ATP5PF,0,other,-1.7286294,5.411522
ATP5MF,0,other,-1.7164816,5.426593
SNRPE,0,other,-1.9712434,6.750434
MYDGF,15,other,0.116252795,8.104026
COX4I1,9,other,-1.2291622,3.7661395
EIF1,9,other,-0.7866687,3.842856
SON,5,other,1.4231969,5.3827868
ARHGEF1,1,other,3.4012153,3.8065379
ANXA5,0,other,-0.17520513,6.2110558
PPIC,2,other,0.84875035,9.702639
RAN,0,other,-0.99961555,5.5022798
KLF6,19,other,1.5951074,4.39485
CSTB,0,other,-0.72279066,5.9143224
SNRPD2,9,other,-1.2277545,3.8757408
LAP3,18,IFN_alpha,1.1311935,3.2813368
NINJ1,4,other,-0.36299673,7.0674887
ELOB,0,other,-1.5914035,5.164123
SUB1,0,other,-1.1276786,4.701818
MT-CYB,5,other,8.764268,10.882035
AP2S1,0,other,-0.6639101,6.367418
SEC61G,0,other,-1.6408719,5.235151
SAT1,4,other,2.4363544,7.729582
MBNL1,1,other,2.5266664,4.4527245
RAC1,0,other,-0.30879873,6.2085185
EIF4EBP1,0,other,-2.5608814,7.5239043
VAMP5,2,IFN_gamma,1.6501868,8.198164
TFF3,0,other,-3.9332852,8.310644
PARK7,0,other,-1.2882175,5.0998974
OST4,0,other,-1.3320699,4.6935377
CELF2,1,other,3.2084436,4.071533
PKM,0,other,-0.6057104,5.488436
CCNI,9,other,-0.90133584,4.1089272
VMP1,5,other,1.3448669,6.353482
IFI6,18,other,1.0018048,3.080945
NHP2,0,other,-1.9864042,6.5089374
TMEM14C,0,other,-0.3136168,7.364503
SLC25A6,9,other,-1.6990331,3.9358647
LEPROTL1,1,other,3.5452204,3.7057471
IFNGR2,4,other,2.511011,8.135762
EPAS1,6,other,2.7301817,9.437806
BST2,18,IFN_alpha,0.9556127,3.09947
NFIC,0,other,-0.18383281,8.133439
DCXR,0,other,-2.8868577,7.238874
PSMB8,1,IFN_alpha,0.9778107,3.708538
ITGB1,2,other,1.1266241,6.078518
ITM2A,1,other,3.5984604,4.2022405
ENO1,0,other,-0.5631764,5.332888
RPS11,9,other,-1.591962,3.4373884
SOD2,4,IFN_gamma,2.2995253,8.055519
SOD3,2,other,1.0199112,10.004695
EZR,1,other,2.4581525,4.8098803
NFKBIA,19,IFN_gamma,1.6304047,4.358806
KDELR2,15,other,-0.09060104,8.32535
ACTA2,2,other,0.70270205,9.649375
PRRX1,2,other,1.3184998,10.477265
VCAM1,7,IFN_gamma,1.8863264,13.96631
NOP53,9,other,-1.5290027,3.782341
AKR7A3,0,other,-3.9423776,8.220496
LATS2,7,IFN_gamma,1.8585007,14.392032
PPIB,15,other,0.27518526,7.3531785
SH2D2A,1,other,4.5989947,3.499594
CLDN3,0,other,-3.5601354,7.6423593
SLC2A3,19,other,2.2245305,3.8430052
CKS1B,7,G2M,-0.0037047567,15.066539
TAP1,18,IFN_alpha,1.579581,3.5708594
TNFSF10,18,IFN_gamma,0.96751064,3.0164225
RHOH,1,other,3.477437,3.8747513
SLIRP,0,other,-1.7811557,6.7160096
CFD,4,other,2.0065339,8.392533
SELENOW,0,other,-0.8684903,6.87917
CTSC,1,other,2.444759,3.6416326
BTG2,19,other,2.0838223,4.6988616
MT-ATP6,5,other,8.7740135,10.8954525
ACTN1,2,other,1.0887164,9.108056
CCND1,0,other,-3.610926,8.145343
WSB1,5,other,1.504851,5.7417307
FOSB,19,other,1.8856846,4.828742
OAS1,18,IFN_alpha,1.1592394,2.6081522
POMP,0,other,-0.7981705,5.8295255
CD14,4,other,3.0444229,7.792076
MT-ND1,5,other,8.716054,10.852454
HMGN2,0,other,-1.3165615,5.5061016
LAG3,1,other,5.43076,3.5491338
IKZF1,1,other,3.716397,4.232135
HLA-F,1,other,1.5822827,3.8972168
PDGFRB,2,other,1.5549896,10.365226
SAMHD1,4,IFN_gamma,2.100345,4.3857102
SEC61B,0,other,-1.6620232,5.105219
MT-ND4L,5,other,8.829427,10.945917
PLD3,4,other,1.5307815,8.031661
UQCR10,0,other,-1.7170275,5.2003455
ROMO1,0,other,-1.8402952,5.4283676
SOCS1,1,IFN_gamma,3.9604702,3.5960004
HMGN1,0,other,-1.2724923,5.099313
PNISR,5,other,1.5215766,5.428005
MT-ATP8,5,other,8.772275,10.910104
N4BP2L2,5,other,1.767069,5.5685573
PRIM1,7,S_phase,1.2526958,14.996811
UQCRH,0,other,-1.7225899,5.7696233
CIRBP,9,other,0.11131951,4.575953
NDUFB4,0,other,-1.6067598,5.6328745
EGR1,19,other,1.6470736,5.0461874
ITGB7,1,IFN_gamma,3.9388082,3.9416492
PSME2,1,IFN_alpha,0.5641315,3.9727137
RPL27A,9,other,-1.7655253,3.2382655
TXNDC17,0,other,-1.4618832,6.3649096
BRK1,0,other,-1.3258587,5.1452117
SAMD9L,18,IFN_alpha,1.4048593,2.5119703
COL14A1,2,other,1.5385455,10.582116
PLAC9,2,other,1.4457937,10.193296
AHNAK,5,other,1.1131295,5.9423056
GMNN,7,S_phase,0.62914795,15.317881
PCBP2,9,other,-0.98926806,3.908888
TC2N,1,other,3.4302332,4.790061
LPAR6,6,IFN_alpha,2.7051656,9.071608
JUN,19,other,1.6771848,4.639888
GBP4,18,IFN_alpha,1.2802769,2.783251
CALR,15,other,0.40807635,7.7171226
NOD1,7,IFN_gamma,1.7332957,14.670875
AGR2,0,other,-3.8973947,8.066092
ATP5MD,0,other,-1.698861,5.1734476
DAZAP2,1,other,0.27950445,4.086721
SOD1,0,other,-1.355753,5.0655723
CYC1,0,other,-2.0011568,7.466329
IL6ST,5,other,1.4230533,7.130453
DHX58,7,IFN_alpha,1.7083644,14.417537
POLR2L,0,other,-1.717447,5.5328836
VDAC1,0,other,-0.95880115,6.0579023
CENPX,0,other,-2.7255697,7.280819
SERINC2,0,other,-3.7957137,7.8777575
MLPH,3,other,-4.077141,8.525613
PLSCR1,18,IFN_alpha,0.9938714,3.075989
EPCAM,0,other,-4.0616035,7.7573104
CLDN7,3,other,-4.159405,7.757325
SEM1,0,other,-1.3826141,5.2624607
CLEC2D,1,other,4.253977,3.8788588
FLNA,2,other,1.2022644,5.874537
LDHA,0,other,-0.6118654,5.361998
ATP6V1F,0,other,-0.69835633,5.9824076
DSP,0,other,-3.7290225,8.102973
PEBP1,0,other,-1.3431331,5.789427
MT-ND5,5,other,8.725082,10.876703
YWHAB,1,other,0.07260479,4.3184814
PPA1,0,other,-1.4894575,6.620683
IER2,19,other,1.8460927,4.7933884
NR4A2,19,other,2.5974767,4.531077
ITM2C,15,other,4.7986584,3.4478571
IRF7,18,IFN_alpha,1.287591,2.657666
PNRC1,19,other,1.4129398,4.349295
JPT1,0,other,-1.7837052,6.386764
TGFBI,4,other,2.624945,8.016174
COX7B,0,other,-1.7528061,5.3912973
USP18,18,IFN_alpha,1.3691924,2.2727726
PARP14,18,IFN_alpha,1.2000527,2.8070576
PPP1CA,1,other,0.15306763,4.3278403
MT-CO2,5,other,8.791055,10.887144
EIF3H,9,other,-2.0217052,4.080827
PRDX5,0,other,-1.2621791,6.1337714
CYR61,2,other,1.0092804,10.228769
SNRPG,0,other,-1.6532713,5.462531
CD44,1,other,2.4376411,3.780248
NAMPT,4,IFN_gamma,2.8678625,7.829248
ARPC1B,1,other,1.4271989,4.057617
EIF4E3,7,IFN_gamma,1.6025323,14.65912
MCL1,19,other,1.5677269,4.602266
CALU,15,other,0.14760232,9.240686
IRF9,7,IFN_alpha,1.689705,14.601981
PRDX2,0,other,-1.6710511,6.0132303
H2AFZ,0,other,-1.55861,6.0883393
UQCR11,0,other,-1.7541585,4.9030213
TIMM13,0,other,-2.0275307,6.95375
MYL6,0,other,-0.4822405,4.439186
PTMA,9,other,-1.6801372,2.5105445
ST3GAL5,7,IFN_gamma,2.015436,14.793069
ATAD2,7,S_phase,0.42754272,15.143683
RPS20,9,other,-1.9338727,3.1851048
MLF2,0,other,-1.3681628,7.2330933
OCIAD2,1,other,2.4946492,4.577189
PRDX3,0,other,-0.96697867,6.615716
CDKN2A,11,other,-2.6453328,9.204225
NDUFS5,0,other,-1.5617803,5.174508
TAGLN2,0,other,-0.571697,5.224652
HERC6,7,IFN_alpha,1.696999,14.504061
TIPIN,7,S_phase,1.276634,14.954316
TPM3,1,other,0.42408738,4.0303507
SERF2,0,other,-1.1242937,4.3301525
MT-CO1,5,other,8.776606,10.861771
NDUFAB1,0,other,-1.6991835,6.0583487
AUTS2,7,IFN_gamma,1.512453,14.8284855
ZFP36L1,19,other,1.1752689,4.660323
PARP8,1,other,4.1145906,4.4234285
MRPL51,0,other,-1.8298106,6.4975624
S100A10,0,other,0.10178495,5.2858496
PSMA7,0,other,-0.9432911,5.256487
EIF3F,9,other,-1.5666045,3.7764995
FKBP2,15,other,0.22623368,8.008554
PTTG1IP,2,other,0.9912437,8.178856
ABRACL,1,other,0.35039255,4.3431964
CRYAB,11,other,-1.7910656,9.96351
CNBP,9,other,-0.70339125,4.2563553
PLA2G16,0,other,-3.3067844,7.6769943
MMP14,2,other,0.9008383,10.740691
HSP90AB1,0,other,-0.34865963,5.355079
ARHGAP15,1,other,3.9198399,4.4893165
TMEM258,0,other,-1.3081844,5.067362
NCF1,4,other,3.4493437,6.647235
ETS1,1,other,3.4711938,4.449359
FUS,5,other,1.2714527,5.262642
RHOG,1,other,2.2402167,3.979104
RBM3,9,other,-1.5119367,4.2716646
TACC3,7,G2M,0.17449763,15.293059
ENY2,0,other,-1.4310778,6.681313
MSH2,7,S_phase,1.2627239,14.874188
RNASET2,4,other,3.0335002,6.6140003
PRR13,1,other,0.091517776,4.085447
EIF3E,9,other,-2.041495,3.9003832
COL15A1,6,other,2.5834825,9.274397
PGAM1,0,other,-0.5755807,5.401556
PDE4B,1,IFN_gamma,3.4610608,4.113765
SP100,1,other,1.8928047,3.4454968
MACF1,5,other,1.7483428,6.094697
TALDO1,0,other,-0.78286034,6.268673
ICAM1,7,IFN_gamma,2.4494991,13.844963
TMBIM6,15,other,0.5393663,6.957139
OAS2,18,IFN_gamma,1.3433764,2.476078
MT-ND2,5,other,8.731724,10.875614
NDUFB9,0,other,-1.7889739,5.8283396
NCAPD2,7,G2M,0.4195388,15.378738
MT-ND4,5,other,8.671516,10.809169
HCFC1R1,2,other,0.16662964,8.683334
ID2,1,other,4.528637,3.1973097
HMGA1,0,other,-2.2377677,7.3277445
PRDX6,0,other,-1.4013878,6.219273
LSM4,0,other,-2.2649667,6.808717
RGS10,1,other,2.0243251,4.088198
BANF1,0,other,-1.6616858,6.139962
MSN,1,other,1.1012915,4.2024293
C1orf43,0,other,-1.3695948,6.4692063
MTRNR2L12,5,other,8.665231,10.819227
SRSF7,5,other,1.2373487,5.138081
CARD16,1,other,2.4358943,3.3945568
GYPC,1,other,2.328947,3.8701913
OAS3,18,IFN_gamma,1.2777754,2.4215422
S100A6,1,other,0.34512907,5.1038337
TRIM22,18,other,1.4812284,2.9109051
ERH,0,other,-1.2137146,5.70988
SLC25A3,0,other,-1.140475,5.439289
RPL36A,9,other,-1.8441681,3.416852
ARF4,15,other,-0.23712419,8.598855
ATP6V0C,4,other,0.5115321,6.983494
PDIA6,15,other,0.45317334,7.902382
IL18BP,7,IFN_gamma,2.182253,14.077452
RCN1,2,other,0.36306795,9.00379
HLA-G,7,IFN_gamma,2.2281466,14.59516
EIF3K,9,other,-1.1941079,3.7219546
KIF20B,7,G2M,0.30764052,15.370654
SRP9,0,other,-1.5181298,5.5876575
TMEM59,15,other,0.47165206,7.0488434
PSMB5,0,other,-1.1361835,7.516317
SKP1,0,other,-0.79788387,4.6910486
NDUFC1,0,other,-1.5489343,5.8587904
EIF5A,0,other,-1.3754865,5.626323
UBB,0,other,-0.60707474,4.5311713
RPL17,9,other,-1.7541178,3.556143
EDF1,0,other,-1.1889696,4.70429
LY6E,1,IFN_alpha,0.873789,3.6663568
UQCRB,9,other,-1.8946432,3.26101
LRRFIP1,1,other,1.437769,4.719306
TGFBR2,6,other,2.2436647,8.983123
CYB5R3,2,other,0.7758986,8.778056
ACTB,1,other,-0.27221212,3.7720308
ATP6V1G1,0,other,-1.4381506,4.6173744
ATP5F1C,0,other,-1.1080031,5.9533644
PLEC,5,other,1.4355556,6.5134163
LGMN,4,other,2.2900965,8.109512
PSMB10,1,IFN_gamma,1.2524077,3.7538097
NKTR,5,other,2.0415587,5.985288
IFI44,18,IFN_alpha,1.1587774,2.4707901
CRTAP,2,other,1.0772023,8.97962
C12orf57,9,other,-1.0746055,4.2191243
LAMTOR2,0,other,-0.7070791,6.780546
CCT5,0,other,-1.6978748,7.4766426
PYCARD,4,other,2.6863801,7.0129476
CLTA,0,other,-0.6810744,6.209414
GZMH,1,other,5.0271206,3.3173754
ANKRD12,5,other,2.4869704,4.6616893
MX2,18,IFN_gamma,1.3500262,2.5575454
PDIA3,15,other,0.4809082,7.4879484
ATP5MC1,0,other,-1.9822305,6.0928106
ANXA1,1,other,0.67207015,4.745054
SH3BGRL,0,other,-0.81199694,4.9994626
RBM39,5,other,1.5007933,5.422259
CKS2,7,G2M,-0.0474563,15.124605
MYH9,2,other,1.2355494,5.601376
RTN4,4,other,1.0435632,7.8262553
ACTG1,9,other,-0.47247157,4.0887737
BSG,15,other,0.5173061,7.697059
TSPO,0,other,-0.9957561,5.5853
CLEC2B,1,other,4.5018415,3.130511
RANBP1,0,other,-1.7611805,6.2979436
LYPLA1,0,other,-2.8392594,8.145243
SRSF5,5,other,1.4537009,5.2417192
CALM2,0,other,-0.9058988,5.473151
EID1,2,other,-0.09732294,5.5472426
PTPN7,1,other,4.3522286,3.4743607
CD6,1,other,4.475081,4.2938128
CCND3,1,other,3.2437627,3.7449293
STAT1,18,IFN_alpha,1.2241696,2.87075
ARID5B,1,IFN_gamma,2.949666,5.2705584
CNN2,1,other,2.2957022,4.157342
TUBB4B,0,G2M,-1.3444203,7.59464
SSR4,15,other,0.16638103,7.450566
OSTC,15,other,-0.0094103385,8.155625
CALML5,0,other,-3.2848647,7.8594975
IFIH1,18,IFN_alpha,1.3682792,2.3167698
PHPT1,0,other,-0.72138524,7.0824723
SNX3,0,other,-0.54054767,6.1351047
LHFPL6,2,other,1.7172681,10.09569
RAPGEF6,7,IFN_gamma,1.4287279,14.71962
GNAI2,4,other,1.8413738,7.691119
SDCBP,4,other,1.9093229,7.661882
TKT,0,other,-0.6190439,6.609655
SAMD9,18,IFN_alpha,1.5508639,2.399083
TCEAL4,0,other,-0.6417712,7.954507
ZFAS1,9,other,-1.961476,3.678903
RTP4,7,IFN_alpha,1.7463329,14.420135
HELZ2,18,IFN_alpha,1.429736,2.2273827
HSPA5,15,other,0.43131012,7.9858747
CASP8,1,IFN_alpha,3.8930085,4.404578
APBB1IP,1,other,3.1418698,3.8510842
SLA,1,other,4.204719,3.5581434
BATF,1,other,4.878393,3.67109
HSP90AA1,0,other,0.0232452,5.185243
YWHAZ,1,other,-0.06972333,4.3325834
HNRNPA2B1,5,other,0.48441032,5.098286
IMPDH2,0,other,-1.1127619,7.232462
DNAJB1,1,other,2.0056422,4.6501822
S100A8,4,other,3.4255033,7.911994
CCT3,0,other,-1.7360908,7.4449105
POLD3,7,S_phase,0.984415,15.054558
NDUFA1,0,other,-1.5511906,4.981094
PCBD1,0,other,-2.3484378,7.2312317
CAP1,1,other,0.59606653,4.068797
CANX,15,other,0.73289436,7.8670874
ATP5F1B,0,other,-0.94657433,6.1805115
GCH1,7,IFN_gamma,1.8302437,14.388883
NDUFB11,0,other,-1.5497851,5.036952
NDUFS6,0,other,-1.92385,5.896714
DDX58,18,IFN_gamma,1.336198,2.225659
STAT2,18,IFN_alpha,1.1811473,2.7597685
EIF3L,9,other,-1.8498201,3.8682842
NDUFS8,0,other,-1.9391559,5.943412
HMGB1,0,other,-0.4319739,4.4095855
ICAM3,1,other,3.6914845,3.7168746
IRF1,1,IFN_alpha,2.2779617,3.4940896
CD79A,16,other,4.452855,7.0915923
ESR1,3,other,-3.8871577,8.742381
RPL23,9,other,-1.7165233,3.4907477
TMSB10,9,other,-1.3038487,2.7229471
RBX1,0,other,-1.2886013,5.3828955
UBE2L6,18,IFN_alpha,0.9332294,3.1884465
AURKAIP1,0,other,-2.0295224,5.976078
BCL2A1,4,other,3.2971132,7.8560863
SELENOS,15,other,0.2959764,8.226089
NDUFB7,0,other,-1.7897023,6.0187545
PRELID1,0,other,-1.3150533,5.292289
GSTK1,1,other,1.5393145,3.9734669
ELOC,0,other,-1.7887751,6.5220795
ARGLU1,5,other,1.729355,5.7303376
PIM1,1,IFN_gamma,3.7171004,3.7332861
CSRP1,2,other,0.59118915,9.399083
IFI16,18,other,1.2503983,3.3178878
SIT1,1,other,3.9716194,3.521586
ATP5MPL,0,other,-1.8583381,5.2050433
SMS,0,other,-2.3173325,7.355948
PMP22,2,other,1.4677742,9.834957
LUC7L3,5,other,1.7507911,5.9978194
SNRPD1,0,other,-1.8458176,6.2406635
RPN2,15,other,0.45138267,7.900921
PAXX,1,other,3.083578,3.7687125
HSPA1A,0,other,0.25009635,6.341951
STOM,2,other,1.9379418,8.948395
KDELR1,15,other,0.0030744663,7.931117
LMAN1,15,other,0.3087048,8.377044
SERP1,0,other,-1.5972251,4.6112514
TTC3,5,other,0.1446999,7.9355717
CXCL13,1,other,5.342835,3.5980155
IGKC,8,other,0.0922391,12.551659
ZYX,1,other,0.7603455,4.1573887
ARL6IP5,1,other,0.8931614,4.231122
GBP5,1,other,2.8596323,3.4688637
YWHAQ,0,other,-1.0920388,5.605109
CRABP1,12,other,-2.9401798,9.308353
DDIT4,19,other,1.8139164,3.890322
FCMR,1,other,3.6366084,4.5811405
TMED10,15,other,0.25192058,7.8270993
MIEN1,0,other,-2.8656077,7.012582
H2AFY,4,other,-0.12361112,6.8831463
POLR2K,0,other,-2.2581677,6.9633408
ERGIC3,15,other,-0.13729145,8.100928
ANKRD30A,3,other,-3.6374562,8.511039
CASP1,18,IFN_alpha,2.0319848,3.083874
KRTCAP2,15,other,0.24357307,7.1386695
PRKCH,1,other,3.9475722,4.127066
MTHFD2,0,IFN_gamma,-2.314812,7.572299
CDKN1A,4,IFN_gamma,2.4643226,7.7617173
TENT5A,7,IFN_alpha,1.806444,14.01894
SMCHD1,1,other,3.2998765,4.5099564
S100P,0,other,-3.2226822,8.212618
HNRNPDL,5,other,0.70995307,4.92496
MCM6,7,S_phase,0.8347812,15.174789
RPS17,9,other,-1.935431,3.3973217
TUBA1C,0,other,-0.9834423,7.064272
DAD1,15,other,0.25629804,7.372796
MT2A,1,IFN_gamma,-0.16953933,7.5278254
PGK1,1,other,-0.4922896,5.268031
ILF2,0,other,-1.6964222,7.2580647
TMED9,15,other,0.38019392,8.036216
ATP6AP1,4,other,0.7900388,7.468088
ATP5ME,0,other,-1.8816305,5.173236
RAB2A,0,other,-0.38052487,7.863021
SNHG8,9,other,-2.100943,3.775493
FLOT1,5,other,0.64541686,7.665576
TRIM5,7,IFN_alpha,1.6537476,14.517671
JAK1,1,other,2.1757107,4.0609984
NLRC5,7,IFN_gamma,3.8583446,4.8054347
PDCD5,0,other,-1.8898344,6.5228753
ARRB2,1,other,2.7601461,4.1441703
SNU13,0,other,-1.5712993,5.218406
SELENOH,0,other,-1.5672084,4.9306936
TUBA4A,1,other,3.558115,3.6999786
MEF2C,16,other,4.2553215,7.2491612
TRPS1,3,other,-3.4500651,8.258827
WDR83OS,0,other,-1.2414345,4.9704003
TMED3,15,other,-0.76324534,8.63663
CCT6A,0,other,-1.3371203,7.1371193
AKR1A1,4,other,-0.18722636,6.7967877
SF3B6,0,other,-1.7788427,5.9235225
GUK1,0,other,-1.4820068,4.923511
ATP5F1D,0,other,-1.3760772,4.7150054
NAA38,0,other,-1.0672144,6.878531
ADAM15,6,other,2.718546,9.232983
CKAP2,7,G2M,0.2518085,15.328606
NDUFA6,0,other,-1.5695647,5.4499907
ARF1,0,other,-0.98278093,5.2043023
MDH2,0,other,-1.2132225,6.2545333
ARF5,0,other,-1.1446347,5.1620555
APRT,9,other,-1.3061161,3.7716346
UBR7,7,S_phase,1.2794861,14.85131
NUCKS1,0,other,-0.5498641,7.4863567
GADD45B,19,other,1.7315431,4.9124284
PSMB3,0,other,-0.8806085,5.9277377
TCEA1,0,other,-1.9485009,5.5665474
HIGD2A,9,other,-1.0511178,4.0690117
PPP1R15A,19,other,1.9778763,4.7180758
PCBP1,0,other,-0.638202,5.3730907
TMED2,15,other,0.12030185,8.002253
EML4,1,other,3.0097203,4.2963743
TMEM219,0,other,-0.765254,6.535578
NDUFB10,0,other,-1.7624227,5.432958
TRIR,9,other,-0.8038642,4.0507326
CD46,5,other,1.576168,6.5783
SPCS1,15,other,0.06503949,7.2318854
RRM1,7,S_phase,0.6541594,15.110748
NDUFV2,0,other,-1.3054277,5.5770817
PHB2,9,other,-1.7171975,4.350726
PALLD,2,other,0.9020669,10.510966
PDCD4,1,other,2.8800905,4.687418
JAK2,7,IFN_gamma,1.8617446,14.461138
UQCC2,0,other,-2.4007995,7.2000837
PLTP,4,other,1.9880127,8.498426
HNRNPF,0,other,-0.15561867,4.7223144
PSMB6,0,other,-0.9919128,5.9925632
ATP6V0E1,15,other,0.39137456,6.636907
SLPI,0,other,-3.1165023,8.2575655
SRRM2,5,other,1.3663641,6.1918116
PSMD8,0,other,-1.1165823,6.2269545
GCSH,11,other,-2.286768,9.776735
CLDN5,6,other,3.1793106,9.5696125
DRAP1,1,other,0.29410583,3.932999
HNRNPK,0,other,-0.096555255,4.944783
WARS,18,other,1.2081145,3.0646284
PHB,0,other,-1.9770669,7.2970448
CTLA4,1,other,5.0785255,3.7663696
ID1,6,other,2.8104455,9.2391615
MTDH,15,other,0.44218737,7.7203074
SEC11C,8,other,0.19822283,8.337398
STC2,0,other,-3.5906549,8.084019
C19orf53,0,other,-1.46998,4.787581
ADGRL4,6,other,3.0413249,9.363791
FAM49B,1,other,2.511925,3.9347405
UPP1,4,IFN_gamma,2.4006743,13.715194
RPS27L,0,other,-1.0925897,5.2676954
SF1,5,other,1.4222453,5.286569
AKAP9,5,other,1.6896043,6.006108
PGRMC1,0,other,-0.6373871,8.548645
UBC,1,other,-0.09404505,4.522239
ARPC5,1,other,0.25793344,4.2271175
TNFRSF1B,1,other,4.6524434,3.6491253
HMGB2,7,G2M,-0.093088485,14.774567
ATP5IF1,0,other,-1.3009186,4.819727
IL15RA,7,IFN_gamma,1.971687,14.197324
SSR3,15,other,0.121142924,8.14631
ARHGAP29,6,other,2.7735133,9.428501
JCHAIN,8,other,0.1435873,12.374607
RPN1,15,other,0.40859944,7.84439
UNG,7,S_phase,0.95880836,15.06793
DDX60,18,IFN_alpha,1.4607308,2.2211099
PARP12,18,IFN_alpha,1.3828951,2.255968
HOPX,1,other,4.804585,3.0757182
TRMT112,0,other,-1.0956023,4.755534
RFC2,7,S_phase,1.0486027,14.917247
LAMTOR1,0,other,-0.8282834,6.1334352
BHLHE40,5,other,1.3179408,6.539357
TMEM140,7,IFN_alpha,1.859475,14.302298
C1QBP,0,other,-1.4768796,6.4588733
PIK3IP1,1,other,4.4814324,4.4027324
CSF1,7,IFN_alpha,1.9134241,13.952975
SNRPB,0,other,-0.98944885,5.546069
PFDN2,0,other,-1.863558,6.6009874
DOCK8,1,other,3.3050737,4.270063
FASN,0,other,-3.744286,8.037961
MCM5,7,S_phase,0.61080915,14.994157
AK2,0,other,-1.668163,7.6973557
EFEMP2,2,other,1.2516739,11.06951
TBCA,0,other,-1.7878506,5.3417635
ARPC1A,0,other,-1.3397584,7.5112047
MORF4L2,0,other,-0.79353344,8.223587
COMT,4,other,0.27156702,7.198444
PPP1R2,1,other,3.2213948,3.975748
BCAP31,15,other,0.68492955,7.539057
IDH2,0,other,1.8838184,4.6777573
MRPL52,0,other,-2.0290344,5.9546404
ACTR3,1,other,0.6555305,4.085891
ACP5,4,other,3.1883526,7.010765
C8orf59,0,other,-1.953075,5.5254884
SRSF11,5,other,1.6070263,5.5807176
GNB2,0,other,-1.3953848,4.9214673
SNRPF,0,other,-1.9751792,6.1906543
PUF60,0,other,-2.1551168,7.9322734
DPT,2,other,1.4798015,10.683555
NAXE,0,other,-2.771967,7.5941825
PDLIM5,2,other,1.2816347,9.147889
IFI35,18,IFN_alpha,1.1710104,2.709494
CMTR1,7,IFN_alpha,1.5187433,14.613713
CCT2,0,other,-1.7042282,7.429216
ASPH,15,other,0.14429599,8.935015
ST8SIA4,7,IFN_gamma,2.1161187,14.046604
SEPT9,1,other,2.6780534,4.198757
GTF2I,5,other,1.2617799,6.628319
TAGAP,1,other,3.5364337,4.4550266
RGCC,1,other,2.3490427,3.9624302
PPP2R5C,1,other,3.9527237,4.0646544
LST1,4,other,3.1878686,7.7528024
POLR2I,0,other,-2.0087066,7.073713
HIST1H4C,9,other,-1.2487171,3.4493122
IGF1,2,other,1.5771047,10.567229
PPT1,4,other,0.90310097,7.348407
NR3C1,1,other,3.0975542,4.2609057
ENSA,0,other,-2.6675758,7.05775
WAS,1,other,3.1166532,3.9903748
PCNA,7,S_phase,0.41224813,15.001847
NOP10,0,other,-1.0824805,5.4804783
SPTAN1,5,other,1.7526197,6.1855063
AKAP13,1,other,2.5689633,4.332394
SOCS3,19,IFN_gamma,2.3383086,7.645357
NUP93,7,IFN_gamma,1.3897191,14.826305
SELPLG,1,other,3.9367726,3.858312
FIS1,0,other,-0.98083955,6.776994
KTN1,5,other,1.1422132,6.783273
YWHAH,4,other,1.4017005,7.5247264
SAP18,0,other,-1.0828979,4.691979
ZNF706,0,other,-1.7036216,5.3715153
RIPK1,7,IFN_gamma,1.5593233,14.655799
HERPUD1,15,other,0.51760757,8.346508
SLC38A1,1,other,2.6944904,5.186311
PKIB,3,other,-4.173851,8.715374
BPGM,7,IFN_gamma,1.5520571,14.744802
NDUFA3,0,other,-1.8500541,4.912208
SP110,18,IFN_alpha,1.6843688,2.5194316
EMB,1,other,4.061025,4.283636
MT-ND6,5,other,8.613113,10.824299
AP2M1,0,other,-0.2043058,6.7415853
MRPL14,0,other,-2.2935364,7.3638554
SUMO1,0,other,-1.5088211,5.5205474
C4orf3,0,other,-0.9683107,4.7969975
PSMB2,0,IFN_gamma,-1.3461086,7.007439
PSMB1,0,other,-0.81812966,5.841278
ELF1,1,IFN_alpha,2.929429,4.1329737
RANGAP1,7,G2M,0.994298,15.054739
SSR2,9,other,-1.1888053,4.1081753
IKZF3,1,other,4.262342,4.001169
ATP5PD,0,other,-1.4065332,5.5355153
ST13,9,other,-1.9803178,3.9872131
TRIM14,7,IFN_alpha,1.7867908,14.330866
PRRC2C,5,other,1.3060561,5.313716
GSTO1,4,other,2.1470919,7.8029313
GRB2,4,other,2.9769776,6.752822
SGK1,4,other,2.5754392,7.804674
ELN,2,other,1.5214792,10.638591
MRPL41,0,other,-2.0222242,5.6274447
C9orf16,0,other,-1.5505615,5.1244435
SEC62,15,other,0.41376394,7.210843
TRIM25,7,IFN_alpha,1.646968,14.434192
ARL4A,7,IFN_gamma,2.1634758,13.980218
CD34,6,other,2.874197,9.32696
AREG,4,other,4.802315,8.010467
TIMM8B,0,other,-1.5111707,6.610017
CAPZB,1,other,0.42654052,4.104023
SEC13,15,other,-0.46579608,8.5451145
SQSTM1,4,other,0.08586495,6.482529
GDI2,0,other,-0.96024776,6.053951
ACADVL,5,other,1.4181092,6.428731
ISOC1,7,IFN_gamma,1.2488992,14.907651
ANP32B,9,other,-1.3033623,3.7518995
GTF3C6,0,other,-1.7909576,6.3545246
NME3,0,other,-0.71813333,7.8243694
CYCS,0,other,-1.5672005,5.938538
TNFRSF1A,2,other,1.292609,8.741714
NDUFB3,0,other,-1.9279407,5.995057
LPP,2,other,1.3766346,9.540513
TRAPPC1,1,other,-0.10995169,4.0914464
UBE2D3,1,other,-0.19555616,4.058156
EPHX1,2,other,1.5757922,9.832973
NDUFA2,0,other,-2.0136518,5.545942
RABAC1,15,other,0.24290292,7.4380975
FBL,9,other,-2.1259358,4.0053444
GADD45GIP1,0,other,-1.6810405,6.4681854
UBE2D2,9,other,-0.4591989,4.0720196
SMC4,7,G2M,0.049402773,15.20437
MT1X,0,other,-0.19691902,8.020338
CALM3,1,other,0.04155974,4.1321163
COX17,0,other,-2.034742,5.440229
KLRD1,1,other,4.9237127,3.081159
ANAPC16,9,other,-0.57759607,3.9774756
CRIP1,1,other,3.155043,3.6562297
GPAA1,0,other,-2.0853438,8.4213
DDOST,15,other,0.4420593,7.812618
TOMM5,0,other,-2.0368252,6.4258842
RPL22L1,9,other,-1.6946253,3.6328351
SEC11A,0,other,-0.4853337,6.7096114
SRSF2,5,other,0.975602,5.126176
DYNLT1,0,other,-0.7654507,6.383618
PFN2,0,other,-2.613589,8.594354
TNFRSF4,1,other,4.903358,3.7787824
MPC2,0,other,-2.5060194,7.028171
HM13,15,other,0.4923168,7.97207
RHEB,0,other,-0.26287735,6.656857
PSMA6,0,other,-0.74756074,5.9650135
CPE,2,other,1.6041702,10.290126
SMIM14,16,other,-3.9112806,9.081095
NUCB1,15,other,1.0271785,8.252663
TMEM50A,15,other,0.51466346,6.864856
PDIA4,15,other,0.31459448,8.225708
ATP6AP2,4,other,1.0817839,7.8415837
SNRPD3,0,other,-1.4437538,6.105034
SF3B1,5,other,1.5007161,5.509483
BUB3,1,other,2.4570992,4.9977665
CCNL1,5,other,1.7277015,5.324222
CDC37,2,other,1.2366804,5.3843746
TOMM20,9,other,-2.0657449,3.8760731
PEA15,4,other,1.0263531,7.5587387
CACYBP,0,other,-1.8061563,6.8072667
PNPT1,7,IFN_alpha,1.7394602,14.25598
MS4A7,4,other,3.1615036,7.698688
UFC1,0,other,-1.8956019,5.656333
EIF4B,9,other,-2.011068,3.8538377
SFPQ,5,other,1.3019354,5.8016543
ATP5PB,0,other,-1.0104921,5.945022
CHCHD10,0,other,-0.5815718,5.9552517
TAPBP,1,IFN_gamma,1.4591907,3.9096477
COPS9,0,other,-2.007871,5.466536
STRAP,0,other,-1.7982969,6.938611
CREG1,4,other,2.477901,8.079363
GNAS,5,other,0.89670604,7.3311095
RBP7,6,other,3.333925,9.631663
DYNLRB1,0,other,-1.3179338,5.221915
EPC1,1,other,2.9550083,4.7680717
CCDC85B,2,other,0.8071748,4.9579005
MRPL57,0,other,-1.9863975,5.758134
C4orf48,0,other,-0.8405293,6.3623
SERBP1,0,other,-0.44446042,5.064553
ATP5F1A,0,other,-1.0697911,6.0667953
HIF1A,4,IFN_gamma,2.260349,7.3698206
JTB,0,other,-1.2986418,5.0753117
FSCN1,2,other,1.1792152,9.284306
SMDT1,9,other,-1.7824336,3.8116233
H2AFV,0,other,-1.5968301,6.185851
KMT2E,5,other,2.0461338,5.001738
RTRAF,0,other,-1.1554534,5.5913396
ARHGAP9,1,other,3.9441514,3.8353448
NDUFB6,0,other,-1.6496755,6.760609
AARD,11,other,-2.897202,9.224846
BNIP3L,4,other,0.18233687,8.953434
REEP5,15,other,0.5347473,6.9410133
STAT3,5,IFN_gamma,1.4906669,5.5194945
SPCS2,15,other,0.4020712,7.8767815
EIF4A2,5,other,0.53496444,4.769039
UBXN1,9,other,-1.2375232,3.735603
PELI1,7,IFN_gamma,1.8351973,14.408816
RBM25,5,other,1.6217775,5.6299033
SLC25A39,0,other,-2.2183533,7.0444365
SLC39A6,3,other,-4.07984,8.73543
SLC40A1,0,other,-0.9821039,8.258465
UTRN,5,other,2.5441396,5.9642324
GPI,0,other,-0.75310487,5.7309813
EIF3G,9,other,-1.2823317,3.8146799
WDR1,1,other,0.45048207,4.1910276
DNPH1,0,other,-1.8885133,6.2850313
IQGAP1,5,other,1.6340544,5.28656
IGFBP6,2,other,1.6785597,10.580064
LSM7,0,other,-1.5098934,4.287271
PTGES3,0,other,-0.70611197,4.6939225
SDF4,15,other,0.2711108,7.718839
COX7A2L,9,other,-1.7510449,4.750234
PA2G4,0,other,-1.1101263,5.800848
NFKBIZ,19,other,1.9416312,4.802763
MRPS34,0,other,-2.4911258,6.7512474
SHISA5,1,other,1.1300274,3.8506784
G2E3,7,G2M,1.4131476,14.825416
WFDC2,0,other,-3.4389114,7.748569
RNH1,4,other,-0.18027122,6.486148
TUFM,0,other,-1.1772466,6.219307
IGHG1,8,other,0.09101235,12.371247
DDAH2,0,other,-0.20565559,8.161921
APEX1,0,other,-1.2604705,6.70892
CASP8AP2,7,S_phase,1.2475694,14.747273
ITK,1,other,4.4913807,4.36154
VDAC2,0,other,-1.3217466,6.026671
PLP2,1,other,2.6739943,3.7117927
YIF1A,15,other,-0.36220512,8.2691555
CIB1,1,other,0.4438564,4.261487
TOR1B,7,IFN_gamma,1.4739513,14.695143
CYTOR,1,other,2.9297044,4.6411543
LMAN2,15,other,0.46503884,7.6665826
UBA7,7,IFN_alpha,1.6122459,14.465659
LSM5,0,other,-2.2636135,6.8660245
OSTF1,1,other,2.5655541,4.0303035
LAGE3,0,other,-2.6739542,7.5956707
LSM3,0,other,-2.0598578,6.446745
GABRP,11,other,-2.874941,9.573539
UQCRFS1,0,other,-1.3246033,6.1749954
PML,18,IFN_gamma,1.1148622,3.029277
IFNAR2,7,IFN_gamma,1.7669725,14.537332
CEBPD,4,other,1.7678651,8.207877
HNRNPA0,9,other,-0.38123867,4.5011163
TUBA1A,2,other,0.9168549,8.934976
MOV10,7,IFN_alpha,1.6280785,14.526841
NCL,0,other,-0.059903573,5.176465
KRT10,0,other,-1.2855185,4.775261
LITAF,1,other,2.393398,3.7703118
EIF2AK2,18,IFN_alpha,1.1686507,2.7271907
MBP,1,other,3.9917471,4.2803893
CLTC,5,other,1.1178783,7.206785
CCL4L2,1,other,4.581041,3.5455406
ZG16B,3,other,-4.4878,9.518518
TRIM21,7,IFN_alpha,1.8655003,14.258228
FAM162A,2,other,-0.11042489,10.118523
NAPA,0,other,-0.5526693,6.21322
ACTN4,2,other,1.4994742,6.005837
NCOA7,7,IFN_alpha,2.0661335,13.993667
RNF181,0,other,-0.69030374,6.1012716
ATRAID,15,other,0.034227435,7.9273725
NUTF2,0,other,-1.8643811,6.5372543
OGT,5,other,2.7160923,5.8206024
RIPK2,7,IFN_alpha,1.89814,14.677373
GBP2,18,IFN_alpha,1.7459975,2.7969408
TMPO,7,G2M,0.14088568,15.050771
PNP,7,IFN_gamma,2.1169305,13.844608
MGAT1,4,other,2.2939482,7.7280755
LYSMD2,18,IFN_gamma,1.8238612,2.776665
SERPINB1,1,other,2.2728055,4.1884766
RAB11A,6,other,-0.07620247,7.8720665
TOMM22,9,other,-1.739334,6.0104847
COX20,0,other,-2.3907006,7.450356
SSBP1,0,other,-1.2675753,6.121277
CFLAR,1,other,3.20884,4.67988
ITGA4,1,other,3.597457,4.359609
NDUFB1,0,other,-2.0450244,5.443686
CASP3,7,IFN_gamma,1.5378317,14.637106
EMP1,2,other,2.169698,9.316633
PGLS,0,other,-1.1203669,6.14643
APOL6,18,IFN_gamma,1.4267595,2.531623
CUTA,0,other,-1.1752647,4.76024
SIGIRR,1,other,3.0522966,3.8575578
MRPS21,0,other,-1.8236628,5.556038
LBR,7,G2M,3.8169584,4.9285183
ARPC5L,1,other,2.3595839,4.6509485
PRMT1,0,other,-1.3535217,7.4990435
TFF1,0,other,-3.9112012,8.0139885
TMEM179B,15,other,0.4598776,7.25553
UQCRC1,0,other,-0.7817492,6.518678
KRT23,11,other,-3.0959084,9.229252
NORAD,5,other,0.1872682,7.8760476
NCOR1,5,other,2.4738967,4.737587
STARD10,0,other,-4.097158,7.821562
CCT4,0,other,-1.5536112,7.124002
TECR,1,other,1.0393785,6.7874103
ADAR,5,IFN_alpha,1.4508172,5.190506
FAS,7,IFN_gamma,1.8609698,14.001426
MYLK,2,other,0.120124914,9.634695
RAD21,7,other,-1.527908,7.822062
LAMTOR5,0,other,-1.3105006,5.8347178
STMP1,0,other,-1.5293021,6.008955
OLFML3,2,other,1.6302519,10.820801
TLN1,2,other,1.3818622,5.9855475
LAMTOR4,0,other,-1.2384901,4.812947
SEPT7,1,other,1.3942722,4.2896852
MRPL20,0,other,-2.069108,5.778239
MORF4L1,0,other,-0.30297187,5.521943
PDGFRL,2,other,1.6584882,10.867805
PARP9,18,IFN_alpha,1.2165582,2.485033
MIR4435-2HG,1,other,3.0640643,4.846529
IL4R,7,IFN_alpha,1.7851855,14.619009
CAMTA1,0,other,-1.6267885,7.5075693
XRCC6,0,other,-1.3976029,6.97596
ISCU,9,other,-0.59953,4.284359
ARID4B,5,other,2.3191738,5.1873927
HNRNPC,0,other,-0.051926445,5.0784125
BRD2,5,other,1.4883955,5.05666
EXOSC4,0,other,-2.6408339,8.782175
MS4A1,16,other,4.431865,7.109934
SCAND1,0,other,-1.6012654,5.4659023
CITED2,19,other,2.0151896,4.628839
CORO1B,1,other,2.154485,3.877545
SET,0,other,-0.67829335,5.872719
NASP,7,S_phase,-1.0783671,7.2302027
ZNHIT1,0,other,-0.9865379,6.845946
TRIM26,7,IFN_alpha,1.5066673,14.638248
CLNS1A,9,other,-2.1179945,4.251464
C19orf66,18,other,1.6779723,2.9676087
RNPS1,0,other,-0.58217824,4.836399
RNF7,0,other,-1.605441,5.8235273
LAMA4,2,other,1.7904015,9.903562
CSNK1A1,5,other,1.2231542,6.6863246
HMGN3,0,other,-1.3043467,6.010854
CSK,1,other,3.3476274,3.823924
VAPA,0,other,-0.5304606,5.9080877
PPP2R1A,0,other,-1.2519917,6.7545576
ZFAND5,4,other,2.1477652,7.868871
RPS10,9,other,-1.7811551,3.3907754
LAMP1,15,other,1.0477151,7.8745723
PRKDC,5,other,0.6487588,6.6698046
SNRNP70,5,other,1.7975832,6.02164
CLEC14A,6,other,2.9921825,9.347692
FABP4,6,other,3.1153777,9.526607
CHMP2A,0,other,-0.8786961,6.689982
CASP4,18,IFN_gamma,2.2677956,3.2660496
PSMA5,0,other,-0.20922707,5.0018334
GABARAPL2,0,other,-0.5607376,5.245451
ERP29,9,other,-1.3194155,3.9489706
TNFRSF18,1,other,5.025839,3.7359226
SFRP4,2,other,1.4701601,10.624252
ATRX,5,other,1.644745,5.6990266
CDH11,2,other,1.10947,11.398436
TSPAN4,2,other,1.533205,9.145873
RAP1B,1,other,0.73754436,4.0178804
SRSF3,0,other,-0.0070830532,5.0962434
NCOA3,7,IFN_gamma,1.5802788,14.4094095
COPE,0,other,-0.99266607,5.9187284
UBE2I,0,other,-0.83186036,4.837548
EIF2S2,0,other,-1.2686994,6.787734
PDCD6,0,other,-1.4378692,5.303592
LSM2,0,other,-1.9867502,5.879022
NUDC,0,other,-1.4998049,7.157714
UXT,9,other,-1.8132851,3.3557186
POLR2E,0,other,-1.1815053,5.9621496
RSL1D1,9,other,-2.1074655,3.9601011
SDHC,0,other,-1.7156305,7.498778
RALY,1,other,-0.49566168,4.6384773
ANP32E,7,G2M,0.022060622,15.018369
ATP1A1,5,other,0.9931975,7.4308815
SDF2L1,15,other,0.17990562,8.340402
CBX3,0,other,-1.6935775,6.3055058
CLIC4,2,other,1.2465819,9.254129
ARL6IP4,9,other,-1.4483638,4.421892
CD164,15,other,0.46062258,6.875373
TRAM1,15,other,0.3923446,8.107953
RBM8A,0,other,-0.557455,4.967339
HNRNPH1,5,other,1.853638,5.945631
SNRPC,0,other,-1.8940711,6.413709
ANXA6,1,other,2.073723,4.17193
UBE2J1,8,other,0.142087,12.119593
MZT2B,0,other,-2.5624032,7.1686945
M6PR,1,other,2.6719854,4.157702
DEK,0,other,-0.83060825,5.4887586
GTF2A2,0,other,-1.7102039,5.4146333
RPS19BP1,0,other,-1.6416147,6.1689935
NUCB2,15,other,0.6906122,7.3260965
HNRNPU,5,other,0.8009064,5.726202
SIVA1,0,other,-1.3850924,5.9275174
HNRNPA3,0,other,0.32815775,5.276383
C11orf58,0,other,-0.84810895,4.618145
RAD23A,0,other,-1.8694588,6.213037
MRFAP1,0,other,-0.774595,7.7019386
ARHGDIA,1,other,0.18016154,4.0639563
EIF1AX,0,other,-1.767283,6.3503933
DPP7,15,other,0.74247515,6.7423043
C19orf70,0,other,-1.6788114,5.972495
PFKP,7,IFN_gamma,1.0212531,14.764847
ARL4C,1,other,3.526687,4.058295
CTSA,4,other,1.8488599,7.988096
DST,2,other,1.4860283,9.892206
PRDM1,1,other,4.4075913,3.6929762
NMI,18,IFN_alpha,1.5911705,2.481873
CKAP5,7,G2M,0.6849558,15.354975
TMEM230,0,other,-0.6239777,7.0689373
YBX3,2,other,0.31643564,8.749677
IL16,1,other,3.7559614,4.2859225
GHITM,0,other,-0.8701751,6.182725
DUT,0,other,-0.89523137,6.924584
SUMO3,0,other,-1.1425086,6.969677
NDFIP1,15,other,0.43239442,6.437311
GBP1,18,other,1.341295,2.7588282
ANXA11,1,other,0.6894014,4.0895996
POLD4,4,other,3.2166212,6.5968103
PPP4C,0,other,-1.0489364,5.636612
VPS28,0,other,-1.3411686,5.040266
CASP7,7,IFN_gamma,1.4800357,14.701125
RNF19A,1,other,3.6500716,4.8408723
UBXN4,5,other,1.053539,5.67417
ADRM1,0,other,-1.4372466,7.105502
RWDD1,0,other,-1.0579692,5.965145
KRT14,11,other,-1.9689888,9.984358
EIF2S3,9,other,-2.1140602,4.0646963
TMCO1,15,other,0.67647964,7.0929894
DNAJA1,0,other,0.020586576,5.6764417
SLC3A2,15,other,0.6622719,7.7510686
NDUFA12,0,other,-1.0832458,5.9189677
TNFRSF14,1,other,2.9033885,3.8140292
PYURF,0,other,-0.94822586,5.2191453
COA3,0,other,-1.8361158,7.3584385
GNG2,1,other,4.0594826,3.7473822
EIF3I,0,other,-1.1633407,6.4314027
ANP32A,0,other,-1.5457063,6.802098
ACP1,0,other,-2.5505173,7.17992
SEC31A,2,other,0.95615005,9.920713
PSMA4,0,other,-0.80272496,6.748156
RAB7A,0,other,-0.32375753,6.2372847
GLRX,4,other,2.641031,6.9650474
EIF4G2,0,other,0.2873609,5.3742213
HLA-DQA2,4,other,3.5807114,6.824816
COX14,0,other,-2.1041527,5.2961164
SLFN5,1,other,3.7774968,4.159066
NDUFV1,0,other,-2.0039244,7.882462
SCP2,0,other,-0.7717089,6.6425877
PPM1G,1,other,-1.1702673,5.504568
ZNFX1,18,IFN_gamma,1.2187897,2.527855
NFKB1,7,IFN_gamma,1.6471741,14.546406
OS9,15,other,0.9077923,8.010808
SRPX,2,other,1.8868704,10.643868
CDC42,1,other,0.4532999,4.153033
CCT7,0,other,-1.4964067,7.249252
PNN,5,other,1.879603,5.8764834
CDK2AP2,1,other,1.9589207,4.6411347
TRAFD1,7,IFN_alpha,1.8497142,14.147317
FAM96B,0,other,-1.2272714,4.85865
PSMA3,0,IFN_alpha,-1.4225137,7.3480835
HSF1,0,other,-2.3908396,8.018215
NAP1L1,9,other,-1.614685,4.014781
EIF3M,9,other,-1.8409477,3.9664557
KIF5B,5,other,0.81457996,7.2603
TAF1D,5,other,2.9384096,5.6406665
ALKBH7,0,other,-1.1526672,6.721465
CBLB,1,other,4.2155466,4.7763953
CD248,2,other,1.7746176,10.7064705
NECTIN2,6,other,0.94018394,8.160052
LRPAP1,15,other,0.8095048,7.9225044
ADGRE5,1,other,4.673863,3.4920444
TXNL1,0,other,-1.6056962,6.6601157
TNFSF13B,4,other,2.8788972,8.037555
TMEM165,5,other,1.3725863,6.6997337
SELENOK,15,other,0.009508872,7.7121067
ZRANB2,5,other,2.1789794,6.048161
PDAP1,0,other,-2.0518212,6.594786
TBCB,0,other,-0.98662955,5.3046126
GTF3A,9,other,0.16658278,4.1766605
MRPL33,0,other,-1.1378412,6.6366405
PARP1,1,other,-1.3159314,7.73102
SRSF10,5,other,1.4381626,5.865322
CNIH1,2,other,0.00801875,7.7558994
NSA2,9,other,-1.640563,3.7284858
CSDE1,9,other,-1.8163545,3.9520156
CNPY3,4,other,3.1595254,6.5151744
IDS,1,other,3.151387,4.115247
PCM1,5,other,2.0733604,6.2782717
SCAF11,5,other,1.7648636,5.474395
SRI,0,IFN_gamma,-0.74801755,4.704524
DDX24,5,other,2.0181758,4.867247
MANF,15,other,0.22893433,8.255107
CDC42SE2,1,other,3.7279353,4.04765
BIN2,1,other,3.9219968,4.263112
METTL26,0,other,-1.8362622,6.0241804
AUP1,15,other,0.6201834,7.051122
FAM96A,4,other,2.5079412,7.088556
RAP1A,1,other,2.34178,3.8445556
CLTB,0,other,-1.7820638,5.898303
RSL24D1,9,other,-1.9688321,3.8623478
SF3B5,0,other,-1.7100322,5.089783
DDX3X,5,other,1.595465,5.300877
ZNF207,5,other,1.9691639,6.0935626
ILF3,5,other,1.030484,6.0905194
XRCC5,0,other,0.29166648,5.3812146
SPCS3,8,other,0.57295483,8.628254
DUSP23,6,other,0.5658994,8.188987
MEA1,0,other,-1.6774452,6.297714
HNRNPR,5,other,0.78249884,6.0598354
RHOF,1,other,3.9077601,3.6785197
MLEC,15,other,0.6103777,8.082556
NFIB,2,other,2.5903823,10.084573
CTNNA1,5,other,0.77972215,8.159189
RER1,15,other,0.35285684,7.842773
TPR,5,other,1.4039303,5.551365
CARHSP1,2,other,-0.9260131,7.102491
BAX,1,other,2.0509195,4.005281
AES,1,other,3.0831578,3.9469655
NDUFA4L2,6,other,2.7476451,10.376531
VCP,5,other,0.893883,5.617252
PSMC5,0,other,-1.177887,6.734166
ADIPOR1,0,other,-2.4083922,7.3195896
REL,4,other,3.3771927,6.3528247
TMEM123,1,other,2.256437,4.0485096
CCT8,0,other,-1.5889517,7.291273
MDH1,0,other,-1.4489461,7.235811
SMIM26,0,other,-1.5674666,6.0217905
CD83,16,other,3.7141669,6.843109
SELENOF,15,other,0.2468506,7.079817
NEDD8,0,other,-1.7945049,5.38557
ASPN,2,other,0.96002555,11.498038
POLR1D,9,other,-1.6869999,3.8781216
NDUFAF3,0,other,-1.7456903,5.530149
FNBP1,1,other,3.276497,4.1453166
DYNC1H1,5,other,1.3158182,6.243397
OLA1,0,other,-2.5838478,7.8137937
SEPT2,2,other,0.88708454,8.777965
MEAF6,1,other,1.1074427,4.914712
SMG1,5,other,2.7619882,5.967237
FLNB,20,other,-3.1788526,8.438314
FABP7,0,other,-3.022125,7.8889565
CD36,6,other,3.1222548,9.670695
MTCH1,0,other,-0.26842892,8.360971
IGHM,8,other,4.3151803,7.2840023
APH1A,0,other,-0.3123842,6.902153
TMEM147,0,other,-0.50585926,7.086143
SSB,0,other,-0.43271586,6.4083824
SCAMP2,1,other,2.6764698,4.093413
CTCF,7,G2M,1.4295588,14.700248
IFI27L2,2,other,2.5806074,4.696554
SPON2,2,other,1.2463642,10.696701
CD47,1,IFN_alpha,2.845939,4.0683727
HP1BP3,5,other,1.4684802,5.5465727
TCF25,5,other,1.5052159,5.902909
SBDS,2,other,0.7860037,9.238699
CAPZA2,4,other,1.5034838,7.6351542
GOLGA4,5,other,1.1393815,6.5573535
MOB1A,4,other,2.950206,6.5674877
CMTM6,4,other,2.899202,6.6918144
MYD88,18,IFN_gamma,1.8451804,2.6771717
SF3B2,0,other,0.166592,5.081203
SH3KBP1,1,other,3.2555895,4.063286
RAB5IF,0,other,-1.0097041,5.9638214
FKBP8,0,other,-0.9256838,4.566774
PAK2,1,other,1.751128,4.571934
OPTN,1,other,2.4483848,4.6744657
EIF5,5,other,0.72096735,5.7573867
MUCL1,0,other,-3.1090946,7.8798594
PRKAR1A,2,other,0.8272972,8.006069
IGF2,12,other,-0.6681555,10.334308
MVB12A,0,IFN_alpha,-1.8481985,7.864534
TMEM14B,0,other,-2.1269999,6.453218
WASF2,5,other,0.98487437,7.6149263
EIF3D,9,other,-2.0657654,4.0027676
TMC8,1,other,4.065631,4.31137
ELOVL5,1,other,2.3686912,5.444511
VPS29,0,other,-0.099273525,6.559226
RBMX,5,other,1.2253965,5.582059
VSIR,1,other,2.8317559,4.108865
BZW1,0,other,0.14775755,5.7076864
SLC39A4,0,other,-2.5438304,8.533353
RAB10,4,other,-0.18152796,7.015173
RNF149,1,other,2.8052118,4.0096684
FAAP20,0,other,-1.1825157,7.61609
CAST,5,other,1.2159244,5.805562
GLG1,2,other,1.0137293,10.075706
SRRM1,5,other,1.0151578,5.5095825
NDUFS7,0,other,-1.9117486,5.4664364
NSD3,5,other,2.5379953,5.682319
MZB1,8,other,0.0623537,12.260253
CAPRIN1,5,other,0.81459785,6.9353104
MAT2A,5,other,1.3934335,6.264639
RAB1B,1,other,1.7275219,4.9258347
TERF2IP,1,other,3.4458005,4.052812
PNRC2,5,other,1.3156145,4.902127
CDK4,0,other,-1.2810558,7.641426
EMD,0,other,-2.0708144,6.2094464
DENND2D,1,other,4.0776105,4.08961
KHDRBS1,5,other,0.8229324,5.4214225
UBE2N,1,other,-0.028738406,4.6311407
PAFAH1B3,0,other,-3.1659179,7.694354
KPNB1,5,other,1.2965811,5.5242367
RBBP4,0,other,-1.663605,7.555109
PTPN1,7,IFN_gamma,3.1978,4.512257
PPP1CC,9,other,-1.2197173,3.7357993
NOL7,0,other,-1.1226388,6.3486543
NAP1L4,1,other,3.0135956,4.801114
ZNF428,0,other,-0.79812175,7.6723924
ZEB2,4,other,2.3751948,8.019471
EWSR1,5,other,1.3135687,5.529028
LAMB2,2,other,1.6959687,10.125437
ROCK1,5,other,2.2718663,4.9716253
MAP1LC3B,4,other,1.4970784,3.997403
DNAJB6,0,other,0.043441117,5.701369
ZC3H15,0,other,0.0054793535,6.3348374
C12orf75,1,other,2.753906,4.323761
ANKRD44,1,other,3.8946087,4.82154
UBE2L3,1,other,-0.04795577,4.708305
SAMSN1,1,other,4.2346888,3.4732094
PPCS,0,other,-2.6074677,7.213087
BIRC3,1,other,4.3134365,3.9896412
ESAM,6,other,2.9281251,9.4370165
IRF2,18,IFN_alpha,1.7960168,2.5945292
PET100,0,other,-1.7455732,4.997762
MPHOSPH8,5,other,2.8964844,4.7630377
CYBB,4,other,3.092058,7.9623513
TSPAN3,2,other,0.053798053,9.889186
PSMD4,0,other,-1.6532583,7.486796
REX1BD,9,other,-0.027444925,4.725317
SELENOT,1,other,1.5365578,4.4614625
TGOLN2,5,other,1.6487843,5.993068
ILK,2,other,0.99531126,9.371857
SPPL2A,4,IFN_gamma,2.3909004,13.848276
IGKV3-20,8,other,-0.0832707,12.874792
NONO,5,other,0.58653766,5.919103
HNRNPM,0,other,0.5410389,5.5755024
CHST12,1,other,5.148615,3.3168726
OCIAD1,15,other,0.56622636,7.492676
ACTR2,1,other,2.276005,4.62259
PAIP2,1,other,-0.18925099,4.0333433
PRPF38B,1,other,3.1725152,4.5524716
NR4A1,19,other,1.8219372,5.1208305
PTP4A2,1,other,1.4650214,5.600227
DHRS7,1,other,3.1876807,3.9285407
EIF4H,0,other,-0.32770133,6.0258923
PAPOLA,5,other,1.0882859,5.9175014
PLPP1,2,other,2.024499,9.487919
PPP1R12A,2,other,2.7198873,4.7896166
DEF6,1,other,3.7862537,4.000925
RNF167,1,other,2.3784332,4.9264655
RBCK1,18,IFN_gamma,1.8949757,3.0490565
PRMT2,1,other,2.7188106,4.2481284
CD82,1,other,4.1277714,3.8964093
HNRNPAB,0,other,-1.8772764,6.8739157
MGLL,6,other,3.2023373,9.657068
SSNA1,0,other,-2.4668858,6.379974
CAPN2,2,other,1.7491128,5.500066
CBX5,7,G2M,0.45282376,15.207748
ERLEC1,15,other,0.15859124,8.423363
KRT17,11,other,-2.1262014,9.925583
COPS6,0,other,-1.4872861,6.957369
PNKD,0,other,-1.7381465,7.298605
SDC1,15,other,-0.33397713,9.076481
ATF4,2,other,0.4755156,8.73036
LRP10,15,other,0.24470854,6.480878
MAF1,0,other,-2.0393174,7.4426975
LIMS1,4,other,2.0481405,7.585385
ADD3,2,other,1.6033894,9.900049
GPR183,1,other,3.1318498,4.497337
SPSB3,5,other,1.9476548,5.175634
PPIG,5,other,1.332012,5.175381
RCSD1,1,other,3.5987923,4.615724
CRNDE,11,other,-2.3287308,10.9509115
SNX6,1,other,2.1924303,4.348361
DDX18,17,other,0.53222656,6.49382
TPD52,0,other,-2.6922917,8.656741
TMEM141,0,other,-3.0342824,7.487099
PLPP3,2,other,1.9490584,10.573186
RBPJ,1,other,4.4492335,3.405284
PLIN2,4,other,2.55957,7.790122
RCN3,2,other,1.0907861,11.10738
RAB11B,0,other,-0.23651357,5.8985453
PFKL,4,other,3.8366761,8.689158
USP1,7,S_phase,0.41639563,15.034145
BCLAF1,5,other,1.9647461,5.9105887
STOML2,0,other,-2.6375096,8.0625925
RTL8C,2,other,0.43857402,9.098398
CHMP5,18,other,0.7856563,3.4029129
TCP1,0,other,-1.8458065,7.4701753
UQCRC2,0,other,-1.6242131,7.3704944
SH3GLB1,4,other,1.2210065,3.6029792
TCIRG1,1,other,3.0381258,4.478691
TRABD,1,other,3.9749367,4.3083134
KLRB1,1,other,4.116748,3.9711504
GLIPR1,1,other,2.7611418,3.9867759
RBM17,0,other,-1.1356779,7.0719004
PIK3R1,1,other,3.711712,4.288437
KLF2,6,other,3.019097,9.105897
RTN3,0,other,-1.8685061,8.3243685
PTPRF,3,other,-4.24571,7.824531
POLR2F,0,other,-1.7431549,7.136258
GPBP1,5,other,2.8906076,5.418152
TAF15,5,other,2.1136043,6.002334
MMADHC,0,other,-1.6591599,6.797769
BUD31,0,other,-1.6864724,6.6918445
FKBP11,8,other,0.106403604,11.958301
MRPS6,1,other,2.911747,4.5375643
SRSF1,5,other,1.4156033,6.0538626
USP15,1,other,3.14121,4.383932
ATP6V0D1,4,other,2.2030532,7.3882017
NDUFA5,0,other,-1.8053789,8.042003
PTPN2,18,IFN_gamma,1.9754943,2.9090316
SPRY1,6,other,2.3752267,9.34179
TAX1BP1,5,other,0.5527263,5.7837014
FOXP1,5,other,1.9574169,6.4079776
PIM2,1,other,4.5908175,3.865678
RPA2,7,S_phase,3.7530923,4.3377976
ZNF683,1,other,4.9075475,3.3148143
CNP,7,IFN_alpha,1.7429245,14.220713
AKNA,1,other,4.3347917,4.3084955
SASH3,1,other,3.6454244,3.9485898
POLR2G,0,other,-1.4595505,7.3986773
DDX46,5,other,2.0068283,5.8590546
MRC2,2,other,1.4832118,11.250669
SSR1,15,other,0.22003895,7.85877
EIF3A,5,other,0.8593436,6.1010666
MFSD10,5,other,2.0494583,5.606998
UBE2B,9,other,-0.18143146,5.0408664
TOP1,5,other,0.7471076,6.4551997
DOK2,1,other,3.9332936,3.7235305
NGRN,0,other,-1.3757879,7.8355527
JMJD1C,5,other,1.8868321,5.864502
EFEMP1,2,other,1.9247763,10.821757
NUB1,18,IFN_alpha,1.5971764,2.5132153
VDAC3,0,other,-1.5903716,7.8107934
MYADM,2,other,0.9475118,9.9995165
SLBP,7,S_phase,0.36910495,14.848154
PSMF1,0,other,-0.85022587,5.948682
RGS19,1,other,2.9332452,4.4183083
VASP,1,other,2.3554108,4.2281933
EMC4,15,other,0.10560557,7.5302315
OGA,5,other,2.4081976,6.03035
CCND2,1,other,3.7403631,3.8971748
OTUB1,1,other,0.015865944,4.705882
MEG3,2,other,1.6353065,11.247398
CISD3,0,other,-2.2727027,7.0793633
HNRNPH3,5,other,0.840403,5.894471
HADHA,4,other,1.3115292,7.9426575
CEMIP2,1,other,3.8226237,4.8180423
EIF5B,5,other,0.6972532,6.624079
SYF2,9,other,-1.655742,3.8384962
CDKN1B,1,other,3.582602,3.9808185
PSMG2,0,other,-1.0766554,5.7854533
MPG,0,other,-0.56744576,7.7613435
CERCAM,2,other,1.0577402,11.127215
COPZ1,0,other,-1.8567839,7.0549545
MVP,2,IFN_gamma,1.0891235,9.333838
RSF1,5,other,2.0976768,5.6659665
SNX17,1,other,-0.6912927,5.767199
SSU72,0,other,-2.6151128,6.2823505
ANAPC5,5,other,2.089507,6.2389455
SLC38A2,2,other,1.2291307,9.693265
PSMD7,0,other,-1.3752261,6.9532347
LENG8,5,other,2.2085545,6.0524535
SYPL1,6,other,1.545022,8.255072
NDUFB5,0,other,-1.253697,6.7253346
MTRNR2L8,5,other,8.658485,10.793657
MFF,0,other,-2.3724833,6.727173
CD93,6,other,3.0965657,9.305738
RAB25,21,other,-4.969994,6.797534
YIPF3,15,other,-0.26262254,8.394582
FAM177A1,1,other,2.1861506,5.1090155
TMEM256,0,other,-1.416904,7.0040746
FERMT3,1,other,3.0502498,4.3367105
PRCP,6,other,2.8560338,9.179745
MAP4,2,other,1.1987318,9.592609
OGFR,18,IFN_alpha,1.7509247,2.5062551
THRAP3,5,other,1.4279414,5.335786
U2SURP,5,other,1.7587918,5.967453
ATM,1,other,3.8076794,5.1214185
MRPS30-DT,3,other,-4.4657645,9.495321
TGFB1,1,other,2.822597,4.017116
MYCBP2,1,other,3.2319968,4.553003
PALMD,6,other,3.21214,9.554609
PSMB4,0,other,-1.711618,7.988759
CAPZA1,1,other,2.825605,4.1530333
MFAP5,2,other,1.5343806,10.609772
DCTN3,0,other,-1.46677,6.551426
LSM8,1,other,3.2029665,3.7885218
RAB6A,2,other,1.1313952,9.010828
TWF2,1,other,2.4829679,3.9787838
HSPA9,0,other,-1.937042,7.678818
WNK1,5,other,1.857495,5.8529463
MRPS15,0,other,-2.550816,7.638136
HAX1,0,other,-2.7324646,7.5193167
PCNP,0,other,-1.4307314,7.371408
SURF4,15,other,0.44496578,8.593475
DNAJC1,5,other,1.0332704,6.9629254
HNRNPUL1,5,other,1.0128441,5.2850175
CYHR1,0,other,-2.2414768,8.70575
BAG1,3,other,-2.212619,7.127801
SDC2,12,other,-0.60658133,10.426354
LEPROT,2,other,1.1997874,8.971488
LSM14A,1,other,3.905818,4.0282235
MTCH2,0,other,-2.3200858,7.845797
DAB2,4,other,2.156463,8.175305
PRNP,2,other,1.6556295,9.398356
DGUOK,0,other,-1.8875723,5.5799036
ARF6,1,other,3.7236178,3.730319
CLK1,1,other,3.586441,5.3022633
FDCSP,8,other,-3.0008676,10.0947695
TFG,15,other,-0.8182924,8.641056
AAK1,1,other,4.0502024,4.6503525
HLA-DMB,16,other,3.6069736,6.870847
XRN2,5,other,0.12050704,6.4276147
MRPL43,0,other,-1.0660338,7.5476313
ACAP2,1,other,2.455358,5.064955
DNAJC19,0,other,-2.6778622,7.817965
DNAJC8,0,other,-0.77720016,6.022393
SLC44A2,6,other,-0.81614083,8.695416
EIF6,0,other,-1.8245584,7.889019
PTGDS,2,other,1.4112362,10.486712
SRSF4,5,other,1.7756761,5.840853
CAVIN2,6,other,3.356273,9.759513
TMEM134,0,other,-2.6595252,8.117537
HEBP1,0,other,-0.49151126,7.8442783
CDC42SE1,1,other,3.63778,4.3555565
ANXA7,0,other,-1.237325,6.9191055
KXD1,0,other,-1.8729268,6.892212
YME1L1,1,other,3.2709708,5.1566377
DNAJC15,0,other,-0.40657094,6.4524674
CNOT7,1,other,3.2739801,4.1438236
MAGOH,0,other,-1.6117618,7.3263416
SNRPB2,0,other,-1.3007008,6.8602104
EIF4G1,5,other,0.9636914,6.825404
RGS5,6,other,2.7846134,10.285647
COL16A1,2,other,1.5344005,10.975795
AP3S1,2,other,0.40679607,8.953463
SPG21,4,other,2.236097,7.340361
GLIPR2,1,other,4.064023,3.7306824
TSC22D4,1,other,3.87347,4.0263977
EIF1B,9,other,-0.3172855,4.5648355
UFM1,8,other,0.033038724,11.734155
FKBP10,2,other,0.74850756,10.898949
TNFAIP8,1,other,3.4638264,4.477986
EMCN,6,other,3.055609,9.316507
MINOS1,0,other,-2.0977604,6.6483345
SERINC1,2,other,1.210737,8.592761
TINAGL1,6,other,2.866211,9.87264
PRPF40A,5,other,0.8975284,5.877487
ANTXR1,2,other,1.0539533,11.696009
PTBP1,5,other,1.1396772,5.963918
FKBP5,1,other,4.3416543,4.409699
SYNCRIP,5,other,0.20743723,6.853403
RAB14,5,other,0.09222137,7.5255227
PIM3,6,other,0.4954431,8.3032465
TIMM17B,0,other,-2.6958282,7.8813567
C7orf50,0,other,-2.1768208,7.1770716
RBL2,1,other,4.293266,4.3943834
MRPL54,0,other,-2.351966,5.8025265
MAT2B,1,other,3.3555288,3.8265374
PAM,2,other,0.32643214,10.0236025
PHLDA1,6,other,3.049014,5.041087
LGALS9,4,other,3.2425082,7.563015
RCN2,15,other,-0.4100159,9.932952
TM9SF2,15,other,0.883633,8.003596
METTL9,9,other,-1.9735943,4.5486264
LINC02446,1,other,5.213498,3.4178245
CDH5,6,other,3.3181486,9.660303
IL1B,4,other,3.6580164,7.8487916
TRA2B,5,other,1.1973435,5.796211
CRISPLD2,2,other,1.606762,10.899278
G3BP1,5,other,0.45959136,6.638708
PIN1,1,other,1.8700503,4.847781
MFSD1,4,other,2.6823704,7.9424233
LASP1,5,other,2.2412508,5.503962
MTPN,4,other,2.7934542,7.0376124
COA4,0,other,-2.6926193,7.6737638
DDX21,5,other,0.027128536,6.549317
MRPL34,0,other,-2.4339607,7.4552655
AKR7A2,0,other,-1.4312288,7.9571486
JUND,19,other,1.6720479,5.016626
CCDC107,1,other,4.1352315,3.7441778
MAX,1,other,2.8772104,4.0289097
FBXO32,11,other,-2.3255265,9.982781
RTF2,0,other,-1.5348877,7.415415
AIP,1,other,3.567582,3.9169662
PLEK,4,other,3.2553666,7.624004
MT1G,10,other,-3.9563773,8.677372
PPM1K,18,other,4.232808,5.5924907
TBRG1,1,other,3.500405,4.5167866
PNPLA2,1,other,1.6390511,6.7713265
OXA1L,9,other,-1.7313751,3.8684285
BTF3L4,0,other,-1.777103,7.4932227
ARHGAP4,1,other,4.055456,4.5412865
NT5C,5,other,3.4344888,5.5520964
FCGR2A,4,other,3.155598,7.944804
ASS1,11,other,-2.2650843,11.085783
SLTM,5,other,2.08909,5.8737326
PAFAH1B1,5,other,2.4062839,5.8573318
NDRG1,2,other,-0.15323989,10.62557
UACA,2,other,1.8121978,9.657463
IMP3,1,other,0.29004928,5.52382
WISP2,2,other,1.5772848,10.711171
ICAM2,6,other,3.117558,9.207903
TACC1,2,other,2.0409234,9.468822
TMEM167A,4,other,-0.34970844,7.530982
SRSF9,0,other,-2.0919526,6.3208885
HEXB,4,other,1.8766178,8.173129
NOSIP,1,other,4.1942487,4.3320117
HMOX1,4,other,2.9450154,7.8888035
COL8A1,2,other,1.0286276,11.793791
YPEL5,19,other,2.4739704,4.593745
MRPL3,0,other,-2.397014,8.176617
ATG3,4,other,2.3888357,7.416657
CTNNB1,2,other,1.1640048,8.856645
TMED4,1,other,1.1018214,6.9169836
COPS5,0,other,-2.5823433,8.585797
SF3A2,1,other,3.5478303,3.7549832
LOX,2,other,1.0224353,11.137354
LIMA1,2,other,1.3797047,10.270906
CCDC124,0,other,-1.7311679,7.2207627
TMEM205,0,other,-3.333948,8.101327
COL10A1,2,other,1.0531621,11.775067
FIBP,0,other,-1.6278664,6.637902
GRSF1,1,other,-2.265079,7.9818444
ZC3HAV1,1,other,3.9550283,4.704796
SH2D1A,1,other,4.6187234,4.041513
RASSF5,1,other,4.020797,3.6844409
CYSTM1,0,other,0.3010837,7.5518584
BTNL9,6,other,3.5200424,9.99895
ANKRD10,5,other,1.916139,5.976961
NID1,2,other,1.9140567,10.243961
MRPL13,0,other,-2.8852634,8.702334
RSRC2,5,other,2.2707455,5.6485853
TNRC6B,5,other,2.6819475,6.017849
LSM6,1,other,2.7074378,3.8182266
SULF1,2,other,0.8670582,11.384428
VAT1,2,other,1.8743523,9.497032
ASH1L,5,other,2.146962,6.2137494
CRACR2B,20,other,-3.0703106,8.889083
NBDY,0,other,-1.0787845,7.0766435
GOLPH3,0,other,-2.18381,8.555858
LINC00861,1,other,4.4346437,4.3730626
POLE4,6,other,0.6052127,8.268389
MZT2A,0,other,-2.6546924,6.942387
DNAJC4,0,other,-2.7180684,8.119972
SUPT4H1,4,other,0.0649921,6.512315
C9orf78,1,other,3.8188143,3.9608314
IGHG3,8,other,0.061301365,12.427962
ANGPTL2,2,other,1.0365721,11.399108
CTTN,3,other,-4.1615844,7.726944
UBE2V2,12,other,-1.5774508,9.994374
CD55,19,other,0.8002931,10.323028
CLEC11A,2,other,1.1851164,11.185405
DBNL,4,other,2.8709857,6.720429
MCUB,1,other,3.7173939,4.4406343
LY6K,12,other,-1.5951699,10.346133
COMMD1,9,other,-1.865856,3.5356114
HNRNPD,5,other,0.94653326,6.371593
SERINC3,2,other,1.1691945,8.772893
SNHG7,9,other,0.518862,8.1571455
AHCY,0,other,-2.448977,8.110552
PRRC2B,5,other,2.0098774,6.2021003
CLPP,1,other,2.4896398,5.0390906
ABHD14B,9,other,-2.0184703,4.0287447
ADAM12,2,other,1.4156961,11.357198
IGFBP3,2,other,2.0078914,9.7016535
ACKR1,6,other,2.9524446,9.293662
PRPF6,0,other,-2.500029,8.0177
NDUFAF8,0,other,-2.658417,7.2596087
PIP,0,other,-3.1756082,7.7555676
COX16,0,other,-1.8479006,6.622194
ERRFI1,11,other,-2.4042318,9.768612
TMOD3,6,other,2.6416948,8.818855
GSDMD,18,other,1.162309,2.9485557
DAP3,0,other,-2.420495,8.115373
UQCRHL,0,other,-2.1122334,7.88746
PDCD6IP,5,other,2.2385452,6.120285
PODN,2,other,1.6577278,10.975067
DDT,0,other,-2.2148657,6.9017863
CHD2,5,other,3.3475893,5.440457
SPINT1,3,other,-4.3148975,7.8558693
FUNDC2,0,other,-0.93293655,7.8486967
BIN1,1,other,4.001421,4.188134
CHI3L1,12,other,-0.73848104,10.079656
OSBPL8,2,other,1.0586575,10.517112
CXCL2,4,other,4.163217,8.062889
DCTN2,2,other,1.2606956,9.572937
THBS1,2,other,0.8715577,10.7349415
FLT3LG,1,other,4.5082927,4.2916875
SEPT11,2,other,0.8275099,10.3065815
SNX2,4,other,3.4828498,6.8291974
REXO2,2,other,0.795165,9.630059
SHARPIN,0,other,-2.498367,8.480099
CALCOCO2,18,other,1.1137962,3.0043552
FNBP4,5,other,2.7836585,5.9396377
RASAL3,1,other,4.3444705,3.981626
TGFB1I1,2,other,1.4400747,10.174141
DENR,0,other,-2.006758,8.436865
PSMB7,0,other,-1.7999924,7.6725965
SCARB2,4,other,1.3134778,8.02824
GLUD1,5,other,1.4023602,6.598728
GCC2,5,other,3.4891546,5.431053
DDX6,5,other,3.7929032,5.38641
PRPF8,5,other,2.2182205,6.055423
EHD2,2,other,1.6997584,9.695869
ARL2BP,2,other,1.0958375,9.644674
CALHM6,4,other,3.1059601,7.9727483
SNRPA,7,other,-0.0053492594,14.539326
KIAA1324,3,other,-4.707785,10.116643
THOC7,0,other,-2.2219777,7.056341
HIST1H1C,0,other,-3.2070043,7.8670173
MYC,0,other,-1.9853609,7.4764223
DPM3,0,other,-1.640396,7.5620546
RALA,4,other,2.2026908,7.7804623
CD5,1,other,4.61592,4.405512
IFNGR1,4,other,2.1380925,7.8314533
ECHS1,0,other,-1.90924,7.694765
RARRES1,11,other,-1.3890817,9.620282
RNASEH2C,2,other,0.5359487,9.088641
SNRNP200,5,other,2.9005833,5.8936515
CHPF,2,other,0.26802856,10.425049
DAP,21,other,-5.0896144,6.438748
TMEM160,0,other,-2.2224622,6.556923
PHIP,5,other,2.3114622,5.8544855
GLO1,0,other,-2.1462982,8.316353
HSPB6,2,other,1.6269457,10.508791
GOLGB1,5,other,1.5346576,6.707766
CCNH,1,other,3.7492182,4.8735585
PLXDC2,2,other,1.2302438,10.779654
CDC42EP3,6,other,3.3354993,5.394688
YTHDC1,5,other,2.1588438,6.0764356
CYBC1,1,other,3.552701,4.308685
HIST1H2AC,3,other,-3.9783707,8.5173645
BOLA3,0,other,-2.5750241,7.4042745
SFT2D1,4,other,2.5895147,6.9797745
RIPOR2,1,other,4.3267145,5.325656
UGP2,1,other,2.753932,5.319799
CPNE3,0,other,-2.512003,8.508622
SORBS2,11,other,-2.2892733,11.516524
TSTA3,0,other,-2.6395676,8.332532
SYNRG,1,other,4.008532,4.492597
TCF7,1,other,4.554903,4.5238743
MRPL4,0,other,-2.4002192,7.79597
CYBRD1,2,other,1.7587615,11.006807
RBBP7,0,other,-2.4356275,8.324746
VPS13C,5,other,3.4406018,5.5005665
SMIM19,0,other,-3.6139574,8.3331995
MMP11,2,other,0.89612025,11.183608
PSMC3,0,other,-1.5611764,7.7520885
C19orf24,0,other,-2.4846976,6.3389263
PPP1CB,0,other,-2.728613,8.742586
ADI1,0,other,-2.5463896,7.6934857
IGHG2,8,other,0.03133684,12.562341
STUB1,0,other,-2.5603056,7.21794
SNX5,16,other,3.7842176,6.9217362
SMARCB1,16,other,4.486046,7.1791134
PRKCSH,15,other,0.13695268,8.76557
PTTG1,7,other,-0.13008007,14.857922
DERL3,8,other,0.09685891,12.293291
NRBP1,1,other,0.9953908,9.215832
SIRPG,1,other,5.0718427,3.7638645
DNAJA2,0,other,-1.6120222,7.4076037
CCNL2,5,other,2.216193,6.252476
STAU1,0,other,-1.4882079,7.992023
MRPS12,0,other,-2.5834024,7.754402
TXN2,0,other,-1.5613502,6.7403126
ARID5A,1,other,4.390986,4.1204987
IK,1,other,3.7935288,4.5580187
ZNF292,5,other,3.1809094,5.5442286
FGFR1OP2,1,other,3.9170732,4.481146
FBP1,4,other,-0.6061126,7.2026525
TNIP1,1,other,4.24707,3.7438502
TMEM109,2,other,1.9430363,8.799501
FBXW5,1,other,4.4874682,4.1347775
FDFT1,1,other,-3.7336357,8.916147
DARS,2,other,0.017154213,10.669503
PDCD1,1,other,5.3984766,3.646626
ATF5,4,other,3.1228354,7.9935856
DGCR6L,0,other,-2.7804916,6.9996476
TNF,19,other,3.088199,4.6432686
PDLIM7,2,other,1.2134995,10.404756
CDC42EP1,10,other,-3.1442435,9.341833
MAP1LC3A,2,other,1.5028996,9.868095
COL11A1,2,other,1.0378405,11.756315
ITGB1BP1,2,other,0.84805936,9.713796
VTI1B,0,other,-1.0528938,6.967214
ATF3,19,other,1.7613277,5.094688
SCGB2A2,0,other,-3.1670737,7.7890816
RAB1A,15,other,-0.39851135,8.815048
OXNAD1,1,other,4.4855413,4.292976
ZBTB20,2,other,1.6401376,10.174606
CKLF,1,other,4.3108606,3.2490206
NOP58,14,other,3.8897989,5.555819
PSIP1,1,other,4.6775775,4.582926
LAMC1,2,other,1.7951269,10.201521
GPX3,2,other,2.0227063,9.95014
MESD,15,other,0.40668648,8.041775
WBP2,8,other,-2.619489,8.856883
TIAL1,1,other,3.8047857,4.552425
TMEM243,1,other,3.7770112,4.8433614
ERBB3,3,other,-4.596369,7.696188
AFF3,3,other,-4.6661367,9.793284
MRPS26,0,other,-2.8005574,8.19478
CYTH1,1,other,4.0674295,4.9101505
IGLC2,8,other,0.0067613455,12.66176
PPP1R1B,12,other,-1.2350456,10.944315
NIPBL,5,other,3.0408132,5.7329216
UBE2A,4,other,-0.25901973,7.279374
SEC61A1,15,other,0.36922956,8.417946
COL2A1,12,other,-1.2567942,9.950315
UBA2,6,other,2.3915236,10.130447
PBXIP1,1,other,4.549824,4.1851482
BNIP3,2,other,-0.116284,10.42213
UBE3A,5,other,1.8320901,6.3825912
CCR7,1,other,4.195321,4.798819
PSMD13,0,other,-1.5806813,8.037954
ADH5,13,other,1.0885942,9.703877
PCMTD1,20,other,-1.2425605,9.864859
NFATC2,1,other,4.485511,4.164903
MRPS16,0,other,-2.6195822,7.2347827
FNDC3B,4,other,1.7968742,8.610533
SUN2,1,other,4.1928425,4.2616634
AGR3,3,other,-4.9451456,10.014302
ATXN10,0,other,-2.850894,8.997283
SEC14L1,6,other,3.2720556,9.737097
CDK5RAP3,5,other,2.482502,6.1706543
RBMS1,2,other,1.6493521,9.733685
ARL5A,8,other,0.99734735,8.346287
PSTPIP1,1,other,4.515418,3.8354511
RTL8A,0,other,-1.7988923,8.196054
CMTM3,1,other,2.4804788,4.5343695
PHGR1,3,other,-5.1096773,9.887756
PDK4,6,other,2.8493905,9.412213
ATP2B4,1,other,3.162302,5.1365175
CEBPB,4,other,2.1575632,8.157404
CPXM1,2,other,1.675722,11.0001135
FBXO7,18,other,1.8742772,2.6260562
CXCL16,4,other,2.7889063,8.056413
ESD,2,other,1.1598061,9.518081
HINT2,0,other,-2.8690944,7.5085115
LMO4,19,other,-2.1362548,9.310163
MUC1,21,other,-5.0931473,6.6933064
CILP,2,other,1.5180615,10.794316
LPXN,1,other,3.5633574,4.118533
ARHGAP45,1,other,3.9454424,4.512582
IVNS1ABP,6,other,3.5658324,5.404436
IGKV4-1,8,other,-0.18423498,13.027698
SDHB,4,other,-0.5511374,7.3624625
PSMD2,0,other,-1.768924,7.916204
NUDT21,7,other,-2.2503097,10.699102
ZBTB38,1,other,3.602382,4.9452496
SMOC2,2,other,1.7169869,10.962737
FDPS,0,other,-1.2412567,8.436659
TADA3,1,other,2.47676,4.85709
TMEM173,1,other,4.383724,4.237742
IGHA1,8,other,0.056461856,12.683295
COPB2,11,other,-2.2787013,10.670187
MED10,1,other,3.7801518,4.722605
HSD17B10,0,other,-2.4511135,7.9166584
LIPA,4,other,2.9598687,7.8883986
FHL1,2,other,1.7800717,10.020784
TNFRSF12A,2,other,-0.095154375,9.485948
CREM,1,other,4.4048915,3.6962383
LTBP3,2,other,1.6242032,10.431092
JUP,3,other,-4.5000362,7.723439
FAP,2,other,1.182275,11.50199
MRPS7,0,other,-2.197281,8.022144
TMC6,1,other,4.06638,4.5961714
PLPP2,8,other,-2.9995654,9.3011265
MCRIP1,2,other,-0.8258843,7.9908733
COMMD7,1,other,4.4541335,3.7958772
DHX36,5,other,3.92026,5.4438124
RABGAP1L,1,other,4.365195,4.566379
RAB8A,4,other,1.923242,2.9957757
DDR1,3,other,-4.4083066,7.622362
ZNF593,0,other,-2.6411712,7.5245323
SMIM37,0,other,-1.466898,6.8503513
ECM1,13,other,-4.2781878,12.258116
PHF11,18,other,1.6975824,2.731611
FXYD1,2,other,1.8061746,10.550327
LAMB1,2,other,1.944527,10.032225
SERPINE2,12,other,0.03432423,10.203062
EMC6,0,other,-2.6871607,7.2045765
KRTCAP3,12,other,-1.8077992,11.251968
IGBP1,9,other,-1.9415416,3.938109
TAF7,5,other,2.8321092,5.482491
PCSK7,1,other,3.7210863,5.0518913
OGN,2,other,1.5058194,10.807146
LINC01871,1,other,5.4078927,3.5976417
RUNX3,1,other,5.355219,3.9168797
SARS,0,other,-3.435303,9.006895
VPS35,4,other,-0.5582022,7.129096
NDUFS2,0,other,-1.7856675,7.935031
YY1,5,other,0.9278339,6.560036
SRPRA,15,other,0.49995163,8.353254
PDCD10,0,other,-2.2167041,8.335066
NFE2L2,4,other,2.1122386,8.00312
TSPAN14,1,other,3.3210871,5.0647984
MRPS30,3,other,-4.583386,9.721955
RHOC,2,other,0.9533727,8.33943
IAH1,1,other,2.708962,4.671375
IGHV5-51,8,other,-0.13280043,13.064992
EPN1,6,other,0.84483004,7.777756
PPP3CC,1,other,3.9760444,4.808369
DPYSL3,2,other,1.23767,11.868174
RPA3,7,other,-0.032197732,14.909575
KCTD12,4,other,3.1006563,7.985415
PGD,4,other,3.5347104,8.531895
MGMT,6,other,-1.1389937,8.056473
CD163,4,other,3.7154424,8.075319
SYAP1,0,other,-2.698309,8.354226
PARP10,18,other,1.4623808,2.7604024
IGLV2-14,8,other,-0.18462054,13.063126
SFRP1,11,other,-1.6140902,10.027885
CMPK1,0,other,-1.9664533,7.4869847
COX7A1,2,other,1.5833912,9.696814
DECR1,0,other,-1.97318,8.140794
S100B,8,other,-2.9216745,9.898533
IGKV1-5,8,other,-0.052149285,12.898606
CMC1,1,other,5.0093675,3.7038567
TMEM208,15,other,-0.36172983,8.640139
SAA1,11,other,-2.3449523,10.193942
RSU1,2,other,1.3957028,9.405927
MRPL27,0,other,-2.483005,7.350247
DDX39A,7,other,0.036257576,14.731365
GPRIN3,1,other,4.746715,4.639098
MT1M,6,other,1.8692864,9.818897
RNF10,1,other,2.7141964,5.3477516
MRPS18C,0,other,-2.0521903,7.7929273
SLIT3,2,other,1.7905779,10.544569
TBX3,20,other,-2.170769,8.944653
MAGED1,15,other,-0.51276207,9.270755
HMOX2,1,other,4.2081685,4.242761
FGF7,2,other,2.0664215,10.905357
CAMLG,0,other,-0.93512785,7.6207952
OAT,0,other,-1.0843543,8.749837
HSPB11,1,other,2.272057,5.4177804
NREP,2,other,1.1715976,10.983619
KMT2C,5,other,1.9093214,6.508564
TMX4,1,other,3.5703769,4.4428177
HSPA1B,19,other,0.8522806,5.7482944
S1PR1,6,other,3.3481205,9.6167145
EMC10,5,other,0.95774454,7.472471
NRDC,5,other,2.5861905,6.0115666
SCPEP1,4,other,1.8452811,8.47103
PHF3,5,other,2.2823842,6.193772
RAB11FIP1,3,other,-4.4676723,7.7108936
HBB,17,other,-1.3609021,12.184625
RNF114,4,other,-1.6711843,8.344132
BPTF,5,other,2.1524634,6.3325243
GTF2H5,0,other,-2.0522702,7.212887
NQO1,3,other,-4.517869,7.719868
KLF4,19,other,2.3320732,8.242459
POLR2J,0,other,-2.3544748,8.037397
ARHGAP30,1,other,4.1945662,4.299057
RHOBTB3,12,other,-0.67952657,10.524716
LUC7L2,5,other,1.2679607,6.196481
NENF,0,other,-0.6282979,8.597984
SAT2,0,other,0.11948832,8.458431
GGNBP2,5,other,3.3413887,5.6830707
CXCR6,1,other,5.1796403,3.7565842
NDUFS3,0,other,-1.7991048,7.7091084
RGS2,4,other,3.3622546,7.643108
ITSN2,1,other,4.082435,5.2425675
EFNA1,12,other,-1.2104049,10.986804
EMILIN1,2,other,1.4638269,11.3776245
GNPTG,4,other,1.1463921,8.021314
NAA20,0,other,-2.0024104,8.131716
CHCHD5,0,other,-2.6948514,7.282823
UBE2E3,2,other,0.7968774,9.821992
BTN3A2,1,other,4.167097,4.328515
CRYBG1,1,other,4.005436,4.8210444
YTHDF2,8,other,-3.7779214,9.72584
DPY30,0,other,-2.705945,7.964407
ZFAND6,0,other,-3.479122,8.6524515
FLI1,1,other,4.2934914,5.355713
ASNA1,0,other,-2.1304176,7.702644
HDAC2,0,other,-2.0126936,7.5003624
TAOK3,1,other,4.262356,5.5355663
PIGT,15,other,-0.08658095,8.813706
MAP3K8,4,other,4.769685,8.130983
MAPK1IP1L,1,other,4.0039377,4.144053
MRPL36,0,other,-2.483319,7.6450553
NBEAL1,9,other,-1.910099,3.3612053
SUSD3,1,other,2.4811351,5.2558603
LYST,1,other,5.3482027,3.9510787
RBBP6,5,other,2.5297585,5.7047877
RAMP3,6,other,3.0317059,9.263859
PABPC4,10,other,-2.6191878,9.215089
CNIH4,15,other,-1.1574707,9.0803175
TRAPPC2L,0,other,-2.227538,7.275891
PPP1R11,1,other,3.5784109,4.0357413
SORBS3,2,other,1.664542,9.801885
GSTM1,0,other,-3.169925,8.225203
SCRG1,12,other,-1.3430198,11.058436
RTF1,5,other,1.4946703,6.6493163
GDI1,5,other,2.2341642,6.5649323
LILRB4,4,other,3.1030514,7.9361467
LMCD1,6,other,2.2729564,9.524959
MRPS18B,0,other,-2.3608942,8.516665
CNDP2,4,other,2.1454263,7.408104
SLC16A3,4,other,3.3270228,8.033767
BAZ1A,1,other,4.044241,4.880638
LRRC59,15,other,-0.7875599,8.5024605
SPTSSA,0,other,-2.2296922,7.9924045
DEPP1,2,other,1.9444414,10.00301
SLC39A1,15,other,-0.41015258,9.462601
BIRC6,5,other,2.8485148,6.012732
MDFI,12,other,-1.1443421,10.9571
MAL2,8,other,-2.72567,9.937392
FILIP1L,2,other,1.3853805,10.3339405
CDK16,10,other,-3.526235,9.174017
IGLV3-1,8,other,-0.39766583,12.854719
MNDA,4,other,3.1602654,7.9226265
AQP3,11,other,2.265666,5.373227
MAP1B,2,other,1.372917,10.133613
TFPI,2,other,1.9291794,10.257446
PLAT,3,other,-4.055417,8.600245
PHF1,1,other,3.7047145,4.792406
IGLV2-23,8,other,-0.19472755,13.058124
IRF2BP2,5,other,1.2545681,7.077893
GJA1,2,other,1.5735704,12.223966
SMARCE1,0,other,-2.1852,8.320106
LCN2,11,other,-2.321928,10.858115
PSMD11,0,other,-1.8051769,8.202748
NUMA1,5,other,1.9678962,6.5483217
INPP4B,1,other,3.5978582,5.256637
GID8,0,other,-2.5985582,7.996772
GNG10,0,other,-0.6558773,6.8721128
METTL5,0,other,-2.774133,7.8306575
PIN4,0,other,-2.5102975,7.8215656
CAMK4,1,other,4.541867,4.6193047
MRPS36,0,other,-2.1404562,6.272102
PBX1,3,other,-4.653311,10.946121
GOLGA7,11,other,3.1409483,5.7567773
R3HDM4,1,other,4.1013775,4.316482
NDUFA10,0,other,-2.5108438,7.9582105
LNPEP,1,other,4.1289506,5.2731085
POLR3GL,1,other,3.9404907,3.9980285
PLS3,2,other,1.6806132,9.778166
SNX10,4,other,3.1930795,7.823235
APMAP,1,other,2.4188657,5.3682084
TPP1,4,other,2.6634965,7.920796
NRP1,6,other,3.3706577,9.766946
SNCG,6,other,2.631165,9.538014
TEX264,1,other,2.0080953,5.5577474
MESP1,10,other,-3.4403772,9.355354
BAMBI,12,other,-1.2950584,11.221338
TFAP2A,3,other,-4.979006,9.99267
CRISPLD1,12,other,-1.1086696,10.075337
SF3B4,0,other,-2.2870834,8.387032
CYLD,1,other,4.5050583,4.482802
SH3BP5,6,other,2.2699869,9.67622
GAS6,2,other,1.8069183,9.878383
SZRD1,4,other,-0.7523486,7.916651
EIF2A,9,other,-2.1181264,4.3224196
UBA1,5,other,-1.2459564,8.47459
KDM5A,5,other,3.8036542,5.4703393
MMP9,4,other,2.8560097,8.063044
DDRGK1,3,other,-3.5266457,9.518961
CXCL8,4,other,3.9609869,8.057684
GNB1,5,other,1.3343376,7.45083
CHMP4B,0,other,-2.2144651,7.1374598
SRP72,0,other,-1.5264316,8.101363
SND1,15,other,-2.3428879,9.057686
JAK3,1,other,4.775149,4.744379
FHL2,20,other,-1.401507,9.458226
TIMM17A,10,other,-3.471473,8.710816
PCMT1,0,other,-2.2000175,8.513975
ZKSCAN1,5,other,1.3644878,7.0422077
ZNF638,5,other,2.1958044,6.5500913
ERBB2,21,other,-5.2301135,6.4628363
NDUFA8,0,other,-2.6092412,8.078714
TAT,3,other,-5.4142,10.036734
CD79B,16,other,4.5586987,7.178548
KRT81,10,other,-3.1531403,9.288317
COPA,5,other,1.0360272,7.116226
TMEM9B,4,other,0.77940166,7.223838
AC007952.4,19,other,2.1864328,4.88676
G3BP2,1,other,4.4539294,4.869911
GEM,2,other,1.601758,10.857801
PTGER4,1,other,4.265526,4.587182
SNRPA1,11,other,-2.4549425,10.696847
TBC1D9,3,other,-4.8294005,10.046919
CD19,16,other,4.624414,7.0976295
IGKV3-15,8,other,-0.19707938,13.013885
HMG20B,0,other,-2.8806005,8.0430155
ZNF331,19,other,2.9587498,4.786328
PPP1R10,19,other,2.4178433,5.184314
SCML4,1,other,4.419603,4.6788993
CCS,5,other,1.7881993,6.4199677
OTUD6B-AS1,12,other,-2.107135,8.963773
TMEM14A,0,other,-2.8733501,8.273262
SPHK1,8,other,-2.6259074,10.152824
METAP2,5,other,-1.5149231,7.9920435
ATP1B1,3,other,-4.717094,10.23556
SH3YL1,0,other,-3.1920643,8.96988
NUDT5,10,other,-3.3608615,9.516845
ODF2L,5,other,3.9763002,5.3958917
DMAC1,0,other,-2.5908544,7.7385907
VPS51,1,other,-1.3666658,8.691256
SMARCA5,5,other,3.1751487,5.9434104
MAZ,0,other,-2.1020284,8.55634
CD4,1,other,4.9074626,4.427766
VOPP1,8,other,4.674308,5.100397
PQBP1,0,other,-3.233985,8.808788
AGTRAP,4,other,1.8453584,8.238156
NDRG2,8,other,-2.869071,9.105687
NET1,8,other,-3.2005785,9.347946
MRPL55,0,other,-2.7071667,7.6580024
BBX,5,other,2.0423985,6.3837113
LAMP2,15,other,0.87769467,7.876005
NPW,12,other,-1.11664,10.73006
ZCRB1,0,other,-2.410288,7.5418644
DNMT1,7,other,0.3229218,14.780167
ETFA,0,other,-2.3256228,7.89741
ARHGAP18,4,other,3.4333737,7.937287
IGHG4,8,other,0.07878776,12.386417
TMEM30A,15,other,0.571805,9.105781
ABHD2,3,other,-4.786095,10.476164
ACTG2,11,other,-2.001851,10.019604
PRRC2A,5,other,1.528743,6.5790854
SH3BP1,1,other,4.589253,3.8280742
VAMP2,1,other,3.7237825,4.9807367
AZIN1,12,other,-2.5473392,8.824714
SS18L2,1,other,3.851563,4.414098
CXCL3,4,other,4.1616306,8.160259
PRPF4B,5,other,2.8151972,6.1199174
QDPR,3,other,-5.19983,9.977633
AC020916.1,19,other,3.1311777,4.8998036
PPFIBP1,2,other,2.0823104,9.790511
CWC15,4,other,-1.671612,8.20204
KRT5,11,other,-2.2518735,9.9720125
GFRA1,20,other,-2.0337567,9.006049
TRAPPC3,8,other,-2.7327304,8.891052
PTBP3,5,other,3.4725306,5.7159595
NBL1,2,other,1.1407744,11.820538
USP22,5,other,1.0163908,7.004196
MRPL11,0,other,-2.562105,7.7068577
B4GALT1,2,other,0.81445336,10.557619
ANXA4,15,other,-0.28330433,9.07753
TSEN34,0,other,-2.545005,8.447414
TTC39C,1,other,4.439696,4.568521
SLC7A2,3,other,-5.1994877,10.244255
NFIA,3,other,-4.2571907,11.124778
SMAP2,1,other,3.6721282,4.733532
SNORC,0,other,-3.0007293,8.51241
PRELP,12,other,-0.03613819,10.395362
ECE1,6,other,3.9631653,10.075181
LINC01943,1,other,5.103361,3.7778485
CD320,6,other,3.524921,10.054655
TMEM183A,0,other,-3.256124,8.586637
RORA,1,other,4.4192038,4.837184
STARD7,0,other,-2.5783088,8.703465
CNOT6L,1,other,4.247829,4.692031
PPP1R16A,12,other,-1.1586002,10.45673
AFF4,5,other,1.7187018,6.622735
PDLIM2,1,other,2.5481727,4.4328394
DGKA,1,other,4.60368,4.649908
EIF4E2,4,other,-0.553101,7.709772
C2orf40,12,other,-0.7618738,10.449881
CISD2,4,other,-0.26882294,7.597927
HEBP2,21,other,-3.3549614,9.429702
S100A7,0,other,-3.0695722,7.964736
MRPL21,12,other,-1.5862507,10.016646
LDLRAD4,1,other,2.5834064,5.295709
NAT1,3,other,-5.144153,10.073298
LTF,8,other,-3.1167414,9.999627
CNOT2,5,other,3.1212282,5.739989
CHD4,5,other,1.1727813,6.8224673
FOXP3,1,other,5.082808,3.8276558
PSMC4,0,other,-1.7256958,7.9039803
MRAS,11,other,-2.304424,10.761267
POLD2,10,other,-3.3468645,8.613763
HADHB,6,other,3.5530436,9.850581
MRPS33,0,other,-2.9887476,7.7499633
USP16,5,other,3.9431517,5.5358434
C6orf62,4,other,2.5362985,7.4254274
ETS2,6,other,3.1068847,9.167157
VGLL4,6,other,3.218961,11.225267
C6orf48,9,other,-2.378197,9.172072
CHD9,5,other,2.740851,6.4694047
ZNRD1,1,other,3.9014115,3.8370373
ELF5,8,other,-3.4543335,9.769334
LARP6,12,other,-1.1748307,10.880585
TSPAN1,3,other,-5.294352,10.206588
MMP24OS,0,other,-2.4356947,7.3213134
PSMB8-AS1,1,other,4.163739,4.98473
RAD23B,0,other,-2.46412,8.260965
ITGAL,1,other,4.766105,4.557491
INHBA,2,other,1.2455002,11.829433
RSBN1L,1,other,3.506785,5.375714
PTRHD1,8,other,-2.698685,9.23701
TUBB6,2,other,1.2904192,10.151821
PIAS1,1,other,3.9685159,5.369084
MRPL18,0,other,-2.560061,7.8728285
NPEPPS,5,other,1.7595062,6.7279234
CCDC12,1,other,4.3986707,5.240305
CAV2,6,other,2.9290404,9.95977
MRPL15,12,other,-1.5672698,10.217676
RUNX1,5,other,1.2317626,6.867655
PRKACB,3,other,-4.902427,12.890702
HVCN1,16,other,4.6021924,7.1179814
HTATIP2,3,other,-3.4574778,7.7669897
FAM173A,0,other,-2.531779,7.566347
NOTCH3,6,other,2.7650898,10.385101
LRRC15,2,other,1.1292734,11.923367
SYNE1,1,other,3.9735334,5.260376
BEX1,3,other,-5.546829,10.057351
A1BG,0,other,-1.518214,10.605662
SSH2,1,other,4.252262,5.359512
GABPB1-AS1,5,other,3.0131867,5.8459334
EPS15,1,other,4.2988787,5.2488365
MCAM,6,other,2.7289839,9.916482
SELENBP1,8,other,-3.271172,9.615098
GCHFR,4,other,3.724506,7.375439
UBAC2,1,other,4.3688426,5.191016
MEST,10,other,-4.388867,8.909669
ZMAT2,1,other,2.6409807,5.3412285
ORMDL1,1,other,4.583682,4.7861967
XCL2,1,other,4.8446336,3.0214145
SRA1,0,other,-0.7874608,7.5047193
FNTA,5,other,3.3247344,5.604556
CCL8,4,other,2.8237643,7.801893
TBL1XR1,20,other,-1.3380557,8.858923
AP1S2,4,other,3.1131952,7.5706434
AAMP,0,other,-3.0140462,8.580546
CAPNS1,5,other,1.0641471,7.4734797
MRPL24,10,other,-3.9417834,9.114822
SNHG12,1,other,3.873369,4.8501277
RRAGA,2,other,1.0834191,9.587785
ADD1,2,other,2.0487986,10.125506
SIAH2,3,other,-5.329931,10.110193
DCTPP1,0,other,-3.3137875,8.614196
SERPINE1,2,other,1.1214368,11.005739
PDLIM3,11,other,-2.0111835,10.413596
TOB1,1,other,2.8980627,5.421427
MRPL17,0,other,-2.2859225,8.007324
UGDH,3,other,-3.643786,8.926274
DERL1,8,other,-0.2626788,12.071246
ITGA11,2,other,1.3314905,12.070825
KRAS,1,other,5.470247,4.3829794
ITGAV,2,other,1.483363,11.325638
ANKRD11,5,other,3.295721,6.298748
CPB1,3,other,-4.964755,12.184151
SPON1,2,other,1.761649,11.53297
TPST2,1,other,5.253601,3.589606
PTP4A3,12,other,-1.5406418,10.4317875
TUSC3,3,other,-4.4991956,10.424602
TTYH1,11,other,-2.102847,11.43397
CALCRL,6,other,3.150109,9.377551
RABGGTB,3,other,-4.5199456,9.817881
OFD1,14,other,4.724287,5.4718294
PLPP5,3,other,-4.4832406,7.8983917
LTBP4,2,other,2.0746377,10.684905
SP140,16,other,4.4172196,5.984927
BNIP2,6,other,3.0812924,9.116772
EIF4E,0,other,-2.2760684,8.968413
PYCR1,12,other,-2.1343741,10.280457
TMEM248,2,other,1.4237152,12.072723
ERCC1,0,other,-0.7247757,7.2735248
FOLR1,11,other,-2.3051488,11.392312
IGKV3-11,8,other,-0.6896291,13.012073
OLFML2B,2,other,1.4031339,11.641
SNAI2,12,other,-0.97207475,10.476304
CMBL,21,other,-5.1649723,6.5670385
PAG1,1,other,5.2351747,4.660324
CLDND1,1,other,5.3266234,4.60079
SNX9,1,other,4.79646,4.1000314
LYAR,1,other,4.6444383,3.1781116
NELFE,0,other,-2.4663315,8.818645
CYFIP2,1,other,4.4642124,4.868616
MMP7,11,other,-2.3603673,9.97196
RAB4A,0,other,-2.7479088,8.675666
ACAN,12,other,-0.8444427,10.43737
PPP1R14A,6,other,2.6911101,10.078717
FAM213A,6,other,3.7623067,10.110924
MDM2,3,other,-4.5463767,7.683852
CTSF,11,other,1.9452977,11.071797
ERLIN2,3,other,-4.587864,7.6290407
VPREB3,16,other,4.566438,7.179908
TNXB,2,other,2.431705,10.960651
RAB34,2,other,1.3533728,11.012989
RAB18,0,other,-2.5448139,8.597734
FGFR1,2,other,2.1018262,11.6542225
GYG1,1,other,5.1973543,3.8442645
MIER1,1,other,4.3607244,5.2259583
CMC2,7,other,-0.15689817,14.689114
PLA2G2A,2,other,1.8509443,10.860797
RAB5C,4,other,1.2673835,7.379976
CSNK1D,5,other,2.7400475,6.160023
TCL1A,16,other,4.604471,7.1355047
VGLL1,11,other,-2.3803144,11.050296
ITGB5,2,other,1.1503674,11.97336
LTBR,15,other,-0.05471281,9.35547
PI15,3,other,-5.2669797,10.142117
HERC5,18,other,1.518512,2.5921223
FAM214A,3,other,-5.2431073,10.273029
SPATS2L,18,other,1.2485105,3.2689261
MAST4,3,other,-4.9722977,12.405754
ETHE1,0,other,-2.8263385,7.7341194
PYHIN1,1,other,5.3916645,4.898575
ATP6V1B2,4,other,3.3814108,8.020904
H1FX,20,other,4.776734,5.9079065
PTN,2,other,1.4418051,10.765954
RAB27A,1,other,5.5280147,3.7867436
IGHV3-23,8,other,-0.024093555,13.267576
ABI1,16,other,4.198748,5.9212766
KIF2A,1,other,4.6217933,4.5257497
CHPT1,8,other,-2.914688,10.02851
RBP1,0,other,-0.76950073,8.596652
TCIM,3,other,-4.780842,10.201649
KMT2A,5,other,3.979598,5.4813046
PDXK,21,other,-5.1090508,6.6429515
SUCLG1,0,other,-3.3673444,8.850058
LRRC26,21,other,-5.188741,6.5748286
PSMC1,0,other,-1.6153173,7.752653
TPBG,3,other,-4.654007,10.877812
MT1F,11,other,-2.3557596,9.8716545
EPRS,12,other,-1.7869095,10.7719
FAIM,11,other,-2.2557716,10.802714
ZNF652,21,other,-5.2539396,6.463931
C3orf14,3,other,-5.503897,9.985753
MYBPC1,3,other,-5.576732,10.076239
BRWD1,5,other,2.6818898,6.4094234
POLR2A,5,other,2.277684,6.070136
FAM50A,8,other,0.091112494,13.293044
RGMA,12,other,-0.72995704,10.422865
RASD1,13,other,2.345241,10.973927
SETX,5,other,3.212581,5.984856
PGGHG,20,other,-1.4340469,9.159873
PHF20L1,20,other,-1.2203397,9.203629
ITGAE,1,other,5.611381,3.7921379
IRX3,11,other,-3.0043807,11.492502
SNAP23,6,other,2.5233881,8.349641
NCKAP1L,1,other,4.273225,5.762427
SDC4,11,other,-1.4810189,11.267003
TRBV20-1,7,other,5.8005834,5.730117
NR2F2,6,other,2.86074,10.499883
TMUB1,1,other,3.2179809,4.892115
IGHV3-21,8,other,-0.1425387,12.979478
FLOT2,16,other,4.6638165,5.7809877
ATF7IP,14,other,4.1763453,5.660134
PHGDH,10,other,-3.371931,9.330362
NCOA4,19,other,3.737144,7.9871583
SSRP1,11,other,-2.58422,9.717555
MYO6,11,other,-3.049691,11.3771305
GINM1,13,other,2.0161545,10.350988
HSD17B11,6,other,2.90078,9.51856
SCOC,0,other,-2.9415553,8.655238
EPB41,1,other,4.667005,4.534643
DCAF7,5,other,3.5921116,5.9067574
PLEKHF2,3,other,-3.9835832,9.277328
PHF5A,8,other,-2.8012197,10.309325
KRT86,1,other,5.6088457,3.7364926
FAM102A,1,other,3.3737333,5.2248087
SMAP1,1,other,4.8299727,4.786021
CHCHD7,12,other,-1.2951852,10.219861
FMNL1,1,other,4.367923,4.427331
RNF13,4,other,2.6535542,8.107926
SLC25A37,2,other,-0.58083457,10.739743
POU2F2,16,other,4.492615,7.088253
NOVA1,3,other,-5.330573,10.27447
NRN1,6,other,2.4936068,9.750803
PXDNL,20,other,-1.6732347,9.282043
HIST3H2A,11,other,-2.536503,11.089641
PLPBP,3,other,-4.5990343,7.6275153
SENP6,5,other,2.8147793,6.3047085
PTP4A1,0,other,-2.1875296,7.209542
CYP1B1,2,other,1.8370239,10.900397
NT5C3A,18,other,1.4496006,2.651078
ACIN1,5,other,2.5514987,6.4424267
PLEKHJ1,1,other,3.649125,5.1108217
HDDC2,12,other,-2.7548072,7.4658875
SFXN1,1,other,4.6635365,4.5053926
ORMDL2,3,other,-4.557108,7.5858545
PLAC8,16,other,4.4377575,6.8809595
ZC3H11A,5,other,2.4557827,6.5198483
SAMD3,1,other,5.559947,4.661631
IGHV3-30,8,other,-0.063527346,12.869235
MARCO,4,other,4.3096323,8.492763
CLEC7A,4,other,3.2187223,8.145924
PDE4DIP,1,other,3.8949823,4.592863
AMD1,8,other,-2.9692519,9.8773575
SERTAD1,19,other,2.0418525,4.9291735
FAM107B,1,other,4.42518,4.439958
CELF1,5,other,2.6010966,6.2465267
MMP23B,2,other,1.5075457,10.817212
ZNF703,3,other,-4.4992537,7.6669345
ELK3,6,other,3.1336818,9.38548
IGHV1-18,8,other,0.057020243,13.130485
MSLN,8,other,-3.1469054,10.19944
TATDN1,12,other,-1.7268801,10.27735
MTIF3,3,other,-5.19776,12.786343
H2AFX,19,other,2.1714334,5.044298
APOBEC3C,1,other,5.3459463,3.5706935
RILPL2,1,other,3.9262962,4.514777
HERC2,6,other,4.0638366,10.028048
GORASP2,15,other,-0.4459455,8.839736
SUMF2,12,other,-0.95731163,10.258482
DHCR24,3,other,-4.5266867,10.119984
ARRDC1,3,other,-4.849192,10.294309
COMP,2,other,1.049139,11.681246
DHPS,1,other,-4.004283,9.4468155
DCK,16,other,4.47599,6.61043
PHYKPL,1,other,4.976402,4.6795774
ADGRF5,6,other,3.3451798,9.9753895
ZNF24,3,other,-4.112799,9.672908
IGLV1-51,8,other,-0.046967003,13.241776
ELOVL1,8,other,-1.1322469,8.883681
STX7,16,other,4.5534706,7.1223073
SLC52A2,8,other,-2.3086545,9.639962
SF3A1,1,other,4.430862,4.8102136
SERPINB6,6,other,2.6346383,9.082595
TMEM106C,11,other,-2.9501321,8.378287
ALDH9A1,12,other,-0.4775693,10.308528
LSM1,3,other,-3.1644804,8.703396
LAMA2,2,other,2.359978,10.942294
UFD1,8,other,-1.1707478,12.365104
ST3GAL1,1,other,3.5792406,5.1582003
TES,1,other,4.342695,4.7970624
PLOD1,2,other,0.026006034,10.646928
GPR65,1,other,4.8028126,4.9311795
TRAT1,1,other,4.630386,4.2595496
MGAT4A,1,other,4.7078257,4.8778276
KAT6B,3,other,-4.9555697,12.131683
STARD3,21,other,-4.8992333,6.4751225
TMED5,4,other,3.022218,7.9966717
TRBV7-9,14,other,5.7278423,4.9352136
CCNDBP1,1,other,4.2510705,4.56267
LYN,4,other,3.075361,8.046032
HUWE1,5,other,1.8314254,6.724513
MRPL9,12,other,-2.0954514,10.285512
RTBDN,3,other,-5.463594,10.222687
LDB2,6,other,3.9105644,9.983949
MATK,1,other,4.787788,3.0061476
CTNND1,6,other,4.1018744,10.375829
SECISBP2,5,other,3.9282742,5.405676
ARAP2,1,other,5.3169794,4.869791
PTPN22,1,other,5.183624,4.1408086
MMP19,4,other,4.118618,8.958612
GRHPR,0,other,-3.374962,9.200035
TSPAN15,3,other,-4.7664433,7.943755
GARS,10,other,-1.0549055,9.016036
HEG1,6,other,3.254591,9.438814
TREM2,4,other,3.2500505,8.124739
SHKBP1,1,other,3.9959629,5.316018
FRZB,12,other,-0.49574512,10.340272
TCEA3,3,other,-4.913635,10.077657
PLEKHB1,11,other,-2.592406,9.78788
POLB,3,other,-4.6106806,7.6576943
TMEM9,12,other,-0.7043497,10.210487
SLC35B1,21,other,-5.2406154,6.4603786
APOLD1,6,other,3.6007187,10.091175
SLA2,1,other,5.4533286,3.7175841
RAB24,16,other,4.794879,6.7665024
PTK2,12,other,-0.9862453,10.673497
SESN3,3,other,-4.908495,10.457727
MPLKIP,0,other,-3.6610713,8.950002
CA4,6,other,3.7356136,10.25392
RHOD,12,other,-1.0892256,10.608941
LRRFIP2,20,other,-2.4712903,9.034504
ACAA1,3,other,-4.931373,10.269285
IDI1,8,other,-3.494979,9.591555
PXDN,2,other,1.5201024,12.163622
MEF2A,12,other,-0.6299277,10.710846
RPL7L1,3,other,-3.553357,9.002548
BAG6,3,other,-5.379047,10.319364
SNHG19,8,other,-3.1361604,10.297814
SHMT2,12,other,-1.5765299,9.880746
RHBDD2,1,other,2.6052353,5.2496786
IGLV3-25,8,other,-0.15682694,13.151851
SMIM29,0,other,-1.9361644,6.940823
IGHV3-48,8,other,-0.46234414,13.005001
FIBIN,2,other,1.3946826,11.919784
ITGA1,6,other,3.185039,10.202552
ATP1B3,4,other,2.3520877,7.945138
IGKV1-12,8,other,0.014845428,12.452057
CHID1,15,other,-0.20179108,8.75523
ISYNA1,6,other,2.8340461,10.440112
FAM198B,2,other,-4.174342,12.269137
SHC1,6,other,1.4021473,9.504578
FXR1,11,other,-2.972369,9.344253
IGHV4-39,8,other,-0.81519616,12.845633
ERGIC2,14,other,6.1318917,6.694192
SFN,8,other,-3.097084,10.176234
KIAA1217,2,other,1.7483842,12.091675
ANGPTL4,2,other,1.3696691,11.053011
PYDC1,8,other,-3.1570108,10.157099
TTC14,5,other,2.531038,6.4623694
FAM32A,8,other,-3.3565645,10.467121
ORMDL3,21,other,-5.146755,6.4452534
SYT12,12,other,-1.1912531,10.604845
ABHD11,8,other,-3.4635937,10.01022
LSR,11,other,-2.3479419,11.271859
MRPL37,11,other,-2.7227395,9.092259
ITGA5,6,other,3.0790184,9.503777
ADAMTS2,2,other,1.4271504,11.734758
ADSS,8,other,-2.265499,9.598959
HDAC1,16,other,4.4260726,5.88464
HMGN4,1,other,4.269098,4.240226
STEAP4,6,other,2.7810519,10.316167
IGLV3-21,8,other,-0.05286824,13.335088
P4HA1,2,other,-0.097514935,10.683663
ODF3B,11,other,2.623418,9.888253
SCD,20,other,-2.0685267,9.223996
MIA,11,other,-1.9187089,11.362592
BEX4,19,other,-3.8504243,8.8966055
C8orf33,12,other,-1.3436003,9.879226
SCUBE2,3,other,-4.542546,10.329404
CSF1R,4,other,3.4245412,8.124864
FARP1,3,other,-5.2942276,10.152503
PTK7,2,other,1.5603548,12.194996
LSM10,4,other,2.7182515,6.8356256
CFDP1,5,other,-1.0447059,9.772364
RBPMS,6,other,2.8783865,10.459336
VCL,2,other,2.1165104,11.368509
HDAC7,6,other,2.381327,5.899431
BACE2,11,other,-2.2939465,11.318025
CHTOP,10,other,-4.3805003,9.011482
ANAPC13,3,other,-3.147305,8.175858
APPL1,5,other,1.3772827,6.7537837
SYNPO2,6,other,-5.4038386,10.358252
STK10,1,other,4.3270464,4.8684464
PAPSS1,12,other,-1.5150601,10.582874
TANK,1,other,4.9878273,4.4312906
ICOS,1,other,5.02538,3.8659654
IKBKB,3,other,-4.630718,7.6778717
SFT2D2,12,other,-1.0698562,10.966664
SYNM,11,other,-2.4592962,11.550326
CMTM7,11,other,4.053767,4.3011727
NEDD9,6,other,3.5676699,9.915526
LEF1,1,other,4.5641766,4.539605
C18orf32,3,other,-5.5830894,11.101619
SWAP70,16,other,4.7129693,6.9196024
ENPP2,6,other,3.5626318,9.932478
GNAI3,0,other,-1.7016417,8.562309
HMCN1,2,other,1.7766625,11.566761
RASGRP2,16,other,4.5884366,6.3646836
SLC11A1,4,other,4.3812065,8.31851
MCTS1,0,other,-2.455369,8.063174
PMEPA1,2,other,1.255541,12.014383
PMVK,3,other,-4.422293,9.396848
DCAF13,12,other,-1.4046736,10.229929
RNF115,6,other,-3.7613049,10.492314
DNAJB11,15,other,-0.36961564,8.4118805
INPP5D,16,other,4.560458,6.045724
AKIRIN2,1,other,4.2827816,5.6532907
ARPP19,3,other,-4.5467696,10.368533
CDC42EP4,8,other,-2.8560312,10.287707
PTGES,2,other,0.09613634,10.770248
CUEDC2,0,other,1.0422505,10.977772
HACD3,12,other,-0.7739685,10.307372
IGKV1-9,8,other,-0.01279871,13.220942
ARMT1,20,other,-1.7995415,9.167562
TROVE2,12,other,-0.73804706,10.744885
CALB2,10,other,-4.6593347,8.873731
PABPN1,5,other,2.0039098,6.686976
TRAPPC6A,0,other,-2.8841367,7.545342
ABLIM1,6,other,3.2089,9.555363
CCSER2,1,other,5.35763,4.9136395
UPF2,16,other,-1.4039296,11.929892
CD72,16,other,4.612069,7.0337334
MTA1,3,other,-5.4501886,10.071396
IGHV5-10-1,8,other,-0.825905,13.051083
CLDN1,10,other,-4.7904515,8.590036
IGFBP2,20,other,-1.6226621,9.20537
MARCH6,21,other,-5.1956067,6.4110737
NSMCE1,19,other,-2.582761,15.307884
SCAMP3,11,other,-1.6480527,10.038964
PON2,11,other,-2.280215,11.131722
LOXL2,2,other,0.65456915,11.396333
ODC1,12,other,-1.1953194,10.108316
GRB7,21,other,-5.256615,6.414907
ALPL,2,other,1.606629,10.995537
TNC,2,other,1.2816952,11.183819
RALGPS2,16,other,4.64538,7.127745
SCGB1D2,0,other,-3.0427551,8.058375
WBP1,3,other,-4.2290606,9.240738
THOC2,5,other,2.1320264,6.7448463
RAB9A,11,other,-2.6141965,9.8835335
CAMK2B,3,other,-5.892223,10.183374
MRFAP1L1,1,other,3.2310998,5.3960996
PFDN4,10,other,-3.7146473,9.202517
LONP2,3,other,-5.172942,10.233494
IFNG,1,other,5.622851,3.7221084
ERAP2,1,other,4.287139,5.044343
GPC3,13,other,2.6887326,11.223039
NUDCD2,0,other,-3.1761925,8.103841
AC093001.1,0,other,-3.078713,7.899091
FKBP9,2,other,1.4004111,11.906449
DHRS2,20,other,-1.8422247,9.120205
XRN1,18,other,1.6732079,2.7068594
COL9A2,3,other,-1.643551,10.9606495
CDC123,10,other,-3.3566055,9.642367
IL27RA,1,other,4.685293,4.5257945
LINC00926,16,other,4.7120004,6.950756
WWP2,12,other,-1.0879401,11.006214
CCDC69,16,other,4.388298,5.669149
FBLN5,13,other,2.530012,11.210593
IGHV3-74,8,other,-0.87873596,12.91597
CHGB,3,other,-5.663629,10.133045
PJA2,5,other,1.8112932,10.309114
EFCAB14,6,other,3.764626,10.09759
SYNGR1,11,other,-2.0536568,11.421391
RASSF1,1,other,5.64421,4.479393
MYO10,21,other,-5.2328105,6.4580445
TCEAL9,2,other,1.3156866,11.303866
TMEM50B,14,other,4.0705833,9.28571
HPRT1,10,other,-3.0440316,9.537386
GAS1,2,other,1.8660972,11.880534
CDC25B,1,other,4.4568434,4.7163534
MYO1F,1,other,5.041644,4.770638
POLR2H,3,other,-2.6762207,8.6155205
ARL1,15,other,-0.53999096,9.518775
IDH1,4,other,3.67612,8.214597
GLT8D2,2,other,2.3994105,12.055374
C20orf27,6,other,2.7791705,10.423152
COQ4,3,other,-5.0355716,10.819759
TLK2,21,other,-5.196666,6.505344
RBM42,10,other,-4.7025375,8.82188
ADM,2,other,-0.044543207,10.80351
MYOF,2,other,1.6688344,11.90214
CAPS,12,other,-1.215473,10.43656
HSPA4,20,other,-1.9736185,9.017045
EIF2AK1,10,other,-3.9830754,9.494436
HNRNPLL,1,other,5.1167674,3.9894912
NOTCH4,6,other,3.9033048,10.267102
CDC26,17,other,-1.8109447,12.655388
KCNQ1OT1,13,other,3.1898024,11.636597
NFIX,11,other,-2.5028272,11.698303
SLC7A5,1,other,5.6457086,3.8191783
SPOP,21,other,-5.1554923,6.5123725
ENAH,2,other,1.4818994,11.63077
ECHDC2,3,other,-4.7734847,10.451217
C1orf210,8,other,-3.1402545,10.255106
SPG7,14,other,5.5991507,6.5582366
GPR160,8,other,-3.429134,10.183001
PLAU,2,other,1.3535434,11.927254
JOSD2,4,other,1.7566415,8.004035
WWP1,20,other,-1.875039,9.083404
UPF3A,6,other,4.1285667,9.727783
PAICS,10,other,-2.8775594,9.702705
PDGFRA,13,other,3.161193,12.227611
TPSAB1,19,other,-2.4709477,15.733003
AKR1B1,4,other,2.995231,7.467515
APPBP2,21,other,-5.2951546,6.4078054
PTRH2,21,other,-5.291795,6.425869
TIMM10,0,other,-2.1097527,7.1386786
SMARCC2,5,other,1.9949769,6.880489
BCL11B,1,other,4.6139116,4.4030333
SLITRK6,3,other,-5.2739925,10.185705
SLC9A3R2,6,other,3.9031007,10.019358
MPC1,17,other,-1.8701135,11.993935
CPQ,12,other,-0.5663784,10.318796
ZMYM2,14,other,5.6512046,6.2199063
MAPRE1,0,other,-0.933552,7.5697055
TCEAL3,3,other,-4.006546,8.687513
CLINT1,14,other,6.107027,6.7206817
PTK2B,1,other,4.521172,5.67302
FPR3,4,other,3.400981,7.9989095
FADS2,11,other,-2.8495553,9.6097
PTDSS1,16,other,4.66134,6.6916113
RNF145,14,other,3.7740202,9.250733
VPS4B,16,other,-1.5716016,11.835125
CXCL17,8,other,-3.179487,10.241062
PDE3B,1,other,4.753252,4.643187
NEMF,14,other,4.288659,6.069044
FAM20A,13,other,3.3852093,12.328018
IRF3,14,other,5.2346287,5.68507
SYTL3,1,other,5.088239,4.1532326
FNDC1,2,other,1.2338575,12.090081
IL33,6,other,3.1371243,9.474985
IGHV1-2,8,other,-0.7810111,12.936013
LDOC1,10,other,-5.1616316,9.061165
SVEP1,13,other,2.6085107,11.0891695
DYNC1LI2,2,other,2.1285174,12.347023
C1orf21,3,other,-4.5323153,10.350056
ERP44,4,other,2.8974762,8.315814
LINC02532,8,other,-3.1004117,10.229508
EPS8,6,other,2.8757303,10.327785
DNAJC3,15,other,0.4768259,8.078707
GPM6B,13,other,3.2003264,12.245204
CEBPZ,17,other,-1.5064794,11.825105
HAVCR2,1,other,5.389541,3.8978393
MPP1,4,other,4.159611,8.509701
HIKESHI,8,other,-3.071151,10.643851
WDR34,10,other,-3.5742884,9.583982
PSMD3,21,other,-4.5100007,6.607342
DNAJB14,14,other,5.153916,5.6325836
FCN1,4,other,3.7960005,7.884538
LTA4H,4,other,4.126221,7.974582
RPAIN,3,other,-4.9679956,11.176675
UHMK1,5,other,-1.9433959,8.887988
MPZL1,13,other,1.9925314,11.730585
FCER2,16,other,4.669388,7.0672846
RNF5,11,other,-1.8752606,8.949192
MYO1C,2,other,2.115585,11.852258
RASA2,1,other,4.782225,5.207599
RHPN2,10,other,-4.786952,8.771712
SLURP1,12,other,-1.3163813,10.281138
AP1S1,3,other,-6.360692,10.485428
TPSB2,19,other,-2.494166,15.713368
AMZ2,10,other,-4.0575275,8.931712
NDUFV3,3,other,-4.2140465,9.169822
SLC12A2,3,other,-5.385067,10.316429
SULF2,2,other,1.5230254,12.091568
TSHZ2,13,other,2.4654965,10.859034
CGGBP1,1,other,5.607611,4.8500986
TPRG1,3,other,-5.2614794,12.243831
MUC20-OT1,14,other,5.788926,6.7390122
SQLE,12,other,-0.9576368,10.562955
AP1M2,10,other,-5.156281,9.28634
MLX,16,other,-4.287477,8.931543
TSPYL2,1,other,3.7560108,5.0887203
NR1H2,16,other,4.3300786,6.7990594
FRYL,6,other,3.9556055,9.953361
SEPHS2,0,other,-3.304072,8.8495865
MGST2,6,other,3.4917881,9.686249
PPM1D,21,other,-5.2795057,6.411043
G6PD,4,other,-4.3748584,7.5556726
FAM118A,5,other,2.528893,5.668887
WDR6,20,other,-1.4260222,9.029537
ARL8B,4,other,4.09817,8.589562
CD84,4,other,4.927283,5.9237843
RERG,11,other,-3.3323343,11.392056
BRD4,2,other,2.8170912,11.220134
EBNA1BP2,10,other,-3.7720907,8.910029
TMBIM1,12,other,-0.7544878,10.388398
EAPP,1,other,-3.7085571,9.208921
RPL39L,10,other,-5.2767224,8.845208
ATF6B,14,other,4.883943,5.6229362
MAPT,3,other,-5.2228684,11.098122
CCDC57,3,other,-5.325435,9.917786
BUD23,0,other,-2.7695875,8.783726
ERGIC1,21,other,-4.940315,6.7115264
LARS,17,other,-1.7020485,11.3894
CAPN1,8,other,-3.3475761,10.03875
IL1RN,4,other,4.29409,8.461313
MYO1B,6,other,2.7844615,10.282395
PMPCB,1,other,-3.9441345,9.38349
MRPL40,12,other,-2.228839,10.372374
GDAP1,3,other,-5.4821415,10.190274
ZNF22,17,other,-2.0198176,12.2226925
PLXND1,6,other,3.4588172,9.451811
MAML2,10,other,-0.64626116,10.7314415
RNF166,1,other,5.0881066,4.9772534
AC245595.1,2,other,1.4712235,10.86315
ALDH2,4,other,2.2597637,8.275543
PHF14,17,other,3.889867,9.570102
PCED1B,1,other,5.003976,4.0878234
NUBP2,8,other,-3.3330657,10.24094
PDXDC1,5,other,-1.3701868,8.874036
DOCK10,1,other,4.9111648,5.287507
APOBEC3A,4,other,2.9096715,7.8008647
EMC7,15,other,0.78149146,8.348936
NARF,17,other,-1.8217137,13.01553
MED13L,3,other,-5.4882636,12.760612
ITGBL1,2,other,1.1774058,11.906599
RASSF4,4,other,3.2078469,8.148499
SORL1,1,other,5.430704,5.2272687
TUT4,14,other,5.525065,5.9764094
CCAR1,5,other,3.3993797,6.14425
KPNA2,7,other,-2.8925567,10.221821
IGLV1-40,8,other,-0.7425847,13.189253
PTOV1,3,other,-4.620682,10.376063
MPST,13,other,-1.6002598,10.048636
BLOC1S2,16,other,4.260079,6.0838857
SMIM3,2,other,0.36652854,11.077585
TGS1,12,other,-1.3085623,10.302231
SERHL2,3,other,-5.238624,12.834088
PHLDA2,3,other,-5.7041187,9.91146
PCSK1,3,other,-5.3867984,10.274019
RRP7A,0,other,-2.1108763,8.096498
VPS36,17,other,-1.5083896,12.198165
HIBADH,10,other,-4.6855726,8.814844
TWIST2,13,other,3.3612926,12.379308
CNTD2,3,other,-5.956081,11.305778
VEGFA,2,other,-0.14545514,10.875963
CERS2,3,other,-4.3061547,9.851653
PODXL,6,other,4.398688,10.617908
TPD52L1,3,other,-4.4849076,11.257454
ARIH2,1,other,5.143012,4.3361506
CYB561,21,other,-5.264478,6.432368
IGLL5,14,other,6.259392,6.6321626
FSIP1,3,other,-5.1563272,11.581599
HPS1,16,other,3.8653917,6.709486
NAA50,11,other,-2.730641,9.4473715
C5AR1,4,other,4.3323245,8.25025
NPB,8,other,-3.2124135,10.26247
RB1CC1,12,other,-0.9723588,10.4930315
BTN3A1,1,other,5.495431,4.9706693
PGR,3,other,-5.0702076,11.086237
U2AF2,20,other,-1.483289,9.031728
CKAP4,2,other,1.5500859,11.505563
NANS,8,other,-2.5786226,10.431732
MCCC2,3,other,-5.3776374,10.044426
HPCAL1,4,other,4.1964836,7.9018164
SLC26A2,12,other,-0.93138164,10.881774
KAT7,21,other,-5.299395,6.412048
WWTR1,2,other,2.8963788,11.244422
ZFR,17,other,-2.1946325,12.355962
TRADD,1,other,4.5787406,4.8761563
PPP4R2,10,other,1.58711,6.5980625
HSH2D,16,other,4.338778,6.8015947
ARMC8,11,other,-2.3812933,10.971
SPN,1,other,4.863067,3.8912969
MKRN1,0,other,-3.7239926,9.023119
RNF11,0,other,-3.034516,8.067085
STAB1,4,other,3.857024,8.293133
CBR3,8,other,-3.1614838,10.406926
ARMCX3,2,other,1.6074288,11.412058
HPGD,19,other,-2.4701288,15.767146
GRK2,14,other,6.205388,6.1678877
WTAP,14,other,5.7684283,5.7060413
CHURC1,1,other,4.6736903,4.567566
CD300LG,6,other,3.7763188,10.304383
SHOC2,20,other,-1.4352493,11.61096
IP6K2,3,other,-4.272726,10.598525
HECTD1,5,other,2.1535041,6.7751093
ISOC2,11,other,-2.219415,8.780053
ITGA6,6,other,4.0436225,10.131062
HCN2,20,other,-1.7531205,9.331717
DCLK1,3,other,-4.4563355,12.320311
UNC5B,2,other,1.4539678,12.241934
DHX15,20,other,-1.4694396,9.392179
CHMP1B,19,other,2.7733638,4.815456
SEMA4D,1,other,5.2820425,4.721549
GPS1,8,other,-2.3165233,8.738447
CYP4X1,3,other,-4.5136933,10.126734
IGLC3,8,other,-0.0020142898,12.572786
DLC1,2,other,2.5553858,10.425589
CHCHD1,10,other,-3.5932863,8.810635
CCDC50,6,other,4.0512657,10.132181
PTHLH,3,other,-5.3560843,10.358762
EIF3J,17,other,-1.7625457,12.856115
SEC63,13,other,2.0919814,11.303608
STIP1,10,other,-2.786128,9.423399
SLC1A5,8,other,-3.0789814,10.232987
TRPM4,8,other,-3.2544007,10.2613125
IGHV3-11,8,other,-0.22240868,13.225928
FAM3B,3,other,-5.0719748,11.440597
TRIO,21,other,-5.2412114,6.4133143
THUMPD3-AS1,3,other,-4.932617,8.902696
PPP1R7,16,other,-3.8814247,9.196846
AR,3,other,-5.1349645,11.569953
LIME1,17,other,-1.9375173,13.068603
AL138963.3,5,other,8.218599,10.652894
C15orf61,12,other,-1.5633327,10.463372
PKN2,6,other,3.9974918,9.734368
SMCO4,4,other,3.1577442,8.242622
IGLV6-57,8,other,-0.9428973,12.857682
FGFBP2,1,other,3.7360168,4.472181
SURF1,17,other,-2.3033347,12.7799
CEP350,14,other,3.0546155,6.2724915
PSMD6,4,other,-2.0936592,7.9871116
GJB2,2,other,1.3114663,12.009514
AP2B1,20,other,-1.3833991,9.053127
FGD3,1,other,5.1832294,5.413154
FAM3C,2,other,1.9047316,12.461103
AHSA1,10,other,-5.0817204,8.9049635
TOX,1,other,5.5072427,3.6301823
TMEM119,2,other,1.4416183,11.122601
PI16,2,other,2.1327448,10.940413
PRPSAP1,8,other,-2.991493,10.429875
LPL,13,other,3.2535603,12.016306
MRPS35,10,other,-5.215896,9.343477
TMEM45A,2,other,0.052704956,10.810768
CSRNP1,19,other,2.5815508,8.602842
PARD6B,20,other,-1.7327915,9.313406
NIT2,10,other,-4.8328366,9.326952
RBP5,11,other,-2.6907098,9.672968
RNASEH2B,16,other,4.466857,6.8018064
NCF4,4,other,4.5019283,5.4632325
HDC,19,other,-2.491263,15.684393
BOP1,12,other,-1.3662342,10.226728
CAT,6,other,3.6075854,9.9577675
PIH1D1,20,other,-1.8968472,8.714276
ATP2A3,14,other,5.1144085,5.314002
SEZ6L2,12,other,-1.074432,10.83695
EMC3,10,other,-5.2060275,8.549751
SGCE,13,other,2.224269,11.0826
HES4,8,other,-3.044311,10.311082
SCARB1,12,other,-0.56209123,10.794736
IGHV3-7,8,other,-0.80706817,12.960096
RBM6,14,other,5.837886,6.492486
LOXL1,2,other,1.3512931,12.105746
CHD3,5,other,2.4478827,6.5110035
DNAJC7,16,other,4.538579,6.6946197
ELAVL1,7,other,-2.4951487,10.706902
AKIRIN1,1,other,4.355813,5.260761
WDR45,10,other,-3.8792863,9.335933
EPS8L2,12,other,-1.7809609,10.747088
DPYSL2,2,other,2.2838497,10.4844055
CEACAM6,8,other,-3.4495797,10.267601
CHI3L2,12,other,-0.9713466,10.794329
SNX1,12,other,-1.2555462,10.720091
RNF187,20,other,5.0970826,5.5605326
EFHD2,4,other,3.6482103,7.875755
LINC01956,11,other,-2.4626927,11.426545
IGHV4-59,8,other,0.08685751,13.047292
SDR39U1,3,other,-5.1575623,11.021497
PQLC3,13,other,1.8262361,10.639306
CHRAC1,12,other,-1.797145,10.426529
IGLV2-8,8,other,-0.058132935,13.297157
SLC5A6,8,other,-3.584889,9.961154
ARF3,3,other,-6.349172,10.564417
SNX22,12,other,-1.1645029,10.947036
EPB41L4A-AS1,2,other,-0.07749174,10.48354
GALM,1,other,5.185167,3.989546
CHIC2,1,other,5.1580167,5.0895443
DEGS2,3,other,-5.1899934,10.990247
SNHG9,20,other,-1.8062328,8.916937
DEGS1,10,other,-0.6235229,8.839125
ZEB1,2,other,2.9451246,11.257245
SERPINB5,11,other,-2.6156697,11.327576
ZNF580,20,other,-2.5715404,8.692297
AC004687.1,14,other,5.220603,5.99654
ELP2,3,other,-5.494432,10.39562
GSDMC,12,other,-1.0340862,11.007625
EMC2,12,other,-1.3930862,10.267911
SMARCA2,5,other,3.6384115,5.2274036
ADAMTS1,6,other,2.8972192,10.072201
FOSL2,2,other,1.7804222,11.84419
IL17RC,10,other,-4.6699314,8.664651
AIMP1,17,other,-1.7655828,12.019338
WDR33,14,other,4.653747,5.5449805
SPAG9,2,other,2.107027,10.3669815
FZD4,6,other,3.7877698,10.152274
ALCAM,3,other,-5.1760364,11.621372
RABEP1,3,other,-4.6784744,10.429077
CHD1,1,other,4.1132145,5.170429
DR1,1,other,5.053112,4.469771
DKK1,8,other,-3.0335565,10.394425
FAM210B,0,other,-2.8327656,9.235421
BLVRA,3,other,-0.5005189,7.511315
POLDIP2,8,other,-2.7969534,10.314942
STAG2,14,other,-2.2204564,11.439315
AC245014.3,4,other,4.730567,8.17746
CD22,16,other,4.663141,6.9297814
NTRK2,11,other,-2.8098996,11.605134
PCSK1N,12,other,-1.1985279,11.386873
EIF4A3,10,other,-3.2900429,9.1728
TRANK1,18,other,4.4976096,5.1561136
IGLV3-19,8,other,0.064666174,13.24342
SYTL1,3,other,3.797454,4.955046
DGKZ,14,other,5.861256,4.8427176
INTS11,14,other,6.086632,6.4365253
PDCD2,16,other,4.0180955,6.296853
RALGAPA1,5,other,4.039184,5.5521526
MLLT6,14,other,5.7335043,6.0611277
PARVA,2,other,1.8146245,11.805989
LIFR,6,other,3.7796147,10.212434
SERPINA5,3,other,-6.2306895,10.25387
TGFBR3,13,other,2.5527098,10.728461
DKK3,2,other,1.9487224,11.489139
GUSB,8,other,-3.2764707,9.544674
EIF4A1,4,other,1.8213183,7.222428
EEF1G,16,other,4.606968,6.5086207
DIAPH1,1,other,5.574008,5.1167126
TIE1,6,other,4.246998,10.250962
AOAH,1,other,5.4461956,4.744898
B3GNT2,1,other,5.6630607,4.107892
TAF9,0,other,-2.0243077,7.231895
ELF2,17,other,-1.5497009,12.477479
MAP4K1,1,other,5.4996977,4.82047
DTX3L,18,other,1.4533062,2.4553785
LINC01315,11,other,-2.5652244,11.450413
CEP70,11,other,-2.4388065,11.037652
COPB1,20,other,-1.277008,9.125485
PASK,1,other,4.6272187,4.559846
HMGB3,7,other,-2.595261,10.702824
PDLIM4,2,other,0.6533543,11.069844
PPP6C,16,other,-0.4446272,12.521928
IGHV4-34,8,other,-0.5420428,12.91869
IRF6,11,other,-2.8353353,11.730659
TTC17,14,other,5.487987,6.54267
CRELD2,15,other,-0.14255755,8.841523
MYO1G,1,other,5.401883,4.66726
CBR1,8,other,-3.0300465,9.779809
LMF2,14,other,5.9152536,6.55946
MS4A2,19,other,-2.442665,15.781993
POGZ,5,other,2.3321612,6.825723
TPH1,3,other,-5.333905,10.301631
EI24,20,other,-2.5376248,8.457184
UQCC3,3,other,-4.9374886,11.930256
ABI3,1,other,5.281309,3.9167674
DDB1,3,other,-3.5649772,8.713802
F2R,13,other,3.0047164,11.644779
GAMT,3,other,-5.565015,9.982865
YIPF2,12,other,-1.2854302,10.887623
DPYD,4,other,5.1107445,5.7984037
ATP2B1-AS1,4,other,4.6517606,8.147954
HSPB8,20,other,-1.7108142,9.22346
AC025164.1,16,other,4.6159973,6.879673
DUSP6,3,other,-5.1732745,10.14572
SRSF8,17,other,-1.8137022,13.003368
ACSL3,3,other,-5.0347543,11.085848
RPUSD3,10,other,-4.6827736,8.830221
CCNG1,3,other,-5.888492,10.18761
HIST1H1E,7,other,4.96141,6.196664
EDNRB,13,other,3.13376,11.874185
FYTTD1,8,other,-3.4003727,10.195303
SETD5,20,other,1.9602997,6.5218496
FAM114A1,2,other,1.7115518,11.6045685
CA12,3,other,-4.5530167,10.7099905
CKB,12,other,-1.2614121,10.19592
SLFN12L,1,other,5.5374866,5.12492
TPSD1,19,other,-2.4538398,15.774686
TRBV5-1,14,other,5.604695,5.337095
HILPDA,12,other,-0.6849395,10.576729
EBPL,11,other,-2.7571168,11.408078
CHMP2B,10,other,-4.786536,8.871606
MYH11,11,other,-2.6366177,11.343317
NFAT5,14,other,5.574689,6.7400384
BLOC1S1,4,other,0.8842188,7.3811016
HERPUD2,1,other,5.495019,4.5298247
TPD52L2,4,other,-2.7044716,9.730468
CP,11,other,-1.4612652,11.455634
GGT5,13,other,3.0200725,11.566908
DPM2,10,other,-5.151207,9.072427
PHF20,16,other,4.443659,6.0215955
GRP,2,other,1.4688791,11.973659
TRA2A,14,other,5.158448,5.6965237
SINHCAF,11,other,-2.3560734,9.268365
COL8A2,2,other,1.4415793,12.33756
CCDC90B,8,other,-2.9855056,10.359217
COPS2,17,other,-4.665275,9.29817
LRP2,3,other,-5.2478833,12.767856
SVIL,2,other,2.4716692,11.228504
PHLDB1,2,other,2.5821626,11.925595
SMTN,12,other,-0.7838675,10.787594
MRPS25,10,other,-4.843538,8.788592
SDHA,8,other,4.126092,6.042857
SLC44A1,2,other,-0.766468,9.590651
MCUR1,8,other,-2.2898507,10.658858
BTG3,11,other,-2.4093904,10.146554
SERPINB9,1,other,4.976375,4.583754
ANKRD28,2,other,1.5944211,11.367649
COA6,8,other,-2.844554,9.990387
NAGK,4,other,3.042,7.958267
RANBP2,4,other,4.947787,7.8107576
SVIP,17,other,-1.7581758,12.916539
ABI3BP,2,other,2.0566313,11.283751
ABCA8,13,other,2.6307583,11.050572
SNRNP40,8,other,-2.697885,9.021064
SRPK2,5,other,-3.0290403,11.136511
PLXDC1,13,other,3.242671,12.200111
ADSL,11,other,-3.014156,10.565113
TM7SF3,8,other,-3.0229867,10.0567
AC243960.1,16,other,4.6571145,6.571716
CPA3,19,other,-2.4165735,15.832662
ARMC10,11,other,-2.0441427,11.078044
SLC4A7,20,other,-1.6943055,8.961439
CPNE1,20,other,-1.4178334,9.606409
TRIM44,3,other,-4.6896033,7.628624
IGHV4-4,8,other,-0.54682714,12.857241
RASA4,6,other,3.5034485,9.348147
CCDC47,10,other,-5.1860247,8.350453
TMEM98,13,other,3.52223,12.481043
HPGDS,19,other,-2.4533405,15.769948
SRRT,1,other,5.3373137,5.2904496
CREB3L1,2,other,1.5885121,11.92344
LYPLA2,10,other,-4.9172564,8.977894
REST,1,other,5.1634374,4.844236
CSTA,8,other,-2.8498373,10.304806
ADCY4,6,other,4.270982,10.476489
MSMB,3,other,-4.5306478,7.5715275
CAND1,20,other,-1.0896987,8.919706
MBNL2,6,other,3.3016667,10.709806
SAFB,14,other,5.2080803,6.3660526
IPO7,6,other,4.103726,10.758972
NCOR2,2,other,1.4789121,12.024636
MRPL16,17,other,-2.0919545,12.76559
GATA2,19,other,-2.403481,15.824284
SLC18A2,19,other,-2.4557343,15.769718
CLEC3B,13,other,2.3780944,10.771809
MED15,14,other,5.820125,5.223074
FMOD,13,other,2.9178612,11.669048
ETFB,0,other,-2.4722998,8.360712
ADK,16,other,4.6997905,6.9699345
DYNC1I2,17,other,-1.3249809,12.1926155
FDX1,17,other,5.595665,4.6455827
GOLGA2,2,other,1.9643945,11.555948
XPO1,10,other,-5.1334243,8.575496
CCPG1,13,other,2.2453663,11.824621
WIF1,11,other,-2.4591146,9.878421
YIF1B,10,other,-4.682165,8.484454
PPIH,10,other,-5.030819,8.740248
TRAF1,1,other,5.220712,4.217598
HPN,10,other,-5.0924973,9.35469
ADH1B,13,other,2.7004917,11.13167
TCF7L2,13,other,2.7255301,11.159756
NDUFS4,0,other,-1.9503378,8.0718155
DNPEP,3,other,-4.6109476,11.132197
BCAP29,6,other,3.1852987,10.194956
MMRN2,6,other,4.1603217,10.296929
ZNF106,2,other,1.4234934,10.758886
CD70,11,other,-2.414261,9.349959
SLC50A1,10,other,-4.818013,9.404243
KLK5,11,other,-2.2214558,9.941785
MPV17,12,other,-1.1994913,9.83739
EBAG9,12,other,-1.3660862,10.989247
FADD,12,other,-1.4092185,10.351466
CCL14,6,other,4.2051806,10.280311
MRPS23,10,other,-5.3049726,9.0293
HAPLN3,11,other,-3.010025,11.245574
GRIA2,3,other,-5.540549,12.290112
IGLV4-69,17,other,-2.0120676,12.901068
PARVG,16,other,4.451327,6.5385466
ZFAND1,12,other,-1.641627,10.484761
GMPS,8,other,-3.4546857,9.804941
ARHGEF9,11,other,-2.5115743,11.593396
ANPEP,4,other,4.334249,9.025329
UBR5,20,other,-1.4563398,9.410357
CA2,3,other,-4.8067327,10.286516
IGF1R,3,other,-5.9323153,12.0986595
FKBP3,3,other,-5.5775347,10.911918
LTC4S,19,other,-2.462051,15.77105
EDIL3,2,other,1.4083687,12.264985
WASL,2,other,2.1979067,12.216235
COMMD2,10,other,-4.517482,9.054189
TCEAL8,0,other,1.2885103,10.960903
SMC1A,7,other,0.36583027,14.5909815
EBLN3P,16,other,4.6245275,7.039525
KCNAB2,1,other,4.845734,4.878946
LAPTM4B,12,other,-1.7639353,11.322108
NSRP1,17,other,-1.8316214,12.420385
NIPSNAP2,10,other,-3.1537192,9.174278
SLC25A36,13,other,3.2732456,11.110175
SNAPIN,8,other,-3.4838383,10.162869
PTPRA,14,other,5.773665,4.762846
PLA2G7,4,other,4.1353145,8.624315
ROBO4,6,other,4.275559,10.410615
SLCO2A1,6,other,3.4861236,9.351134
LCN12,3,other,-6.3555107,10.483513
TSEN54,1,other,5.7357097,4.5306706
TRIM28,20,other,-1.6997949,9.123024
SLC1A1,3,other,-4.5575686,11.244311
TRAF4,8,other,-3.2884185,9.883848
DNASE2,4,other,0.7771713,7.5999165
CEP57,11,other,-2.4618146,11.188059
TUSC2,3,other,-5.7739186,11.055574
HOOK3,12,other,-0.93080604,10.802652
USP34,14,other,5.6634874,6.435388
MAN2B1,16,other,4.0115952,6.9004793
HYAL2,6,other,4.258091,10.320667
CELSR2,3,other,-6.178398,10.501808
LAMTOR3,8,other,-3.5781126,10.304097
PRELID3B,10,other,-5.3298316,9.118614
MT1H,4,other,3.6845772,8.065198
TRIM47,8,other,-3.2901347,10.231845
DAXX,1,other,4.829966,5.2260923
PDE4D,13,other,3.502232,5.126838
SLC25A1,12,other,-1.8404051,11.137983
NABP1,14,other,5.485486,6.0199704
PLAGL1,13,other,2.6723478,11.180475
MTRNR2L1,17,other,-1.7720951,12.678991
IGHD,16,other,4.6698833,6.85049
GPCPD1,4,other,4.9162683,8.163238
ATIC,10,other,-5.1531653,8.930135
TNS2,6,other,3.2271698,10.512294
IGLV1-47,8,other,-0.054635547,12.58762
MED30,12,other,-1.3279762,10.319646
ATP2B1,4,other,4.855616,8.370956
TSSC4,10,other,-3.9025776,9.566791
PAIP1,8,other,-3.1524007,10.509598
SHANK3,6,other,4.3077445,10.44336
PICALM,6,other,3.8949027,10.115134
SAA2,11,other,-2.3833559,10.727583
PDZK1IP1,11,other,-2.4020429,11.440477
TMEM259,14,other,6.0636463,6.5268154
CCDC167,11,other,-2.6384842,10.998891
TRDC,1,other,4.825485,3.3093562
PLIN3,15,other,-0.41309154,9.094464
ZNF800,14,other,5.541366,5.7240534
NDUFA13,17,other,-0.021283513,8.848744
ANO6,2,other,1.9598845,11.355551
SNHG18,21,other,-5.2570934,6.4358873
HHATL,3,other,-6.241521,10.39525
MIAT,14,other,5.412073,5.8515105
NIFK,0,other,-3.0396152,8.655392
HACD2,11,other,-2.5050063,11.557495
PGAP3,21,other,-4.605187,6.553593
WIPI1,13,other,2.9557595,11.628184
NR2F1,2,other,2.2739289,10.963441
CCL18,4,other,3.8800976,8.481418
INO80E,16,other,3.9850883,6.589439
FAM207A,8,other,-3.2128396,10.587422
MOB4,11,other,-2.3960834,9.355941
FASLG,1,other,5.542803,4.1152134
MSRB3,2,other,1.9619559,11.993939
WDR61,12,other,-1.2456952,10.792605
RAPGEF3,6,other,4.265998,10.631356
TRG-AS1,1,other,5.505294,4.598918
ENTPD1,13,other,3.197893,12.053665
IGHV3-33,8,other,-0.7682843,13.01267
ATP6V0E2,3,other,2.1900427,5.2859793
SLC29A1,6,other,3.493254,10.211803
TRBV7-2,7,other,0.12770556,12.701167
CDIPT,13,other,2.5611625,11.463741
LAIR1,4,other,4.4989557,8.46759
SLC39A8,4,other,4.5381575,8.705074
ZNF622,21,other,-5.3382225,6.4784126
ADAM8,1,other,4.9869957,4.8532557
SLC39A7,12,other,-0.47100043,10.2740345
HNMT,4,other,3.9147303,8.541662
THYN1,3,other,2.8445795,5.6139584
BDP1,14,other,5.5704875,6.2579126
APLNR,6,other,4.288199,10.328907
SAP30BP,10,other,-5.1071477,8.750249
RBM47,4,other,4.535493,8.56349
ANKH,2,other,1.9304053,12.4292
STX12,13,other,3.2832541,11.083618
MRPL47,10,other,-3.1220837,9.439652
UBE2G2,21,other,-5.0769477,6.4273257
NCBP2-AS2,10,other,-4.752437,8.942819
FOXN3,1,other,5.2245483,5.674256
ADAM28,16,other,4.705363,7.0718594
SDHAF3,11,other,-2.6802056,11.308551
FBXL20,21,other,-4.6114507,6.559022
CASC8,12,other,-1.3799486,10.982969
IGKV3D-20,8,other,-0.9078405,12.944455
IGKV2OR22-4,14,other,6.1869974,6.578882
BECN1,3,other,-5.362734,11.656052
TRIQK,12,other,-1.1566368,11.008847
MRPS11,10,other,-5.038048,8.839909
PSMD1,4,other,4.1031866,8.521134
TMEM87A,6,other,4.0481853,11.202928
SCG2,3,other,-5.439628,10.247957
IDH3G,11,other,-2.9331815,10.80205
BAZ2A,20,other,-1.5408581,8.940251
ERBB4,3,other,-5.209456,11.551276
PLEKHF1,1,other,5.527039,3.783454
TMEM107,4,other,4.859214,8.25906
TIMM50,10,other,-4.6775537,8.799046
FAM133B,14,other,-1.7602618,11.806224
ATP11B,3,other,-4.5114865,11.242286
TMEM68,12,other,-1.1403047,10.346243
ERICH1,14,other,5.8531547,5.836919
SDS,4,other,2.900371,7.677686
PTPRK,10,other,-5.3123784,8.321842
FAM129A,1,other,3.5314608,4.0530314
THEMIS,1,other,5.440803,5.0386767
LINC01087,3,other,-5.4243464,11.703344
MYL6B,3,other,-6.0357,10.164399
FAM200B,12,other,-1.638845,10.90493
LMBRD1,14,other,4.3017864,10.860952
RB1,4,other,3.1987166,8.071591
KLRC1,1,other,5.3935776,3.7345705
CDH3,11,other,-2.4605618,11.671828
IGLV2-11,14,other,6.315884,6.714145
NPTN,12,other,-0.5403609,9.905578
EBP,10,other,-4.86018,8.575606
TUBB2A,2,other,1.1784319,10.343684
CMIP,6,other,4.1877923,10.235606
LAT2,16,other,4.531233,6.759604
AC097103.2,11,other,-2.5180109,11.585714
CNFN,11,other,-2.5488303,11.457784
NPPC,13,other,3.3659499,12.417736
DNAJC12,3,other,-5.872652,11.216804
PDZK1,3,other,-4.6259665,11.152885
SPAG16,3,other,-5.049307,12.834959
NEU1,12,other,-1.3380556,10.8490305
PIP4P2,12,other,-1.1379741,10.363444
TXNDC12,15,other,0.96921086,7.8261414
NRIP1,3,other,-5.5078397,10.377372
C17orf49,17,other,5.233078,3.9787076
SPAG7,19,other,-2.5157478,15.573605
CD58,1,other,4.930418,4.8976083
WDR13,10,other,-4.730408,8.822801
CYP27A1,4,other,4.0756783,8.607016
CIR1,17,other,-1.7792182,12.440489
SREBF1,3,other,-5.8568516,10.81017
CRAT,3,other,-5.95173,11.098198
CREB3L4,3,other,-5.289331,11.528458
TGIF1,13,other,0.42395192,9.450761
ORAOV1,12,other,-0.98344636,11.003787
MINCR,12,other,-1.2931125,11.034635
TIMP4,6,other,3.7128847,10.260965
ECH1,10,other,-5.1796923,8.820229
PART1,3,other,-6.2837787,10.367869
HIST1H1D,16,other,4.9636693,6.168291
PLGRKT,17,other,-4.8234305,11.819991
SYTL2,3,other,-4.6009626,11.352385
MXRA7,2,other,1.6431648,12.084324
PLOD3,11,other,-1.8856096,11.425839
AAMDC,12,other,-1.3710761,10.741969
CCL20,4,other,4.739828,8.2087965
ANKRD50,3,other,-5.2773986,11.65282
KCNJ3,3,other,-5.294572,12.847556
WDR74,10,other,-5.718793,8.873516
FRMD6,2,other,2.0991855,11.898899
TMEM18,12,other,-1.3172519,10.362258
CNPPD1,16,other,4.6282268,6.84989
TMEM204,6,other,3.9489627,10.358008
SGK3,3,other,-6.348814,10.377923
VMA21,4,other,4.6724305,8.580829
NOTCH2,13,other,-4.289005,11.869633
DSE,4,other,4.6554093,8.813189
CASC4,2,other,1.4934229,12.046529
CTNNBIP1,8,other,-2.4980488,10.411691
PEX2,12,other,-1.3668005,10.550157
WBP11,10,other,-3.6039028,9.053652
PXN,6,other,4.069563,10.164476
ZNF689,3,other,-6.2506304,10.49333
ARFGAP3,12,other,-1.5660379,11.155869
NUDT4,3,other,-3.359441,9.160933
THEM4,1,other,4.740826,4.636061
GIMAP1,1,other,5.48362,4.7876635
MS4A4A,4,other,3.9791172,8.459524
FAM129C,16,other,4.742534,7.2031355
RNASE4,13,other,2.5496416,11.141048
ST6GAL1,16,other,4.5633383,6.8002944
TBCD,14,other,5.8854194,5.3935456
RGL2,3,other,-5.35939,11.189158
TBC1D4,1,other,5.100409,3.969581
TNFRSF25,1,other,4.648384,4.5676455
KANK2,6,other,2.375886,10.971492
C1QTNF6,2,other,1.9635706,12.258064
LINC00665,10,other,-5.518844,8.920718
DDA1,8,other,-3.3020353,10.026571
IGLV7-43,8,other,-0.9833444,12.901622
SUGT1,11,other,-2.8979144,11.364345
CIAO1,14,other,5.222164,5.2930636
RNPEP,11,other,-3.5843222,11.273141
AC093297.1,3,other,-5.0029387,12.842976
ATG12,14,other,4.8554425,6.1151676
ABHD12,4,other,3.215238,8.197706
EHF,8,other,-3.3718917,10.260643
IGKV2-24,8,other,-0.9678736,12.915714
C14orf119,17,other,-2.2750862,12.5383215
RUVBL2,10,other,-5.2459874,9.121975
ENO2,2,other,0.07888239,10.893999
VEGFD,13,other,3.4572062,12.502687
NDUFA11,8,other,0.030073725,13.327185
CISH,1,other,2.4564366,5.22272
PSMC6,3,other,-5.772537,9.907537
ACBD6,10,other,-4.997679,8.659545
VBP1,3,other,-5.135246,7.7150793
PIK3R3,6,other,4.1802745,10.542958
POLR2J3,14,other,5.605309,6.0491524
ARL6IP1,20,other,-1.740037,9.273012
BMP1,2,other,1.5887618,11.726929
SRD5A1,11,other,-2.5342333,11.716509
C1orf122,3,other,-5.985549,10.199771
ITGB2-AS1,1,other,4.6375556,4.7654834
RBKS,19,other,2.9125948,5.054105
CLIC3,0,other,3.594888,5.67653
DCTD,12,other,-1.6853313,10.713356
RPL26L1,12,other,-1.7645714,9.864583
MIR155HG,1,other,5.5788393,3.8170135
ARHGEF3,1,other,5.503028,5.028338
FMO2,6,other,3.5215592,10.357806
MDM4,14,other,5.3274875,6.241457
TTC36,3,other,-6.3171835,10.427851
CDK6,11,other,-2.6486413,11.64598
SMC3,10,other,4.119583,5.9536386
TXNDC11,8,other,-0.019833405,12.337537
IGKV1-17,8,other,-0.1587564,12.422654
NPL,4,other,4.060548,8.5003605
EIF2S1,10,other,-5.6679287,8.8177185
VTCN1,8,other,-3.4164789,10.192375
TM4SF18,6,other,4.1927524,10.349476
CNOT1,11,other,-2.3615892,11.872609
IGLV1-44,8,other,-0.32049528,12.897852
HOXB2,3,other,-4.863278,12.02078
RGS16,2,other,1.5943509,12.029107
PHACTR2,6,other,3.4852602,10.791725
CPSF6,3,other,-4.598317,9.745493
B3GAT3,10,other,-3.098132,9.467836
HSPH1,4,other,-0.3306372,7.532811
CYB5R2,8,other,-3.3132732,10.37694
ITIH5,13,other,2.3503654,11.50346
FLT1,6,other,4.326727,10.716581
GRB14,3,other,-6.4122562,10.357833
VWA5A,19,other,-2.4667554,15.793165
NLRP3,4,other,4.8545628,8.255662
IGHV3-15,16,other,4.51861,7.2325892
SLAMF1,16,other,4.60788,6.3097854
MTUS1,6,other,4.0116515,10.51895
ECEL1,13,other,3.5730398,12.471345
SCGB1B2P,8,other,0.050490197,13.3342705
PSD3,3,other,-5.5025425,12.472685
SH3PXD2B,13,other,3.0970156,12.244714
PITHD1,8,other,-3.1156323,10.247468
AL133415.1,2,other,1.5398135,9.938837
CCDC14,10,other,-4.834615,8.59539
IFRD1,10,other,-5.0458736,8.909868
TJP1,6,other,3.9343147,10.283651
UROD,13,other,1.4409921,10.589261
CHRDL2,11,other,-2.7199552,11.5072365
SUPT5H,10,other,-4.900197,8.6704645
REEP6,3,other,-5.2143245,11.409306
KLHDC3,12,other,-1.5224738,10.943387
NSFL1C,12,other,-1.7033232,10.482861
NCK1,8,other,-3.106568,10.451529
SIGMAR1,10,other,-4.759833,8.688281
SCNM1,8,other,-2.8522398,9.473531
TMEM213,11,other,-2.8104339,11.540338
AKT2,3,other,-5.909054,11.057912
GLMP,8,other,-2.3479924,9.887113
CYB561A3,16,other,4.611526,7.0043864
FOXO3,13,other,2.6654255,11.190829
SEMA5A,13,other,3.439817,12.195976
COLEC12,13,other,3.1162877,12.301609
PRKRA,12,other,-1.5176507,10.500437
SRM,3,other,-6.357308,10.261341
IGHV1-46,8,other,-0.5831869,12.993505
FCRLA,16,other,4.578975,6.830613
AC100801.1,3,other,-5.074081,12.4197035
PADI2,8,other,-3.4549437,10.272
IGHV3-72,8,other,-0.8256621,12.979171
IL4I1,4,other,3.2373195,8.235919
CDC42BPA,6,other,-5.007096,8.687025
SREK1,13,other,3.8441195,11.38685
EOMES,1,other,5.660805,4.235635
ERN1,1,other,5.3726125,6.501616
SF3B3,10,other,-5.0131025,8.722501
SUN1,6,other,4.3571277,10.519519
CXorf36,6,other,4.303738,10.273808
UGCG,20,other,-1.5412822,9.318402
SNW1,10,other,-5.785214,8.716917
KLRG1,1,other,5.5357466,4.616203
NEURL1,10,other,-5.485072,8.853349
WASHC1,14,other,2.339336,6.69269
ORAI2,3,other,-5.8640666,10.2969475
PIK3CB,11,other,-2.7381146,11.642374
CARD19,3,other,-5.4710736,12.093566
KIF22,20,other,-1.877445,9.114408
AC044784.1,3,other,-5.007849,12.8210125
RHOT2,14,other,5.9624796,6.165811
PTPA,21,other,-4.533032,6.889631
ASAP1,6,other,-0.39320707,10.762708
IGSF8,3,other,-4.5245943,10.48594
BAZ1B,7,other,-2.3062758,10.179173
PKP3,10,other,-5.532756,8.768928
IGHA2,8,other,-0.7785293,12.999891
DSG3,11,other,-2.612296,11.725289
LHFPL2,13,other,4.0941453,9.224757
RAB5B,20,other,-1.4803975,9.164357
FOXA1,3,other,-5.9943213,12.137257
DIO2,2,other,1.656167,12.108598
YPEL3,20,other,4.7977295,6.1738486
RFC1,14,other,-1.3981069,11.835017
ATXN2L,14,other,5.626181,5.4703593
EBF1,13,other,2.8566175,11.102354
MAP3K13,11,other,-3.132435,10.889394
RUNX1T1,13,other,3.297757,12.017997
BCAS4,16,other,4.55354,7.0235167
KDM5B,12,other,-2.1883547,10.768815
IMPDH1,8,other,-2.2899518,10.454107
RNMT,17,other,-1.2513568,12.029888
RAB29,1,other,5.3233504,5.001039
TMX1,14,other,5.963316,5.54809
FEZ2,6,other,3.8486068,10.078326
GGH,12,other,-2.4727578,11.154071
YIPF4,12,other,-1.038034,10.6335745
SKIL,14,other,5.8720174,6.5680547
AQP9,4,other,4.6103168,8.652914
ZNF146,10,other,-5.17777,8.803439
NMRAL1,8,other,-3.2647598,10.3179
LUC7L,14,other,5.68927,6.623236
LAMB3,11,other,-2.5701625,11.764744
POP7,11,other,-2.7258692,11.28062
DAPL1,3,other,-4.548762,10.141872
PLEKHB2,4,other,4.3995857,8.686029
JPX,5,other,2.0579674,6.972558
NCBP2,20,other,-4.8614454,9.104579
CCL3L1,1,other,5.3321657,4.2485194
NSD1,14,other,5.652152,6.434432
SORD,3,other,-5.739348,11.266914
RUSC1,10,other,-5.140301,9.37332
ASCL1,3,other,-5.198365,12.767562
METTL23,16,other,4.487974,5.773946
STAC2,21,other,-4.6493483,6.5392923
FBXL5,3,other,-5.2736244,12.226361
IGHV1-3,8,other,-0.82762194,13.05442
TSPAN7,6,other,4.452696,10.463504
PER1,13,other,3.5631466,11.025287
SLC19A2,3,other,-5.255465,11.508851
VSTM2A,3,other,-5.0905447,12.840946
PLOD2,2,other,0.23265874,10.984024
HTATSF1,11,other,-3.065847,11.741225
MRPS22,11,other,-2.6854756,11.267019
TMEM59L,13,other,3.4933429,12.474952
ATG5,0,other,-2.3372264,8.274278
CNN1,2,other,0.46890134,9.86106
GALK1,8,other,-3.6109407,9.89609
GIMAP2,1,other,4.539783,4.803391
SDF2,3,other,-5.0953593,7.794285
SCGB3A1,0,other,-3.0282173,8.434462
QSOX1,12,other,-0.7202341,10.155273
BID,4,other,4.6188025,8.607099
UCK2,10,other,-5.6827817,8.846738
ZMIZ2,14,other,6.0159245,6.4822044
DBN1,13,other,1.943864,11.449724
PCDH18,13,other,3.486322,12.368199
CASP14,8,other,0.018770345,13.365969
KCNC2,3,other,-5.2207985,12.889114
KCNE4,13,other,-4.275071,12.1995735
TRPT1,3,other,-4.938894,12.158102
TOMM40,8,other,-2.9940882,9.707666
AC083841.1,12,other,-1.2905415,11.110225
RAMP1,13,other,3.0862317,11.822759
RNF44,1,other,4.7983823,5.2765927
UBE2K,20,other,-1.5345236,9.692914
AK5,3,other,-4.59377,10.325265
MRPL28,8,other,-3.044998,10.519471
ADAM10,4,other,4.7744136,8.354546
RPP25,10,other,-5.4142003,8.839157
FAM136A,10,other,-3.7755623,9.299443
PPA2,3,other,-4.313402,10.866623
PIGP,3,other,-5.348745,12.223371
ATP6V1H,12,other,-0.9280342,10.91417
JAM2,6,other,4.1021547,10.659587
PRLR,3,other,-5.7759013,12.153127
ADAMTS12,2,other,2.950563,12.171257
VSIG4,4,other,4.080415,8.513231
DMKN,10,other,-5.3254943,8.709334
SPR,3,other,-6.393286,10.393774
PAH,3,other,-6.39881,10.48677
ARL3,3,other,-5.597253,11.102503
KANSL1-AS1,17,other,-1.9812291,13.034336
NECAP2,1,other,4.6862993,4.60985
ZBTB8OS,17,other,-2.1776497,12.789725
LINP1,10,other,-5.577726,8.739846
PREX2,6,other,4.405934,10.664706
HERC1,14,other,5.7423134,6.2494435
RBMS3,13,other,2.9387808,11.568778
SAFB2,11,other,-2.2803931,9.362628
PTPRT,3,other,-5.4421616,12.552686
CPXM2,12,other,-0.86903787,10.889714
SEMA3C,13,other,2.0804698,11.621525
MALSU1,10,other,-4.8049455,8.75851
TANC2,3,other,-4.7909784,7.6084847
BAZ2B,6,other,4.0974545,10.968336
MRPS14,10,other,-5.1496396,9.264057
FAM120A,3,other,-5.9672666,12.226036
SCCPDH,3,other,-5.26476,11.244827
USF2,3,other,-5.393962,12.777884
PAK1,3,other,-5.3453565,12.7898855
BZW2,8,other,-3.576533,9.69398
KIAA1109,6,other,3.9386754,10.650406
UBE2E1,6,other,4.2144637,11.020805
FRS2,3,other,-4.86334,7.7077866
MSI2,20,other,-1.552994,9.191461
PKN1,8,other,-1.08933,12.845729
FLYWCH2,6,other,4.061444,10.40015
AKAP12,13,other,2.737385,11.585272
AK1,3,other,-4.475683,12.338727
NUDT22,3,other,-5.2863865,11.28829
CDK12,21,other,-4.5984516,6.557972
EFR3A,8,other,-3.070232,10.070685
CCNC,10,other,-3.0223432,9.45056
LPIN2,1,other,5.131539,4.7576303
POU2AF1,16,other,4.4983735,6.7215877
LY9,1,other,5.0138597,5.098419
MAPRE2,1,other,5.312927,5.2555237
ALOX15B,3,other,-4.5543513,11.281728
CCDC88C,14,other,5.480352,5.3839817
GALNT1,2,other,1.5305268,12.330005
SLC35A2,10,other,-5.402553,8.490875
IGKV1-27,14,other,6.156355,6.4866195
TTC1,16,other,-0.47212785,12.613813
STK38,11,other,-2.5558527,11.5483055
MCFD2,17,other,-0.9654421,12.063857
PREX1,20,other,-1.6539353,9.28839
CHST11,1,other,5.3653603,3.939391
EREG,4,other,4.910898,8.305571
CSRP2,6,other,2.6346254,10.6829815
DOCK2,16,other,4.4976,6.2165265
KDM4B,3,other,-6.027718,12.134061
TRBV9,1,other,5.631553,4.1735125
PRSS33,12,other,-1.2571625,11.088205
AC017002.3,1,other,5.1347528,3.9000413
MYO9B,4,other,5.4641576,6.2946324
P4HA2,2,other,0.18899266,10.956142
SF3A3,16,other,4.0123973,6.3997097
MITD1,17,other,-2.0997562,12.639478
IGHV1-24,8,other,0.04711443,13.254038
MED1,21,other,-4.603848,6.5466647
YWHAG,4,other,-0.6781121,9.982302
SMIM25,4,other,4.4726987,8.494884
NOP16,10,other,-5.5466523,9.033326
SRD5A3,8,other,-3.381847,10.205065
NOB1,10,other,-4.693553,9.224274
MKL2,6,other,4.2091575,10.6983795
PKP4,6,other,4.4162025,10.63002
RCAN1,11,other,-3.160412,11.2190075
MALL,11,other,-2.5815647,11.686987
TM2D1,6,other,-4.024022,10.766334
ZNF280D,12,other,-0.9717354,10.945511
SLC20A1,14,other,5.8050294,6.0930037
MAF,1,other,5.025772,4.0167103
FTSJ1,10,other,-5.4425163,8.979776
KRT83,8,other,-3.4292173,10.28983
MEDAG,13,other,2.2351038,11.302263
SECISBP2L,13,other,3.8155584,11.861246
SETD2,14,other,5.9351487,5.875741
LPIN1,14,other,5.6960974,5.872205
JAGN1,3,other,-5.118268,9.695381
ARHGEF6,19,other,-2.3429878,15.664699
KRCC1,3,other,-4.828314,12.151095
TMF1,14,other,5.69402,6.6914005
CEP89,10,other,-5.5809116,8.683114
GLOD4,17,other,-1.9794065,12.992364
NELFCD,8,other,-3.2390115,10.337323
TNFRSF9,1,other,5.4488244,3.9947321
ECI2,3,other,-5.075304,11.214268
DDR2,2,other,2.1206324,12.065362
PRSS8,10,other,-5.2182174,8.40976
PROM1,10,other,-5.482448,8.382211
PTPRM,6,other,4.152491,10.746915
STX4,14,other,-2.1049645,12.843912
ARL16,3,other,-4.142381,11.498898
HTRA3,2,other,2.085074,12.125077
HNRNPL,14,other,5.402589,6.6815743
PTPRE,4,other,4.5745125,8.541181
DHX29,17,other,-2.1258936,12.858471
PCNX1,14,other,5.8743644,6.135082
BCCIP,0,other,-3.2795706,8.6584015
ELOF1,3,other,-3.765063,8.913499
TRIP6,11,other,-2.79435,11.429867
COPG1,10,other,-5.328018,8.594595
CLMP,13,other,3.1739843,11.986339
PRCC,10,other,-5.513239,9.231939
LAIR2,1,other,5.2722554,3.945722
BRI3,4,other,2.067747,8.146215
PLK2,12,other,-1.9654685,10.71097
MIIP,10,other,-4.5592394,9.081136
JAG1,6,other,2.77048,10.593149
SEPT4,6,other,2.8019173,10.506742
MRPL42,20,other,-1.8721821,8.959508
GM2A,16,other,4.5942655,6.9278126
STMN3,3,other,-6.0728273,10.294955
POLR2C,11,other,-2.9263446,11.419805
CPD,3,other,-5.219204,12.515888
ARFIP2,3,other,-5.9994907,11.240765
GPR171,1,other,4.773842,4.6036158
SH3PXD2A,2,other,2.51772,12.161909
ALDH3B2,3,other,-5.6724076,10.7763605
KLHDC2,3,other,-5.3904185,10.496484
MIS18BP1,13,other,3.8791053,11.704294
BAD,3,other,-4.782424,11.854289
INSIG1,4,other,-0.8463061,10.013873
PSMC2,11,other,-2.5619695,10.638245
WAC,20,other,-1.5848277,9.102798
TINCR,10,other,-5.4412503,8.827139
TNS1,6,other,2.9403849,10.489403
EGLN3,2,other,0.09855969,10.905221
PISD,3,other,-6.2165184,10.388348
GPSM2,11,other,-2.7461693,11.548834
FUCA2,13,other,3.280633,12.303522
THSD4,3,other,-6.1265206,12.201361
COMMD5,12,other,-1.2289261,10.220456
COA5,12,other,-1.5953087,10.833945
CHRDL1,13,other,2.736804,11.274556
CNOT4,17,other,-2.1291595,12.751169
EXOSC10,3,other,-6.4277673,10.38244
ETNK2,3,other,-6.3369584,10.424875
MECP2,14,other,5.845432,5.8088503
BCL7B,17,other,-1.916105,13.055505
CCDC59,8,other,3.997817,6.320974
TMEM70,12,other,-1.1555202,10.225878
DYNLT3,17,other,-1.9895885,12.619319
IPO5,10,other,-5.6060967,8.851919
IGLV3-9,8,other,-1.0443314,12.772183
TXNDC15,10,other,-5.1064568,8.392528
MEOX1,6,other,4.3316474,10.561189
GJA4,6,other,2.8476624,10.52091
TAOK1,3,other,1.9229354,7.0385227
MCRIP2,3,other,-5.856121,11.497766
TWF1,3,other,-5.369866,11.794366
MAP4K4,2,other,2.772772,11.522201
G0S2,4,other,4.4696274,8.261761
SPIDR,12,other,-1.105216,10.924496
STX10,12,other,-1.2457733,10.181189
GNPTAB,14,other,5.507877,5.9598308
FLAD1,10,other,-5.6129465,8.812705
SPINT1-AS1,3,other,-5.2062583,12.30159
C1orf123,2,other,1.8302481,10.35709
DDX60L,18,other,1.5072085,2.5305274
LINC00707,10,other,-5.6323266,8.748633
GLRX3,10,other,-4.833758,8.82686
KRT6B,11,other,-3.0033731,11.513665
IKBIP,13,other,3.182046,12.366121
PTPRN,13,other,3.5566099,12.4975395
IGKV1D-39,8,other,0.051257588,13.2902355
NUDT16L1,3,other,-5.890381,11.14202
RUNX2,2,other,1.6558449,12.204733
THOC3,10,other,-5.843035,8.922797
PPP4R3B,14,other,5.240724,5.651125
MRPL58,10,other,-5.6862636,8.7911215
URM1,16,other,4.1042905,6.556841
MB,3,other,-6.282776,10.582963
CD28,1,other,4.87028,4.494717
MYO1E,12,other,-0.8909158,10.936793
CHKA,12,other,-1.1268,10.213549
SEPT5,12,other,-1.1192907,10.195176
TRAP1,8,other,-3.404234,10.195747
JCAD,6,other,4.40749,10.790826
RDX,6,other,3.7827888,10.2728
LINC02256,17,other,-1.1509795,12.106737
GPAT4,3,other,-4.9192014,7.6626563
MCM7,11,other,-2.6937957,11.148108
SHROOM3,3,other,-5.94437,12.395856
TIA1,3,other,-5.2882237,11.644891
ATP6V1C1,12,other,-1.0468013,10.176294
FAM92A,12,other,-1.2525219,10.16868
TRIM56,14,other,5.8866515,5.923158
RIOK3,10,other,-5.6346793,8.638378
MCM3AP,20,other,-1.6087126,9.338595
QARS,3,other,3.8192909,11.211021
CNTNAP2,3,other,-6.4812512,10.479395
IARS2,3,other,-5.1767163,11.709526
FAM204A,3,other,-5.326376,11.541344
MIDN,3,other,1.5819259,7.0990477
PDK3,8,other,-3.4917314,10.227926
PFDN1,17,other,-1.5859705,12.342142
WDR45B,8,other,-2.97666,10.340772
SRSF6,20,other,-1.4856468,9.245473
COPS8,2,other,1.4032601,10.411472
REEP3,3,other,-5.9996424,10.243356
PBX4,1,other,4.869818,4.680915
UVRAG,16,other,4.784486,6.891577
IL1R1,2,other,2.179972,11.558263
PKIG,16,other,4.55661,6.8868628
UBL7,8,other,-2.964129,10.791406
INSR,3,other,-5.448866,10.931778
DNALI1,3,other,-6.1644897,10.67597
DHRS4,3,other,-6.39133,10.453315
CPA6,3,other,-4.6914935,11.32457
NEXN,2,other,1.9576075,12.277927
SCARF2,2,other,1.8395209,12.404392
CPVL,4,other,4.250092,8.399369
OXLD1,17,other,-2.4377918,12.591995
NFKB2,1,other,4.7043233,4.5700855
ABCA6,13,other,3.654615,11.661212
KIAA1522,3,other,-6.1099606,12.17126
PRR15,3,other,-5.3333726,12.690932
NRP2,2,other,1.969881,12.294594
ATXN1,13,other,3.3274348,11.811403
ADAP2,4,other,4.379587,8.552438
FUOM,4,other,4.0768414,8.482572
HBA2,8,other,-0.26784167,12.926379
IGHV1-69D,14,other,6.2465906,6.4813237
ZNF644,14,other,5.765703,5.9121804
LINC02224,3,other,-5.043923,12.851066
MICAL1,14,other,5.9674463,6.3329678
GREM1,2,other,1.6460716,12.149624
AGT,12,other,-1.0325321,10.241697
ACTL6A,10,other,-5.4601493,8.960389
NFYC,10,other,-5.0300655,9.14628
IGKV2-30,17,other,-2.0077944,12.830233
AK3,13,other,2.5703266,11.152841
YDJC,16,other,3.9467854,6.4013042
COA1,16,other,3.950092,6.4331694
IFT122,3,other,-6.388287,10.493917
VAV3,3,other,-5.0124383,11.214677
CAPN8,3,other,-5.243524,11.417772
TP53I13,2,other,2.1070569,12.138415
CLPTM1,11,other,-2.4948592,9.768351
TRBV27,1,other,5.7591553,4.067619
PDHA1,10,other,-5.7023144,8.973076
SOX17,6,other,4.099429,10.461516
NELL2,1,other,5.376686,5.151612
MED28,20,other,-1.6359023,9.138902
GALNT16,13,other,3.468754,12.345378
GANAB,13,other,3.8184023,11.51131
PLBD1,13,other,3.4156291,12.422853
PPP1R16B,1,other,5.670908,4.655771
SP3,3,other,-4.5918703,11.255681
QTRT1,3,other,-5.235735,10.660382
RARA,3,other,-4.6332226,11.069716
RRS1,12,other,-1.3532852,10.096854
CRBN,10,other,-4.9381104,8.472241
WWOX,11,other,-2.9586658,11.591806
AC233755.2,8,other,-0.17862327,12.782786
DESI2,2,other,2.0093007,12.492797
F13A1,2,other,1.8721471,12.179272
ST5,2,other,2.4360983,12.156269
ZC3H13,3,other,-5.614941,10.677299
BCL2L1,3,other,-5.484368,12.112701
GK,4,other,4.7713795,8.466515
DPH3,10,other,-5.667359,8.842235
C1D,10,other,-5.4165883,8.432955
KRR1,8,other,-2.857701,10.683736
HDGF,11,other,-1.7273544,11.214867
TF,12,other,-1.0723251,10.244356
DMXL2,4,other,4.6985536,8.521299
ERI3,10,other,-5.3621607,8.713208
MAP3K20,6,other,2.8245764,10.54091
RBM5,14,other,5.840142,6.424431
TINF2,17,other,-1.871802,13.173588
SCGB2A1,3,other,-5.3652196,10.983179
ITFG1,13,other,3.7556345,11.811889
FREM1,13,other,3.7659554,12.029299
GALNT2,1,other,5.682953,3.8835905
IGLV5-45,8,other,-0.2579323,12.74996
GXYLT2,2,other,1.8546498,12.433547
GSTM5,0,other,-2.9685981,7.9913034
TRIM38,18,other,1.7679421,2.6413543
MTRNR2L10,6,other,3.8255174,10.02743
MTX1,10,other,-5.415531,8.87644
DSC2,10,other,-5.366451,8.478646
DEFB1,4,other,3.8080025,8.030448
ACTR10,13,other,1.7502208,10.411698
TCF12,2,other,3.411182,11.220145
AHI1,13,other,3.7950974,11.568168
CYP51A1,8,other,-0.0023728264,13.311318
SNRNP25,3,other,-4.991314,12.680498
GABPB1,14,other,5.802057,5.6736035
TP53BP2,12,other,-1.270199,11.061035
DSG2,6,other,3.4847426,10.292099
STARD3NL,4,other,4.621241,3.3566916
CENPC,14,other,5.995557,5.791862
NLRC3,1,other,5.5997386,5.182805
TRGV10,1,other,5.4483013,4.997246
CYTH4,1,other,5.556456,4.856267
PDGFD,13,other,3.367179,12.347461
MLLT3,14,other,5.4990115,5.272844
BIRC2,14,other,5.996581,5.899238
BCL2,3,other,-5.602198,12.77969
RERE,3,other,-5.485902,12.568692
SUPT16H,17,other,-1.3099855,12.096364
CCDC88A,4,other,4.448895,8.744235
GPKOW,10,other,-5.7665405,8.935678
HGS,13,other,1.9100839,7.156043
PNPLA4,3,other,-6.416611,10.528548
AZI2,13,other,3.0103257,11.733317
DHX9,14,other,6.1220207,6.078731
GPBP1L1,3,other,-5.8219395,11.915569
LYPD6B,3,other,-5.305686,12.663506
GOLGA8B,14,other,5.6218066,5.9744787
FUCA1,4,other,4.065655,8.515884
PUM3,10,other,-5.6580644,8.942443
MOSPD3,11,other,-2.963934,11.503801
BOC,13,other,3.690983,12.273203
TOP1MT,12,other,-1.5185772,10.870526
C1orf35,10,other,-5.6501613,8.641381
IGKV1-16,8,other,-0.7062352,13.047725
PTGDR,14,other,5.6086345,5.4349756
TM2D3,11,other,-2.9854198,11.549886
ANXA3,11,other,-2.9966795,11.453938
DTWD1,13,other,3.296362,11.449145
SEL1L,3,other,-5.221394,11.77469
NEK10,3,other,-4.6544113,11.223287
FPGS,16,other,4.0390816,6.148747
GIMAP6,14,other,5.6859045,5.134723
SAR1A,2,other,1.7751163,12.09958
ARAF,10,other,-5.5229297,8.804737
MRPS31,17,other,-1.9269549,12.910494
SLC10A3,17,other,-2.233867,12.784524
IGLV3-22,8,other,-1.0166025,12.766499
SMIM30,8,other,-3.0369022,10.368714
LIMK2,11,other,-2.7870653,11.821472
NDN,13,other,3.2925386,12.344365
DLK1,13,other,3.6091151,12.3396635
ABCA10,13,other,3.7996638,11.604594
CUX1,3,other,-5.492312,12.664278
CLSTN1,2,other,2.3672063,12.281938
MTFR1,12,other,-1.4390069,10.940989
PRKD2,6,other,4.388831,10.777231
SOCS2,6,other,4.002987,10.211822
ZNF33A,3,other,-4.535728,11.259551
PAWR,3,other,-5.6427298,12.632758
HSD17B4,3,other,-4.727289,11.110616
XAB2,3,other,-5.3299875,12.331597
C9orf3,2,other,2.0665429,12.350258
ARPC4,10,other,-5.958029,8.404299
SERPINB2,4,other,4.888338,8.274566
ZC3H6,17,other,-1.8767014,12.950116
ABCG1,17,other,-2.2742631,12.703423
NFATC4,3,other,-5.4450336,10.397195
DBR1,11,other,-2.9095082,11.51615
KCNMA1,11,other,-2.6476953,11.744042
CABIN1,14,other,5.92672,6.275108
NEDD4L,3,other,-5.8398952,12.225954
TRH,3,other,-5.7326636,11.959263
LRBA,3,other,-5.789963,12.218979
ALG13,3,other,-5.2534723,7.933716
PLCG1,14,other,5.784884,5.7552524
PDPN,2,other,1.6612631,12.045722
TCTN1,3,other,-6.1471443,10.619897
TNN,13,other,3.5994172,12.384052
CDHR3,3,other,-5.3981614,12.902898
RAI14,2,other,2.121499,12.447813
CTDSP1,16,other,4.400694,6.357214
RCAN3,1,other,4.7502837,4.7163596
GTPBP4,10,other,-5.6349864,8.85303
C1orf52,17,other,-2.018103,12.948074
PRR4,8,other,-1.0392119,11.74177
AFF1,6,other,4.402074,10.792263
GRAP2,1,other,5.643408,5.0067306
CHMP7,16,other,4.617206,5.994053
PPP3CA,3,other,-5.8254805,10.582926
KLK11,11,other,-3.0437093,11.698149
HBP1,6,other,3.9775202,11.484448
TRAPPC4,16,other,3.8822527,6.330924
SASH1,6,other,3.5938451,10.630598
SLC38A5,2,other,0.263335,11.025827
AC233755.1,8,other,-0.16670784,12.6981735
FAM192A,11,other,-3.047184,11.78083
RALBP1,11,other,-2.816118,11.797864
MAP7,3,other,-5.5011096,12.464155
IGKV1D-16,8,other,-0.2951134,12.791012
RSBN1,17,other,-1.955421,13.090356
IGLV7-46,8,other,-0.30212513,13.016334
NUMB,6,other,4.024395,11.001062
JAML,1,other,5.6433454,5.120811
IGLV3-10,8,other,-0.18815158,12.663979
ABT1,16,other,4.218676,6.436993
MUC5B,3,other,-6.1292124,10.552208
RALGDS,1,other,5.712177,4.8177667
TRBV19,14,other,5.6829615,4.6550922
ATXN7L3B,3,other,-6.0912085,10.592446
TIPRL,12,other,-1.2820336,10.374733
BAALC,12,other,-1.2137893,10.223651
CDV3,8,other,0.03921365,12.311486
CXCL1,4,other,4.8704987,8.31296
RC3H1,17,other,-2.1655767,12.814358
EDNRA,2,other,2.0477786,11.658843
ERO1A,2,other,0.120315604,10.890658
TSR2,3,other,-6.16739,10.507408
HGF,13,other,3.482912,12.308071
STEAP2,13,other,3.0784917,11.67334
RASEF,3,other,-5.656278,12.770983
ZNF91,3,other,-5.447819,12.735837
PPP1R14B,20,other,-1.7880938,9.077376
TMEM43,13,other,2.438489,11.443319
STXBP2,4,other,4.8868747,8.34385
MRPL2,10,other,-5.6160827,8.933861
IMMT,17,other,-2.1498504,12.878463
EDN1,6,other,4.510258,10.525596
MAN2C1,14,other,5.993877,6.3962955
TMEM159,11,other,-2.8779895,11.681016
ATP2A2,13,other,3.0966787,11.733302
TP53TG1,3,other,-6.0176363,10.936343
NTM,2,other,1.9047165,12.456432
ME2,4,other,4.488853,8.667608
FGR,4,other,4.668291,8.511229
ADPRHL2,10,other,-5.5809608,8.476708
TRNT1,10,other,-5.6175456,8.571524
TFDP1,10,other,-5.8299017,8.76821
TOLLIP,10,other,-5.638472,8.997918
NEURL1B,6,other,2.9619474,10.435908
IGHV1-69,14,other,6.2485085,6.5570717
PIK3CD,1,other,5.5042295,4.982575
ANKRD13D,14,other,6.066917,6.4383864
IGHV4-31,8,other,-0.31988344,12.794512
SMARCA4,3,other,-5.668876,10.856798
ZFYVE21,6,other,4.09603,10.609887
ACSL4,13,other,3.0836866,11.817415
STC1,3,other,-5.750622,12.436467
ZMIZ1,3,other,-5.9515343,12.364547
TULP4,3,other,-5.367745,12.77816
MYO1D,2,other,1.9930743,12.477179
OSR1,13,other,2.2637742,11.537999
RND3,13,other,2.5750716,11.41035
EEA1,2,other,1.927027,11.255071
ACSL1,4,other,4.4975443,8.622042
THBD,4,other,4.8640537,8.416137
MRPL46,10,other,-5.829954,8.88405
CHP1,10,other,-5.6156206,8.578118
CREBBP,17,other,-2.1267247,12.881403
CCDC91,17,other,-1.8471859,12.948571
KAT6A,3,other,-5.0524573,7.7077236
BET1,11,other,-2.9676776,11.643064
BICC1,13,other,3.2621832,11.709252
ANKRD37,3,other,-5.5854993,13.135113
HSPA6,12,other,-0.9327781,10.137983
SMIM15,3,other,-4.3126154,11.182583
KANSL1,14,other,5.3466644,5.537436
VAMP3,6,other,3.1762595,9.326746
CEBPG,10,other,-5.604626,8.937392
OGFRL1,8,other,-3.4235487,10.203274
SURF2,17,other,-2.003888,12.764911
TRBV7-3,17,other,-2.2214808,12.583794
ICMT,8,other,-3.1533358,10.422077
PDE7A,14,other,5.780237,5.8143125
CXXC5,3,other,-4.9936976,7.7876744
POLR2B,14,other,5.69387,6.249824
C6orf89,13,other,2.4162238,11.292276
GLS,14,other,6.019541,6.520842
PTGIS,13,other,2.3066607,11.572308
DPF2,17,other,-1.9828311,12.991997
BMPR2,6,other,3.4849539,10.312223
RELA,16,other,4.571287,5.3677998
MBOAT2,3,other,-5.4909964,12.138598
CASZ1,3,other,-6.053112,12.091977
TENT5C,8,other,-0.13612834,12.559741
MRPS28,12,other,-1.3461331,11.004531
UROS,3,other,-4.3646555,10.114537
ADAM9,4,other,4.3821244,8.82397
TMEM222,10,other,-5.4536796,8.49789
PLAA,10,other,-5.7581124,8.932568
TSEN15,10,other,-5.5871186,8.900019
SRPK1,11,other,-2.9405577,11.647914
C1QTNF3,2,other,1.839821,12.43865
FARSA,10,other,-5.6067667,8.713505
SIRT2,10,other,-5.7557616,8.674722
IGKV1-6,8,other,-0.7997457,12.951457
UBE2J2,8,other,-2.9231343,10.831151
CFI,6,other,4.4982324,10.634707
CDK10,14,other,6.1630225,6.4553103
UNC119,0,other,-3.387373,8.793239
NTPCR,11,other,-3.008866,11.607807
PCAT18,3,other,-4.89637,11.268017
EFHC1,3,other,-5.407299,11.733863
TMEM25,3,other,-5.6910415,11.533399
ABCC5,3,other,-5.485995,12.707932
RNASEK,4,other,5.4819136,6.706504
RBM23,17,other,-2.0203152,12.797875
TRIOBP,6,other,4.2153025,10.87355
BDH2,6,other,3.4024286,11.074182
TRBV4-2,14,other,5.853116,6.0456495
ATP8A1,14,other,5.751922,5.8254
HELZ,14,other,5.844549,6.0354323
HIPK2,3,other,-6.0467286,10.622936
ISCA2,3,other,-6.337463,10.639174
SSFA2,3,other,-5.4317617,12.612866
ALDH1A1,13,other,2.6390126,11.361388
TIMMDC1,10,other,-5.565331,8.808496
RAMMET,10,other,-5.8407717,8.939121
SLC35B2,8,other,-3.3829768,10.27453
LETMD1,17,other,-2.0429156,12.875959
DTYMK,8,other,-3.0579224,10.458171
FAM111A,14,other,5.907926,6.1034746
FRG1,3,other,-5.096561,7.7093163
TRAV38-2DV8,1,other,5.561041,4.002881
TXNL4A,11,other,-2.900314,11.123087
ACO2,11,other,-2.8728316,11.569685
BCL7C,11,other,-2.802722,11.311838
KLF9,13,other,2.718879,10.526581
HOOK2,3,other,-5.350796,11.650602
BCAT2,3,other,-5.464672,11.769845
MAPKAPK2,3,other,-5.906417,12.475694
THEM6,12,other,-1.2691618,10.281325
COPS7A,11,other,-2.8152316,9.661163
LY96,4,other,4.0085573,8.614916
TDP2,4,other,4.136212,8.642185
GNS,4,other,4.0660963,8.603694
BACH1,4,other,4.9355645,8.414462
CYFIP1,10,other,-5.7715364,8.580866
IFRD2,10,other,-5.8452773,8.702978
CUL4A,10,other,-4.90367,8.59755
SDAD1,17,other,-1.9853823,12.856129
POLE3,17,other,-1.8939841,12.880843
C1orf54,6,other,4.150823,10.508454
PIK3C2A,6,other,4.178978,10.694301
CD2BP2,16,other,3.9531083,6.47757
GTF2B,16,other,4.480682,6.1573606
MAN1A1,13,other,3.0601578,11.735224
FAM20C,13,other,3.0047982,11.659269
APBB2,3,other,-5.6855145,12.21037
SLC25A11,12,other,-1.2027395,10.059957
ZFHX4,13,other,2.208376,11.56495
ERBIN,1,other,5.440799,5.207872
ADGRG1,10,other,-5.757256,8.464592
PDCL3,10,other,-5.3728976,8.95051
DUSP11,17,other,-1.912733,12.992665
IVD,3,other,-6.104479,10.624575
SCG5,13,other,3.571246,12.370702
TLK1,1,other,5.0828238,4.433356
AHCYL1,3,other,-6.0223374,12.019556
GPX8,2,other,2.0744312,12.32478
GLIS2,2,other,1.9478893,12.44623
PSMA1,20,other,-1.65573,8.957499
ANGPTL1,13,other,2.3017478,11.492631
MED29,10,other,-5.779613,8.911259
CHCHD3,10,other,-4.8343263,8.617119
MFNG,17,other,-2.0713503,13.009851
DLD,8,other,-2.7617755,10.907154
CRYBG3,6,other,4.2183223,10.739991
RBM33,14,other,5.9804926,5.988514
PRKCB,16,other,4.5591526,6.5068865
MAPK13,3,other,-5.999178,10.769119
GATA3-AS1,3,other,-5.2982903,12.560302
KCTD3,3,other,-5.938684,11.999074
MICAL2,2,other,1.9226812,12.418892
C1orf198,2,other,2.0984395,12.478117
RPS6KB2,12,other,-1.4435592,10.517484
RIC8A,10,other,-5.832472,8.9543
IGKV3D-11,8,other,-0.61987513,12.923862
TAF11,17,other,-2.2002017,12.896904
TBC1D1,17,other,-2.0600164,12.479741
CRIM1,6,other,4.063773,10.466852
MIF4GD,16,other,4.0075803,6.7330027
STEAP1,13,other,3.0443814,11.713543
USP47,14,other,5.9613457,6.580706
ZNF552,3,other,-6.0111156,12.057222
SLC35E2B,3,other,-5.607588,11.814919
GADD45G,3,other,-5.5102386,13.080278
ARMC1,12,other,-1.3847315,10.930004
GAA,3,other,-4.5392632,10.313096
MIR99AHG,13,other,2.169165,11.535055
DRAM2,16,other,4.6854453,6.999054
ZCCHC7,16,other,4.800863,6.9799643
ESF1,8,other,-0.9167835,12.944041
CMAS,8,other,-3.1542938,10.332221
MRPL19,8,other,-3.047175,10.626195
MAP3K11,6,other,3.8340452,10.293707
ACVRL1,6,other,4.0706286,10.457873
MPRIP,6,other,3.0466428,10.515782
EHBP1L1,14,other,6.1505747,6.53526
PHC3,14,other,5.818185,6.02006
PI3,7,other,0.32689756,13.479286
LTBP1,13,other,2.9479642,11.726827
OLFM1,13,other,3.024334,11.83727
ENOSF1,3,other,-5.42124,11.624321
DCTN1,3,other,-5.540502,11.98388
VTA1,10,other,-5.7941785,8.78134
RENBP,10,other,-5.884081,8.373673
ANKRD49,17,other,-1.8455508,12.830459
SGCB,13,other,3.070227,11.666323
FGF10,13,other,3.1478581,11.708246
TNIK,19,other,-2.3552344,15.659064
MARVELD1,2,other,1.9402508,12.418947
PSMD14,10,other,-5.816531,8.640215
MED21,10,other,-5.8881845,8.517671
RFXANK,8,other,-3.4501781,10.368644
MRPS5,10,other,-4.8071694,8.777586
NUTM2A-AS1,17,other,-2.2429762,12.678369
TRIM69,17,other,-2.1457722,12.584403
PIGC,17,other,-1.8780975,12.796737
AHR,6,other,3.9103107,10.602464
DIP2A,14,other,5.8209186,6.0038915
GSPT1,20,other,-1.6674969,9.1290865
PRPF19,3,other,-5.5546484,10.939632
C1GALT1,11,other,-2.574822,11.77152
AARS,11,other,-3.0039084,11.649279
ARID4A,14,other,5.3997507,6.4667544
SMARCC1,3,other,5.13898,6.8221
TBC1D2B,13,other,3.4868934,11.916695
CERS6,3,other,-6.016272,12.253223
CYB5R1,3,other,-5.34111,11.683251
GOLIM4,2,other,2.4156406,12.157436
SLC2A1,2,other,-0.38075927,10.786406
AGFG1,4,other,4.8033667,8.580409
PTS,10,other,-5.5281134,8.869729
CCDC174,17,other,-1.9735408,12.903404
ST6GALNAC4,3,other,-6.3122845,10.505632
UAP1,11,other,-2.6869822,11.660716
FNDC3A,13,other,3.4114017,12.024359
COQ10B,11,other,-2.4553447,9.535806
LIX1L,1,other,4.8841357,5.2040076
GLCE,3,other,-5.39463,11.72166
CD300A,4,other,4.5139303,8.454279
CDC40,17,other,-2.0333948,12.9398775
BFAR,17,other,-2.1588893,12.87346
C22orf39,17,other,-1.9609832,13.064745
PITPNB,8,other,3.1443932,10.441851
ARHGAP25,16,other,4.401956,6.2819757
C6orf226,11,other,-3.030288,11.640219
KLK10,11,other,-3.0348077,11.500557
DNTTIP1,11,other,-2.9103303,11.640914
H6PD,13,other,3.185689,11.75975
AGO3,13,other,3.8999844,11.657362
ICA1,3,other,-5.1435857,11.427904
FN3K,3,other,-5.451254,12.245145
CD276,2,other,2.157716,12.274869
GOLM1,2,other,1.9899784,12.402023
MOCS2,2,other,1.4729866,10.298211
PFKFB3,4,other,4.8744855,8.407064
PARVB,4,other,4.469208,8.744563
ATP13A3,4,other,4.5890007,8.725685
PSMD12,10,other,-5.7092743,9.016113
VPS4A,17,other,-2.131697,12.908281
MED4,6,other,4.4464498,10.8603
CREBZF,14,other,5.974073,6.1358647
EML3,14,other,6.1015472,6.4983525
PUM2,14,other,6.078112,6.1914997
ANXA2R,16,other,4.579074,6.0161924
TUBGCP2,16,other,3.5986621,6.465501
SUDS3,3,other,-6.211202,10.658013
RSRC1,3,other,-5.819693,10.539032
MBTPS1,13,other,3.7107604,11.45754
LYPD3,3,other,-5.478044,11.898626
HEXIM1,3,other,-5.578699,13.0362
ITPR2,3,other,-5.561279,12.377174
KIAA0930,2,other,2.2281199,12.327417
ITPRIPL2,2,other,2.2253175,12.294174
UBQLN1,4,other,4.7232294,8.645713
BET1L,10,other,-5.7158313,8.925878
MKKS,17,other,-2.250924,12.853099
MAN1A2,6,other,4.2634106,11.121503
WASHC3,8,other,-0.20156556,12.636205
TRIM27,3,other,-3.3830824,8.876694
RGS14,1,other,4.6230707,5.3465014
PGM1,12,other,-1.4595143,10.963401
CEP170,4,other,3.9563675,8.896893
GK5,14,other,5.5386405,5.5365543
RECQL,6,other,2.7164745,10.709129
LRPPRC,14,other,5.456176,5.568924
COMMD4,10,other,-5.5435877,8.742538
ATP6V1E1,10,other,-5.349547,8.455316
SMIM10L1,10,other,-5.7912908,8.751715
DNAJC10,6,other,4.376606,11.051288
PEF1,3,other,-5.82736,10.913098
CD302,13,other,3.15254,11.725534
SMAD2,6,other,3.848273,11.232706
TCTN3,13,other,3.6704874,12.058723
RFTN1,14,other,5.753181,5.5188994
IQGAP2,1,other,5.0223174,4.9265513
DCAF8,3,other,-5.496238,11.725338
MKNK2,3,other,-6.152454,12.331869
LDLRAD3,3,other,-5.386155,12.77767
GOPC,2,other,-1.0737041,12.025043
C7,13,other,2.8504884,11.138745
DICER1,4,other,4.552119,8.696326
PEPD,10,other,-5.8951163,8.461172
IRAK1,10,other,-5.913244,8.447509
TOM1,10,other,-5.8395805,8.451181
HSD17B12,6,other,4.061439,10.847837
SMAD5,6,other,3.4080234,10.593606
NLRP1,14,other,5.923917,5.9133835
UBA3,16,other,4.2601295,6.555164
MSL3,16,other,4.55747,6.556175
PROS1,13,other,2.9377468,11.487113
CHSY1,13,other,3.5891573,12.153382
KDSR,2,other,1.571217,11.87809
TMEM181,3,other,-5.4722185,12.795154
CERS4,3,other,-5.525603,11.567837
TTC39A,3,other,-5.648526,11.42054
SERTAD3,3,other,-5.2240915,11.455629
AGL,3,other,-5.395568,12.763817
ARHGAP1,2,other,1.9671133,12.398577
NAPRT,12,other,-1.2443553,10.983041
REG1A,12,other,-1.432444,10.984153
DERL2,4,other,4.882492,8.259833
MTHFS,10,other,-5.6591616,8.855095
KLF10,13,other,2.3524716,11.443027
CFAP97,17,other,-2.1833866,12.831022
MBD4,16,other,4.714059,6.954513
MRPS10,8,other,-2.9410439,10.707194
GPR108,8,other,-2.969319,10.627617
TMEM263,6,other,3.5739682,11.548699
FASTK,14,other,6.3092933,6.5893564
EGFL6,13,other,3.6628127,12.484495
FNBP1L,3,other,-5.4700813,11.629259
LINC01238,3,other,-5.3341265,12.626726
CACNB3,3,other,-5.6537786,12.120684
TMEM150C,3,other,-5.356895,11.767058
DEDD,10,other,-5.9153867,8.352331
LXN,2,other,1.8739736,11.901061
RANGRF,17,other,-2.2006824,12.869606
NUDT1,17,other,-1.9476684,13.007761
FIP1L1,6,other,4.1432486,11.237192
KRT16,11,other,-2.7679994,11.666796
REPIN1,3,other,-5.854905,12.100041
PNKP,3,other,-5.7186837,12.012266
PLEKHO1,4,other,4.070768,8.455836
CTDSP2,2,other,2.0579658,12.365209
NOV,2,other,1.9498066,12.288421
QKI,4,other,4.3893094,8.718384
C15orf40,10,other,-5.68574,8.788716
AP2A1,6,other,2.279367,10.044965
NES,6,other,4.3283677,10.764754
TIMM9,3,other,-6.3571005,10.630752
B4GALT3,7,other,1.6595365,14.754311
PGF,13,other,3.0782309,12.199757
HYI,3,other,-5.495536,11.673197
ZNF32,3,other,-5.1748424,12.466553
KIAA0040,3,other,-5.042301,11.277914
AC008663.1,3,other,-5.4731245,11.348871
MINDY2,2,other,2.09589,12.435031
RIN2,2,other,2.0416758,12.548637
TM9SF3,6,other,4.3213778,10.847961
SEPT10,6,other,4.224347,10.393851
NMRK1,14,other,5.748039,5.631635
MTMR14,16,other,4.4531174,6.527027
C12orf10,3,other,-6.1382346,10.617337
SCYL1,3,other,-6.0706487,10.580923
NUDT3,11,other,-2.783523,11.778786
TRIB1,3,other,-5.5114903,12.974195
PCGF2,3,other,-5.553793,11.865809
GNAQ,3,other,-5.6811695,12.54542
PLA2G12A,3,other,-5.910843,11.940145
SNRPN,8,other,-0.060592674,12.614459
CCL19,7,other,1.6453189,13.414937
GCA,4,other,4.1383996,8.255652
POP4,10,other,-5.7015915,8.879082
SEC23A,2,other,3.1926126,11.868432
PCF11,14,other,5.9747143,5.9285192
CWF19L2,14,other,6.0376096,6.1358833
SUCLG2,20,other,-1.7310537,9.080804
STAT6,16,other,4.285346,6.259682
PRKX,11,other,-2.986404,11.799293
THBS4,6,other,2.8230658,10.398007
TRAK2,3,other,-5.280358,11.620359
POLR3K,3,other,-5.212925,12.739093
CCNG2,3,other,-5.946386,12.189905
DDX27,16,other,4.578143,6.612661
TFPT,3,other,-6.255169,10.657879
FAM50B,11,other,-2.998715,11.635906
NUDT14,3,other,-5.389671,12.941921
PPM1M,1,other,5.2486873,3.9689188
IFT20,21,other,-4.602088,6.623575
ATN1,2,other,2.0387185,12.403132
SMYD2,12,other,-1.1146394,10.170803
TOR3A,8,other,-0.61528957,12.897077
PCGF5,18,other,1.9658377,2.9097018
DAZAP1,10,other,-5.015053,8.619301
ZDHHC3,8,other,-2.7509384,10.838858
FLII,8,other,-0.51517093,12.928064
GTF2F1,3,other,-5.995133,10.828429
ATL3,11,other,-2.889128,11.794765
CHMP3,11,other,-2.8935778,11.669549
TP53I11,3,other,-5.4758477,11.862332
MAD2L2,7,other,-2.282257,12.150719
UBE2D1,4,other,4.556258,8.5631695
CORO1C,4,other,4.540811,8.852666
PTGER2,4,other,4.872609,8.325358
TBC1D5,6,other,4.134734,11.119244
ARRDC3,13,other,3.2779026,11.6668005
PUM1,3,other,-5.6220646,11.871529
OSBPL1A,3,other,-4.578754,10.618056
NFATC3,14,other,5.8476887,5.7298565
VPS25,3,other,-5.1153607,7.737199
REV3L,13,other,3.7016947,11.495052
TM7SF2,3,other,-5.5205607,12.279125
AC100810.1,3,other,-5.359645,12.71222
TBPL1,19,other,-0.4648574,13.222805
UBE2E2,2,other,2.0623186,12.337407
METTL7A,13,other,2.667185,11.448442
HK1,4,other,4.6396103,8.730581
FOPNL,10,other,-5.745053,8.811793
MARCH7,14,other,6.1162305,6.1263924
APEH,3,other,-6.1928377,10.660247
DCUN1D5,3,other,-5.980291,10.802488
ABI2,13,other,3.755859,11.886221
WAPL,14,other,5.976867,5.809658
SPATA20,3,other,-5.671139,11.608299
JPT2,3,other,-5.6823554,11.981416
AP1G2,3,other,-4.6205635,11.25115
BCAS2,8,other,-0.05807603,12.68637
RFX5,8,other,-3.3428862,10.402662
TRAF7,8,other,-3.2869642,10.393768
ETNK1,8,other,-0.8805389,11.617128
UBAP2L,8,other,-2.740144,10.544821
FUBP1,14,other,6.02643,6.209626
XPNPEP1,7,other,3.7186587,11.762174
CCDC25,13,other,3.867213,11.707404
DDX50,14,other,6.1719146,6.2450852
C5orf24,3,other,-5.4808254,12.795742
TSPYL1,3,other,-5.539901,11.418866
CANT1,3,other,-5.736527,11.919288
FAM120AOS,3,other,-5.595909,11.92157
SLC38A10,2,other,2.159412,12.300834
IGFLR1,1,other,5.1054173,4.440834
TOX4,9,other,-1.4614877,12.201789
SRP54,14,other,5.506061,5.482397
SIRPA,4,other,4.289166,8.616576
ESYT1,1,other,5.817823,5.3469563
UBE2V1,14,other,6.0478783,6.331168
CCM2,14,other,5.9077272,5.9496756
TMEM35B,1,other,5.609276,4.968177
TMEM106B,3,other,-5.084935,7.859257
NSUN5,16,other,4.1889153,6.343669
ACTR1A,7,other,-0.52953815,12.721712
CSNK1E,6,other,3.603571,10.450382
CREB3L2,13,other,3.1311593,11.767273
SQOR,4,other,4.202851,8.306954
NMB,2,other,0.1826371,10.9637575
ZNHIT3,3,other,-5.548787,10.81864
TARS,11,other,-2.9452112,11.539091
GABARAPL1,13,other,5.2892623,6.880139
RAD50,13,other,3.8139744,11.387034
ARID1A,3,other,-5.910668,12.419028
LURAP1L,3,other,-5.466494,12.478276
NXT1,12,other,-1.4488981,11.106685
SEC22B,4,other,4.9100485,8.502899
UBTF,14,other,5.332539,6.3400173
USP14,3,other,-5.1470084,7.7864237
ZFAND3,11,other,-2.6259553,11.722256
IST1,14,other,6.0696898,6.3327093
NARS,3,other,-5.9786673,10.5808115
RCOR3,3,other,-5.4567504,11.543128
PPP2R2A,3,other,-5.42101,12.786976
TNS3,2,other,2.4053967,11.944617
SKI,2,other,2.1411695,12.39369
SMIM20,8,other,0.6935876,13.517771
FAM208A,14,other,6.1727357,6.2380238
KIAA0319L,3,other,-5.8091664,12.281763
ZNF385A,3,other,-5.443661,12.439205
PFDN6,11,other,-3.0836418,11.588812
TCN1,3,other,-5.5192003,11.185154
USP53,13,other,2.6262121,11.451958
SVBP,4,other,4.0581408,8.176886
DNTTIP2,16,other,5.0166426,6.674683
CISD1,17,other,-1.1314884,11.974529
CCDC115,16,other,4.1095037,6.511217
CYB5B,11,other,-2.876416,11.375909
EPB41L2,13,other,2.4122746,11.42877
SDHD,6,other,2.7923164,10.178244
USO1,2,other,2.218364,12.334958
IFNAR1,4,other,4.3053193,8.596479
GNG12,13,other,2.2583723,11.369046
ISCA1,3,other,-4.5711837,10.5314455
